batter,full_name,birth_date,height,weight,current_age,bat_side,throw_hand,primary_position,height_inches
465668,Roger Bernadina,1984-06-12,"6' 2""",210,41,L,L,LF,74
488681,Brandon Barnes,1986-05-15,"6' 2""",210,39,R,R,CF,74
430652,Jason Bourgeois,1982-01-04,"5' 9""",195,44,R,R,CF,69
542436,Cristhian Adames,1991-07-26,"5' 11""",217,34,S,R,SS,71
572287,Mike Zunino,1991-03-25,"6' 2""",235,35,R,R,C,74
518614,Daniel Descalso,1986-10-19,"5' 10""",190,39,L,R,2B,70
642094,Tyler Smith,1991-07-01,"6' 0""",195,34,R,R,SS,72
605486,Cory Spangenberg,1991-03-16,"6' 0""",195,35,L,R,2B,72
623182,Patrick Kivlehan,1989-12-22,"6' 2""",215,36,R,R,RF,74
541608,Ramón Cabrera,1989-11-05,"5' 8""",195,36,S,R,C,68
571976,Wil Myers,1990-12-10,"6' 3""",207,35,R,R,1B,75
453311,Tim Lincecum,1984-06-15,"5' 11""",170,41,L,R,P,71
506560,Alexi Amarista,1989-04-06,"5' 6""",160,37,L,R,SS,66
592621,Kyle Parker,1989-09-30,"6' 0""",205,36,R,R,LF,72
592835,Kyle Waldrop,1991-11-26,"6' 2""",215,34,L,L,RF,74
592637,D.J. Peterson,1991-12-31,"6' 1""",210,34,R,R,1B,73
594011,Rosell Herrera,1992-10-16,"6' 3""",180,33,S,R,2B,75
430001,Rickie Weeks Jr.,1982-09-13,"6' 0""",210,43,R,R,2B,72
468406,Jonathan Herrera,1984-11-03,"5' 9""",180,41,S,R,2B,69
477165,Brett Wallace,1986-08-26,"6' 2""",250,39,L,R,1B,74
424325,David Ross,1977-03-19,"6' 2""",230,49,R,R,C,74
491696,Jesús Sucre,1988-04-30,"6' 0""",200,38,R,R,C,72
572804,Cody Decker,1987-01-17,"5' 11""",218,39,R,R,1B,71
502374,Michael McKenry,1985-03-04,"5' 10""",205,41,R,R,C,70
443558,Nelson Cruz,1980-07-01,"6' 2""",230,45,R,R,DH,74
519025,Will Middlebrooks,1988-09-09,"6' 3""",220,37,R,R,3B,75
519304,Neftali Soto,1989-02-28,"6' 1""",210,37,R,R,1B,73
474832,Brandon Belt,1988-04-20,"6' 3""",230,38,L,L,1B,75
457763,Buster Posey,1987-03-27,"6' 1""",213,39,R,R,C,73
501647,Wilin Rosario,1989-02-23,"5' 11""",225,37,R,R,C,71
598284,Peter O'Brien,1990-07-15,"6' 4""",225,35,R,R,1B,76
605509,Kelby Tomlinson,1990-06-16,"6' 2""",175,35,R,R,2B,74
458085,Chris Coghlan,1985-06-18,"6' 0""",195,40,L,R,LF,72
542970,Buck Britton,1986-05-16,"6' 0""",170,39,L,R,3B,72
608385,Jesse Winker,1993-08-17,"6' 2""",206,32,L,L,LF,74
596115,Trevor Story,1992-11-15,"6' 1""",209,33,R,R,SS,73
444843,Andre Ethier,1982-04-10,"6' 2""",210,44,L,L,RF,74
434624,Jayson Nix,1982-08-26,"5' 11""",195,43,R,R,3B,71
592620,Jarrett Parker,1989-01-01,"6' 4""",225,37,L,L,RF,76
429664,Robinson Canó,1982-10-22,"6' 0""",212,43,L,R,2B,72
408047,Justin Morneau,1981-05-15,"6' 4""",220,44,L,R,1B,76
425567,Alex Rios,1981-02-18,"6' 5""",210,45,R,R,RF,77
628326,Erisbel Arruebarrena,1990-03-25,"6' 1""",230,36,R,R,SS,73
573650,Julio Morban,1992-02-13,"6' 1""",210,34,L,L,RF,73
518735,Yasmani Grandal,1988-11-08,"6' 2""",225,37,S,R,C,74
501986,Cedric Hunter,1988-03-10,"5' 11""",200,38,L,L,LF,71
553993,Eugenio Suárez,1991-07-18,"5' 11""",213,34,R,R,3B,71
425496,Cody Ross,1980-12-23,"5' 11""",195,45,R,L,RF,71
457574,Jordan Pacheco,1986-01-30,"6' 1""",200,40,R,R,1B,73
434636,Ángel Pagán,1981-07-02,"6' 2""",200,44,S,R,CF,74
408236,Adrián González,1982-05-08,"6' 2""",215,43,L,L,1B,74
592596,Rico Noel,1989-01-11,"5' 8""",170,37,R,R,DH,68
519083,Derek Norris,1989-02-14,"6' 0""",235,37,R,R,C,72
434778,Kendrys Morales,1983-06-20,"6' 1""",242,42,S,R,DH,73
648717,Alex Guerrero,1986-11-20,"6' 1""",220,39,R,R,LF,73
460003,Taylor Teagarden,1983-12-21,"6' 0""",210,42,R,R,C,72
465784,Everth Cabrera,1986-11-17,"5' 10""",190,39,S,R,SS,70
452234,Seth Smith,1982-09-30,"6' 3""",210,43,L,L,LF,75
541650,Hernán Pérez,1991-03-26,"6' 0""",213,35,R,R,SS,72
571448,Nolan Arenado,1991-04-16,"6' 2""",215,35,R,R,3B,74
599096,Dilson Herrera,1994-03-03,"5' 10""",210,32,R,R,2B,70
592669,Hunter Renfroe,1992-01-28,"6' 1""",230,34,R,R,RF,73
458689,Chris Dominguez,1986-11-22,"6' 4""",235,39,R,R,LF,76
276519,Jimmy Rollins,1978-11-27,"5' 7""",175,47,S,R,SS,67
456544,Eric Farris,1986-03-03,"5' 9""",180,40,R,R,2B,69
630111,Yasmany Tomás,1990-11-14,"6' 2""",260,35,R,R,RF,74
445933,Bryan LaHair,1982-11-05,"6' 5""",245,43,L,R,1B,77
592506,Taylor Lindsey,1991-12-02,"6' 0""",195,34,L,R,2B,72
543939,Kolten Wong,1990-10-10,"5' 7""",185,35,L,R,2B,67
593647,Sócrates Brito,1992-09-06,"6' 2""",205,33,L,L,RF,74
592178,Kris Bryant,1992-01-04,"6' 5""",240,34,R,R,DH,77
608701,Rob Refsnyder,1991-03-26,"5' 11""",215,35,R,R,RF,71
407862,Reed Johnson,1976-12-08,"5' 10""",185,49,R,R,LF,70
593495,Daniel Castro,1992-11-14,"5' 11""",201,33,R,R,2B,71
594807,Adam Duvall,1988-09-04,"6' 1""",233,37,R,R,LF,73
501800,Allen Craig,1984-07-18,"6' 2""",215,41,R,R,1B,74
544925,Matthew den Dekker,1987-08-10,"6' 2""",210,38,L,L,LF,74
502117,Kristopher Negrón,1986-02-01,"6' 0""",190,40,R,R,3B,72
448674,Doug Bernier,1980-06-24,"6' 1""",185,45,R,R,SS,73
458252,Irving Falu,1983-06-06,"5' 9""",185,42,S,R,2B,69
519208,Clint Robinson,1985-02-16,"6' 5""",240,41,L,L,1B,77
523265,Tommy Medica,1988-04-09,"6' 2""",205,38,R,R,1B,74
488671,Alex Avila,1987-01-29,"5' 11""",228,39,L,R,C,71
572182,Darnell Sweeney,1991-02-01,"6' 1""",205,35,S,R,LF,73
592239,Todd Cunningham,1989-03-20,"6' 0""",205,37,S,R,LF,72
517369,José Pirela,1989-11-21,"6' 0""",220,36,R,R,LF,72
457706,Austin Jackson,1987-02-01,"6' 1""",198,39,R,R,CF,73
457454,Jarrod Saltalamacchia,1985-05-02,"6' 4""",235,41,S,R,C,76
444432,Mark Trumbo,1986-01-16,"6' 4""",225,40,R,R,1B,76
460099,Nolan Reimold,1983-10-12,"6' 4""",205,42,R,R,LF,76
425565,Guillermo Quiroz,1981-11-29,"6' 1""",215,44,R,R,C,73
594694,Wilmer Difo,1992-04-02,"5' 10""",200,34,S,R,SS,70
453269,Brennan Boesch,1985-04-12,"6' 4""",225,41,L,L,RF,76
543333,Eric Hosmer,1989-10-24,"6' 4""",226,36,L,L,1B,76
592680,Yadiel Rivera,1992-05-02,"6' 3""",190,34,R,R,SS,75
594988,Scott Schebler,1990-10-06,"6' 1""",228,35,L,R,RF,73
570560,Yolmer Sánchez,1992-06-29,"5' 8""",210,33,S,R,3B,68
514913,Rubén Tejada,1989-10-27,"5' 11""",200,36,R,R,SS,71
500208,Yangervis Solarte,1987-07-03,"5' 11""",220,38,S,R,3B,71
518902,Pete Kozma,1988-04-11,"6' 0""",190,38,R,R,SS,72
517370,Jimmy Paredes,1988-11-25,"6' 3""",230,37,S,R,DH,75
457789,Jemile Weeks,1987-01-26,"5' 9""",170,39,S,R,2B,69
519023,Devin Mesoraco,1988-06-19,"6' 1""",229,37,R,R,C,73
595751,Jorge Alfaro,1993-06-11,"6' 1""",243,32,R,R,C,73
624414,Christian Arroyo,1995-05-30,"6' 0""",220,30,R,R,2B,72
503429,Walter Ibarra,1987-11-01,"5' 11""",180,38,S,R,SS,71
518568,Christian Colón,1989-05-14,"5' 10""",215,36,R,R,2B,70
605474,Matt Skole,1989-07-30,"6' 4""",220,36,L,R,DH,76
623250,Mitch Delfino,1991-01-13,"6' 2""",210,35,R,R,3B,74
543590,Kirk Nieuwenhuis,1987-08-07,"6' 3""",225,38,L,R,CF,75
605412,Joe Panik,1990-10-30,"6' 1""",205,35,L,R,2B,73
474443,Iván De Jesús Jr.,1987-05-01,"5' 11""",200,39,R,R,2B,71
598265,Jackie Bradley Jr.,1990-04-19,"5' 10""",196,36,L,R,CF,70
624585,Jorge Soler,1992-02-25,"6' 3""",235,34,R,R,RF,75
543105,Alex Dickerson,1990-05-26,"6' 2""",226,35,L,L,LF,74
519082,Nick Noonan,1989-05-04,"6' 1""",185,37,L,R,2B,73
501961,Derrick Robinson,1987-09-28,"5' 11""",190,38,S,L,CF,71
542941,Dan Black,1987-07-02,"6' 4""",255,38,S,R,1B,76
542364,Rafael Ortega,1991-05-15,"6' 0""",200,34,L,R,CF,72
592273,Brandon Drury,1992-08-21,"6' 1""",225,33,R,R,3B,73
605343,Daniel Lockhart,1992-11-04,"5' 11""",175,33,L,R,2B,71
543305,Aaron Hicks,1989-10-02,"6' 1""",205,36,S,R,CF,73
400085,Ichiro Suzuki,1973-10-22,"5' 11""",175,52,L,R,RF,71
543768,Travis Shaw,1990-04-16,"6' 4""",230,36,L,R,3B,76
503351,Blake Lalli,1983-05-12,"6' 1""",210,42,L,R,1B,73
407833,John Buck,1980-07-07,"6' 3""",245,45,R,R,C,75
571875,Jake Lamb,1990-10-09,"6' 3""",220,35,L,R,1B,75
516416,Jean Segura,1990-03-17,"5' 10""",220,36,R,R,SS,70
493316,Yoenis Cespedes,1985-10-18,"5' 11""",225,40,R,R,LF,71
571506,Justin Bour,1988-05-28,"6' 4""",270,37,L,R,1B,76
518502,Gary Brown,1988-09-28,"6' 1""",190,37,R,R,CF,73
488810,Tony Cruz,1986-08-18,"5' 11""",215,39,R,R,C,71
527049,César Puello,1991-04-01,"6' 2""",220,35,R,R,RF,74
429711,Franklin Gutierrez,1983-02-21,"6' 2""",200,43,R,R,CF,74
543760,Marcus Semien,1990-09-17,"6' 0""",195,35,R,R,2B,72
595909,Jake Cave,1992-12-04,"6' 0""",200,33,L,L,CF,72
516949,Héctor Sánchez,1989-11-17,"6' 0""",220,36,S,R,C,72
621035,Chris Taylor,1990-08-29,"6' 0""",196,35,R,R,CF,72
471083,Miguel Montero,1983-07-09,"5' 11""",221,42,L,R,C,71
150229,A.J. Pierzynski,1976-12-30,"6' 3""",250,49,L,R,C,75
493472,Eric Campbell,1987-04-09,"6' 3""",215,39,R,R,3B,75
518490,Bryce Brentz,1988-12-30,"6' 0""",215,37,R,R,LF,72
444876,Alcides Escobar,1986-12-16,"6' 1""",205,39,R,R,SS,73
518530,Xorge Carrillo,1989-04-12,"6' 1""",235,37,R,R,C,73
452095,Tyler Flowers,1986-01-24,"6' 4""",260,40,R,R,C,76
542642,Rymer Liriano,1991-06-20,"6' 0""",230,34,R,R,RF,72
425557,Jeff Baker,1981-06-21,"6' 2""",220,44,R,R,2B,74
346874,Juan Uribe,1979-03-22,"6' 0""",245,47,R,R,SS,72
592206,Nick Castellanos,1992-03-04,"6' 3""",203,34,R,R,RF,75
596146,Max Kepler,1993-02-10,"6' 4""",225,33,L,L,LF,76
455369,Ramiro Pena,1985-07-18,"5' 11""",200,40,S,R,3B,71
460269,Chris Gimenez,1982-12-27,"6' 2""",230,43,R,R,C,74
456124,Erik Kratz,1980-06-15,"6' 4""",250,45,R,R,C,76
621445,Courtney Hawkins,1993-11-12,"6' 3""",245,32,R,R,LF,75
450315,Brandon Allen,1986-02-12,"6' 2""",230,40,L,R,1B,74
596028,Tyler Marlette,1993-01-23,"5' 11""",195,33,R,R,C,71
461416,Will Venable,1982-10-29,"6' 3""",205,43,L,L,RF,75
543228,Yan Gomes,1987-07-19,"6' 2""",212,38,R,R,C,74
519128,Bryan Petersen,1986-04-09,"6' 0""",200,40,L,R,LF,72
607632,Chris Mariscal,1993-04-26,"5' 10""",170,33,R,R,2B,70
424825,Coco Crisp,1979-11-01,"5' 10""",185,46,S,R,CF,70
592518,Manny Machado,1992-07-06,"6' 2""",218,33,R,R,3B,74
606299,José Peraza,1994-04-30,"6' 0""",210,32,R,R,2B,72
430910,Brayan Peña,1982-01-07,"5' 9""",240,44,S,R,C,69
445988,Martín Prado,1983-10-27,"6' 0""",215,42,R,R,3B,72
574831,Michael Choice,1989-11-10,"6' 0""",230,36,R,R,LF,72
457449,Jamie Romak,1985-09-30,"6' 2""",220,40,R,R,RF,74
600524,Renato Núñez,1994-04-04,"6' 1""",220,32,R,R,3B,73
458582,Reid Brignac,1986-01-16,"6' 2""",197,40,L,R,SS,74
608700,Kevin Plawecki,1991-02-26,"6' 2""",208,35,R,R,C,74
600303,Tommy La Stella,1989-01-31,"5' 11""",180,37,L,R,2B,71
448605,Justin Ruggiano,1982-04-12,"6' 1""",210,44,R,R,CF,73
456715,Lorenzo Cain,1986-04-13,"6' 2""",214,40,R,R,CF,74
473724,Matt McBride,1985-05-23,"6' 2""",215,40,R,R,RF,74
430404,Jonny Gomes,1980-11-22,"6' 1""",230,45,R,R,LF,73
543216,Conor Gillaspie,1987-07-18,"6' 1""",195,38,L,R,3B,73
571697,Scooter Gennett,1990-05-01,"5' 10""",185,36,L,R,2B,70
608325,Gavin Cecchini,1993-12-22,"6' 2""",200,32,R,R,SS,74
474494,Tommy Field,1987-02-22,"5' 10""",185,39,R,R,2B,70
519317,Giancarlo Stanton,1989-11-08,"6' 5""",245,36,R,R,DH,77
645848,Dariel Álvarez,1988-11-07,"6' 2""",180,37,R,R,RF,74
502544,Nick Buss,1986-12-15,"6' 2""",190,39,L,R,LF,74
537953,Daniel Nava,1983-02-22,"5' 10""",195,43,S,L,LF,70
506747,Francisco Peña,1989-10-12,"6' 2""",230,36,R,R,C,74
570267,Domingo Santana,1992-08-05,"6' 5""",232,33,R,R,RF,77
407781,Marlon Byrd,1977-08-30,"6' 0""",245,48,R,R,CF,72
448242,Tony Gwynn Jr.,1982-10-04,"6' 0""",190,43,L,R,CF,72
544725,Leury García,1991-03-18,"5' 8""",190,35,S,R,OF,68
431145,Russell Martin,1983-02-15,"5' 10""",215,43,R,R,C,70
453539,Sam Fuld,1981-11-20,"5' 9""",180,44,L,L,LF,69
431094,Aaron Hill,1982-03-21,"5' 11""",200,44,R,R,2B,71
543543,Brad Miller,1989-10-18,"6' 2""",195,36,L,R,SS,74
591994,Willy García,1992-09-04,"6' 2""",215,33,R,R,LF,74
542994,Joey Butler,1986-03-12,"6' 2""",220,40,R,R,DH,74
502110,J.D. Martinez,1987-08-21,"6' 3""",230,38,R,R,DH,75
518542,Juan Centeno,1989-11-16,"5' 9""",195,36,L,R,C,69
502100,Alex Presley,1985-07-25,"5' 10""",195,40,L,L,LF,70
570481,Erik González,1991-08-31,"6' 2""",205,34,R,R,2B,74
425560,Adam LaRoche,1979-11-06,"6' 2""",205,46,L,L,1B,74
445095,Jason Pridie,1983-10-09,"6' 1""",205,42,L,R,CF,73
489267,Adam Rosales,1983-05-20,"6' 2""",200,42,R,R,SS,74
622441,Rafael Bautista,1993-03-08,"6' 2""",194,33,R,R,RF,74
458913,Eric Young Jr.,1985-05-25,"5' 10""",195,40,S,R,LF,70
488703,Jeff Bianchi,1986-10-05,"5' 11""",185,39,R,R,3B,71
502125,Tyler Colvin,1985-09-05,"6' 3""",210,40,L,L,RF,75
576788,Dan Butler,1986-10-17,"5' 10""",210,39,R,R,C,70
518595,Travis d'Arnaud,1989-02-10,"6' 0""",210,37,R,R,C,72
554429,Dustin Ackley,1988-02-26,"6' 1""",205,38,L,R,2B,73
542513,Tomás Telis,1991-06-18,"5' 8""",220,34,S,R,C,68
592122,Tyler Austin,1991-09-06,"6' 2""",220,34,R,R,1B,74
592261,Delino DeShields,1992-08-16,"5' 7""",190,33,R,R,CF,67
519306,Steven Souza Jr.,1989-04-24,"6' 4""",225,37,R,R,RF,76
519203,Anthony Rizzo,1989-08-08,"6' 3""",240,36,L,L,1B,75
573069,Chris O'Dowd,1990-10-04,"5' 11""",190,35,L,R,C,71
451088,Justin Sellers,1986-02-01,"5' 10""",175,40,R,R,SS,70
488689,Mike Baxter,1984-12-07,"6' 0""",205,41,L,R,RF,72
596019,Francisco Lindor,1993-11-14,"5' 10""",190,32,S,R,SS,70
594555,Garin Cecchini,1991-04-20,"6' 3""",220,35,L,R,3B,75
493351,Alexei Ramirez,1981-09-22,"6' 2""",180,44,R,R,SS,74
460055,John Mayberry Jr.,1983-12-21,"6' 6""",235,42,R,R,CF,78
407893,Mark Teixeira,1980-04-11,"6' 3""",225,46,S,R,1B,75
572910,Alex Hassan,1988-04-01,"6' 3""",220,38,R,R,RF,75
435558,Daric Barton,1985-08-16,"6' 0""",215,40,L,R,1B,72
608672,Micah Johnson,1990-12-18,"6' 0""",210,35,L,R,2B,72
501659,Abraham Almonte,1989-06-27,"5' 10""",223,36,S,R,OF,70
474892,Chris Carter,1986-12-18,"6' 4""",245,39,R,R,1B,76
502182,Steve Clevenger,1986-04-05,"5' 10""",210,40,L,R,C,70
467793,Carlos Santana,1986-04-08,"5' 10""",210,40,S,R,1B,70
542455,Oswaldo Arcia,1991-05-09,"6' 0""",225,34,L,R,RF,72
572284,Nelfi Zapata,1990-12-13,"6' 0""",205,35,R,R,C,72
543127,Cutter Dykstra,1989-06-29,"6' 0""",190,36,R,R,2B,72
346795,Endy Chavez,1978-02-07,"5' 11""",170,48,L,L,CF,71
605131,Austin Barnes,1989-12-28,"5' 9""",187,36,R,R,C,69
502034,Emmanuel Burriss,1985-01-17,"6' 0""",190,41,S,R,2B,72
502143,Danny Valencia,1984-09-19,"6' 2""",210,41,R,R,3B,74
518558,Matt Clark,1986-12-10,"6' 5""",230,39,L,R,1B,77
474233,Hank Conger,1988-01-29,"6' 2""",220,38,L,R,C,74
592885,Christian Yelich,1991-12-05,"6' 4""",220,34,L,R,LF,76
458210,Alexi Casilla,1984-07-20,"5' 9""",190,41,S,R,2B,69
518692,Freddie Freeman,1989-09-12,"6' 4""",220,36,L,R,1B,76
545338,Nick Franklin,1991-03-02,"6' 1""",190,35,S,R,2B,73
493114,Norichika Aoki,1982-01-05,"5' 9""",180,44,L,R,RF,69
452220,Stephen Drew,1983-03-16,"6' 0""",200,43,L,R,SS,72
596119,Blake Swihart,1992-04-03,"6' 0""",185,34,S,R,C,72
572365,Ryan Goins,1988-02-13,"5' 10""",180,38,L,R,2B,70
452215,Luke Montz,1983-07-07,"6' 1""",225,42,R,R,C,73
434567,Geovany Soto,1983-01-20,"6' 1""",225,43,R,R,C,73
541645,Avisaíl García,1991-06-12,"6' 4""",250,34,R,R,RF,76
458015,Joey Votto,1983-09-10,"6' 2""",220,42,L,R,1B,74
451089,Shane Peterson,1988-02-11,"6' 1""",196,38,L,L,LF,73
489365,Josh Thole,1986-10-28,"6' 1""",190,39,L,R,C,73
595453,Chad Wallach,1991-11-04,"6' 2""",246,34,R,R,C,74
658135,Daniel Carbonell,1991-03-29,"6' 3""",200,35,R,R,LF,75
607054,Jace Peterson,1990-05-09,"6' 0""",215,35,L,R,2B,72
527039,Jonathan Galvez,1991-01-18,"6' 2""",200,35,R,R,2B,74
572033,Josh Phegley,1988-02-12,"5' 10""",225,38,R,R,C,70
489305,Xavier Scruggs,1987-09-23,"6' 0""",215,38,R,R,1B,72
150212,Michael Cuddyer,1979-03-27,"6' 2""",220,47,R,R,RF,74
543706,Daniel Robertson,1985-09-30,"5' 11""",200,40,R,R,LF,71
543238,Anthony Gose,1990-08-10,"6' 0""",200,35,L,L,P,72
491676,Gorkys Hernández,1987-09-07,"6' 1""",196,38,R,R,CF,73
596144,Cheslor Cuthbert,1992-11-16,"6' 1""",190,33,R,R,3B,73
572393,Kyle Roller,1988-03-27,"6' 1""",250,38,L,R,1B,73
452239,Justin Maxwell,1983-11-06,"6' 4""",225,42,R,R,RF,76
543807,George Springer,1989-09-19,"6' 1""",220,36,R,R,DH,73
596143,Luis Sardinas,1993-05-16,"6' 1""",180,32,S,R,SS,73
542233,Audry Pérez,1988-12-23,"5' 10""",220,37,R,R,C,70
624424,Michael Conforto,1993-03-01,"5' 11""",215,33,L,R,RF,71
516811,Eury Pérez,1990-05-30,"6' 0""",190,35,R,R,LF,72
491640,Carlos Rivero,1988-05-20,"6' 3""",230,37,R,R,3B,75
455755,Chris Stewart,1982-02-19,"6' 4""",215,44,R,R,C,76
279827,Humberto Quintero,1979-08-02,"5' 10""",215,46,R,R,C,70
516770,Starlin Castro,1990-03-24,"6' 2""",218,36,R,R,SS,74
518545,Adron Chambers,1986-10-08,"5' 10""",200,39,L,L,LF,70
519068,Efren Navarro,1986-05-14,"6' 0""",210,39,L,L,1B,72
546991,Albert Almora Jr.,1994-04-16,"6' 0""",190,32,R,R,OF,72
592192,Mark Canha,1989-02-15,"6' 1""",200,37,R,R,LF,73
593806,Estarlyn Morales,1992-10-28,"6' 3""",180,33,R,R,RF,75
592710,Josh Rutledge,1989-04-21,"5' 11""",186,37,R,R,SS,71
445599,Scott Moore,1983-11-17,"6' 2""",195,42,L,R,3B,74
435625,Nate Schierholtz,1984-02-15,"6' 2""",215,42,L,R,RF,74
455077,Mike Carp,1986-06-30,"6' 0""",210,39,L,R,1B,72
446308,Matt Wieters,1986-05-21,"6' 5""",235,39,S,R,C,77
519107,Andy Parrino,1985-10-31,"6' 0""",185,40,S,R,SS,72
434158,Curtis Granderson,1981-03-16,"6' 1""",200,45,L,R,CF,73
573135,Tyler Saladino,1989-07-20,"6' 0""",200,36,R,R,3B,72
547989,José Abreu,1987-01-29,"6' 3""",250,39,R,R,1B,75
425542,Koyie Hill,1979-03-09,"6' 1""",205,47,S,R,C,73
435062,Howie Kendrick,1983-07-12,"5' 11""",225,42,R,R,2B,71
449181,Paulo Orlando,1985-11-01,"6' 2""",215,40,R,R,RF,74
607208,Trea Turner,1993-06-30,"6' 1""",185,32,R,R,SS,73
581527,Devon Travis,1991-02-21,"5' 9""",195,35,R,R,2B,69
527038,Wilmer Flores,1991-08-06,"6' 3""",225,34,R,R,1B,75
605512,Preston Tucker,1990-07-06,"6' 0""",210,35,L,L,LF,72
571841,Ty Kelly,1988-07-20,"6' 0""",180,37,S,R,LF,72
607776,Mac Williamson,1990-07-15,"6' 4""",237,35,R,R,LF,76
641531,Hunter Dozier,1991-08-22,"6' 4""",220,34,R,R,1B,76
489149,Logan Morrison,1987-08-25,"6' 3""",245,38,L,L,1B,75
592450,Aaron Judge,1992-04-26,"6' 7""",282,34,R,R,RF,79
448296,Ed Lucas,1982-05-21,"6' 3""",210,43,R,R,3B,75
488721,Peter Bourjos,1987-03-31,"6' 1""",190,39,R,R,CF,73
542194,Christian Bethancourt,1991-09-02,"6' 3""",205,34,R,R,1B,75
502082,Lonnie Chisenhall,1988-10-04,"6' 2""",190,37,L,R,3B,74
446481,Sean Rodríguez,1985-04-26,"6' 0""",199,41,R,R,2B,72
595373,Jack Reinheimer,1992-07-19,"6' 1""",185,33,R,R,SS,73
502481,Jarrod Dyson,1984-08-15,"5' 9""",165,41,L,R,CF,69
543459,Steve Lombardozzi Jr.,1988-09-20,"5' 11""",195,37,S,R,2B,71
545341,Randal Grichuk,1991-08-13,"6' 0""",210,34,R,R,LF,72
450204,Ben Francisco,1981-10-23,"6' 1""",195,44,R,R,LF,73
543434,Brett Lawrie,1990-01-18,"6' 0""",210,36,R,R,3B,72
592419,Jared Hoying,1989-05-18,"6' 3""",205,36,L,R,LF,75
456665,Steve Pearce,1983-04-13,"5' 11""",200,43,R,R,1B,71
593428,Xander Bogaerts,1992-10-01,"6' 2""",218,33,R,R,SS,74
606466,Ketel Marte,1993-10-12,"6' 0""",210,32,S,R,2B,72
501726,Juan Diaz,1988-12-12,"6' 4""",220,37,L,R,SS,76
518586,Charlie Culberson,1989-04-10,"6' 1""",200,37,R,R,3B,73
519445,Danny Worth,1985-09-30,"6' 1""",195,40,R,R,2B,73
543742,Jerry Sands,1987-09-28,"6' 4""",225,38,R,R,LF,76
608715,Eric Stamets,1991-09-25,"6' 0""",183,34,R,R,SS,72
519058,Mike Moustakas,1988-09-11,"6' 0""",230,37,L,R,3B,72
467143,Héctor Gómez,1988-03-05,"6' 3""",195,38,R,R,SS,75
501660,Zoilo Almonte,1989-06-10,"6' 0""",205,36,S,R,LF,72
502285,Tyler Ladendorf,1988-03-07,"5' 11""",195,38,R,R,2B,71
451109,Brett Hayes,1984-02-13,"6' 1""",210,42,R,R,C,73
571980,Tyler Naquin,1991-04-24,"6' 1""",202,35,L,R,P,73
518618,Derek Dietrich,1989-07-18,"6' 2""",205,36,L,R,2B,74
488771,Jason Castro,1987-06-18,"6' 3""",215,38,L,R,C,75
543484,Mikie Mahtook,1989-11-30,"6' 2""",220,36,R,R,CF,74
591720,Ronald Torreyes,1992-09-02,"5' 8""",155,33,R,R,SS,68
571812,Kyle Jensen,1988-05-20,"6' 3""",255,37,R,L,1B,75
502261,Cole Gillespie,1984-06-20,"6' 2""",215,41,R,R,LF,74
435063,Mike Napoli,1981-10-31,"6' 1""",225,44,R,R,1B,73
519071,Rey Navarro,1989-12-22,"5' 10""",185,36,S,R,2B,70
455104,Chris Iannetta,1983-04-08,"6' 0""",230,43,R,R,C,72
543257,Robbie Grossman,1989-09-16,"6' 0""",209,36,S,L,LF,72
553869,Elias Díaz,1990-11-17,"6' 1""",223,35,R,R,C,73
572122,Kyle Seager,1987-11-03,"6' 0""",216,38,L,R,3B,72
607680,Kevin Pillar,1989-01-04,"6' 0""",210,37,R,R,LF,72
553988,Dixon Machado,1992-02-22,"6' 0""",190,34,R,R,2B,72
642180,Tyler Wade,1994-11-23,"6' 0""",188,31,L,R,2B,72
573627,Kennys Vargas,1990-08-01,"6' 5""",290,35,S,R,1B,77
488726,Michael Brantley,1987-05-15,"6' 2""",209,38,L,L,DH,74
572191,Michael A. Taylor,1991-03-26,"6' 4""",215,35,R,R,RF,76
462564,Dan Uggla,1980-03-11,"5' 11""",210,46,R,R,2B,71
543569,Brent Morel,1987-04-21,"6' 2""",230,39,R,R,3B,74
476704,Jed Lowrie,1984-04-17,"6' 0""",180,42,S,R,SS,72
527043,Jefry Marte,1991-06-21,"6' 1""",220,34,R,R,1B,73
571918,Deven Marrero,1990-08-25,"6' 0""",190,35,R,R,3B,72
592663,J.T. Realmuto,1991-03-18,"6' 0""",212,35,R,R,C,72
621025,Avery Romero,1993-05-11,"5' 11""",195,32,R,R,2B,71
501245,Alfredo Marte,1989-03-31,"5' 11""",200,37,R,R,LF,71
543776,JB Shuck,1987-06-18,"5' 11""",195,38,L,L,LF,71
543068,C.J. Cron,1990-01-05,"6' 4""",235,36,R,R,1B,76
524968,Jesus Montero,1989-11-28,"6' 3""",235,35,R,R,DH,75
435079,Ian Kinsler,1982-06-22,"6' 0""",200,43,R,R,2B,72
518911,Andrew Lambo,1988-08-11,"6' 3""",220,37,L,L,RF,75
489262,Ryan Rohlinger,1983-10-07,"6' 0""",195,42,R,R,3B,72
448801,Chris Davis,1986-03-17,"6' 4""",255,40,L,R,1B,76
571970,Max Muncy,1990-08-25,"5' 10""",215,35,L,R,3B,70
434563,Carlos Ruiz,1979-01-22,"5' 10""",215,47,R,R,C,70
467055,Pablo Sandoval,1986-08-11,"5' 10""",268,39,S,R,3B,70
456714,Billy Butler,1986-04-18,"6' 0""",260,40,R,R,DH,72
592647,Dalton Pompey,1992-12-11,"6' 2""",200,33,S,R,CF,74
502003,Scott Sizemore,1985-01-04,"6' 0""",190,41,R,R,3B,72
446395,Corey Brown,1985-11-26,"6' 1""",200,40,L,L,LF,73
431151,David Wright,1982-12-20,"6' 0""",205,43,R,R,3B,72
471107,Elliot Johnson,1984-03-09,"6' 1""",190,42,S,R,SS,73
592166,Ryan Brett,1991-10-09,"5' 9""",180,34,R,R,2B,69
461815,David Murphy,1981-10-18,"6' 3""",210,44,L,L,LF,75
493364,Dayan Viciedo,1989-03-10,"5' 11""",240,37,R,R,LF,71
543829,Dee Strange-Gordon,1988-04-22,"5' 11""",166,38,L,R,2B,71
543002,Alden Carrithers,1984-11-14,"5' 10""",170,41,L,R,2B,70
434633,John Baker,1981-01-20,"6' 1""",215,45,L,R,C,73
467092,Wilson Ramos,1987-08-10,"6' 1""",241,38,R,R,C,73
572233,Christian Walker,1991-03-28,"5' 11""",208,35,R,R,1B,71
461858,Trevor Plouffe,1986-06-15,"6' 2""",215,39,R,R,3B,74
519222,Austin Romine,1988-11-22,"6' 1""",216,37,R,R,C,73
592231,Sean Coyle,1992-01-17,"5' 8""",175,34,R,R,2B,68
543744,Josh Satin,1984-12-23,"6' 2""",215,41,R,R,1B,74
425766,James Loney,1984-05-07,"6' 3""",235,41,L,L,1B,75
499864,Luis Jimenez,1988-01-18,"6' 1""",205,38,R,R,3B,73
429667,Ryan Howard,1979-11-19,"6' 4""",250,46,L,L,1B,76
514888,Jose Altuve,1990-05-06,"5' 6""",167,36,R,R,2B,66
594838,Phil Gosselin,1988-10-03,"6' 1""",188,37,R,R,2B,73
430948,Alberto Callaspo,1983-04-19,"5' 8""",210,43,S,R,3B,68
466320,Melky Cabrera,1984-08-11,"5' 10""",210,41,S,L,LF,70
605227,Taylor Featherston,1989-10-08,"6' 1""",185,36,R,R,3B,73
476270,Steve Tolleson,1983-11-01,"5' 11""",185,42,R,R,2B,71
430945,Adam Jones,1985-08-01,"6' 2""",215,40,R,R,CF,74
542979,Keon Broxton,1990-05-07,"6' 3""",200,35,R,R,CF,75
605478,Jordan Smith,1990-07-05,"6' 4""",235,35,L,R,RF,76
543932,Kenny Wilson,1990-01-30,"6' 0""",205,36,R,R,CF,72
573252,Travis Witherspoon,1989-04-16,"6' 2""",190,37,R,R,CF,74
514917,César Hernández,1990-05-23,"5' 10""",183,35,S,R,2B,70
641303,Forrestt Allday,1991-04-24,"5' 11""",190,35,L,L,CF,71
523261,Roger Kieschnick,1987-01-21,"6' 3""",225,39,L,R,LF,75
425543,Josh Wilson,1981-03-26,"6' 0""",175,45,R,R,SS,72
572039,Stephen Piscotty,1991-01-14,"6' 3""",211,35,R,R,RF,75
475253,Justin Smoak,1986-12-05,"6' 4""",220,39,S,L,1B,76
444489,Manny Piña,1987-06-05,"6' 0""",222,38,R,R,C,72
605253,Terrance Gore,1991-06-08,"5' 7""",160,34,R,R,LF,67
475582,Ryan Zimmerman,1984-09-28,"6' 3""",215,41,R,R,3B,75
641376,Justin Bohn,1992-11-02,"6' 0""",180,33,R,R,SS,72
467827,Gerardo Parra,1987-05-06,"5' 11""",209,39,L,L,LF,71
572714,Vince Belnome,1988-03-11,"5' 11""",205,38,L,R,DH,71
451594,Dexter Fowler,1986-03-22,"6' 5""",205,40,S,R,CF,77
596748,Maikel Franco,1992-08-26,"6' 1""",225,33,R,R,3B,73
446345,Michael Taylor,1985-12-19,"6' 5""",255,40,R,R,RF,77
450192,Luke Carlin,1980-12-20,"5' 10""",190,45,S,R,C,70
570797,Jordy Lara,1991-05-21,"6' 3""",215,34,R,R,1B,75
469810,Argenis Diaz,1987-02-12,"6' 0""",190,39,R,R,SS,72
571825,James Jones,1988-09-24,"6' 3""",205,37,L,L,CF,75
600948,Carlos Penalver,1994-05-17,"6' 0""",170,31,R,R,P,72
628356,Jung Ho Kang,1987-04-05,"6' 0""",210,39,R,R,3B,72
573131,Darin Ruf,1986-07-28,"6' 2""",232,39,R,R,1B,74
594983,Viosergy Rosa,1990-06-16,"6' 3""",185,35,L,L,1B,75
452104,Chase Headley,1984-05-09,"6' 2""",215,41,S,R,3B,74
446334,Evan Longoria,1985-10-07,"6' 1""",213,40,R,R,3B,73
501896,David Freese,1983-04-28,"6' 2""",213,43,R,R,3B,74
541600,Wilfredo Tovar,1991-08-11,"5' 7""",180,34,R,R,SS,67
446411,Seth Loman,1985-12-16,"6' 4""",235,40,L,R,1B,76
602115,Gabriel Guerrero,1993-12-11,"6' 3""",215,32,R,R,RF,75
594940,Danny Muno,1989-02-09,"6' 1""",195,37,S,R,3B,73
605323,Kyle Kubitza,1990-07-15,"6' 3""",210,35,L,R,3B,75
542883,Dean Anna,1986-11-24,"5' 11""",180,39,L,R,SS,71
622666,Johan Camargo,1993-12-13,"5' 11""",195,32,S,R,3B,71
435560,Omar Quintanilla,1981-10-24,"5' 9""",185,44,L,R,SS,69
543321,L.J. Hoes,1990-03-05,"6' 0""",200,36,R,R,RF,72
434670,Hanley Ramirez,1983-12-23,"6' 2""",235,42,R,R,SS,74
493574,Blake Tekotte,1987-05-24,"5' 11""",180,38,L,R,CF,71
543611,Danny Ortiz,1990-01-05,"5' 11""",190,36,L,L,RF,71
120074,David Ortiz,1975-11-18,"6' 3""",230,50,L,L,DH,75
573349,Hak-Ju Lee,1990-11-04,"6' 2""",195,35,L,R,SS,74
133380,Aramis Ramirez,1978-06-25,"6' 1""",205,47,R,R,3B,73
489232,Anthony Recker,1983-08-29,"6' 2""",240,42,R,R,C,74
456065,Jose Martinez,1986-01-24,"5' 11""",175,40,R,R,2B,71
571862,Jeff Kobernus,1988-06-30,"6' 2""",190,37,R,R,LF,74
466988,Emilio Bonifácio,1985-04-23,"5' 10""",200,41,S,R,2B,70
455126,Chris Nelson,1985-09-03,"5' 11""",205,40,R,R,3B,71
543377,Corban Joseph,1988-10-28,"6' 0""",185,37,L,R,1B,72
455139,Robinson Chirinos,1984-06-05,"6' 1""",220,41,R,R,C,73
435520,Jesus Flores,1984-10-26,"6' 1""",210,41,R,R,C,73
573669,Aderlin Rodríguez,1991-11-18,"6' 3""",210,34,R,R,3B,75
457775,Desmond Jennings,1986-10-30,"6' 2""",210,39,R,R,CF,74
501571,Juan Lagares,1989-03-17,"6' 2""",219,37,R,R,RF,74
592852,Aaron Westlake,1988-12-27,"6' 4""",235,37,L,R,1B,76
519299,Eric Sogard,1986-05-22,"5' 10""",180,39,L,R,2B,70
593528,Jorge Bonifacio,1993-06-04,"6' 0""",220,32,R,R,RF,72
572019,Ben Paulsen,1987-10-27,"6' 4""",210,38,L,R,1B,76
544369,Didi Gregorius,1990-02-18,"6' 3""",205,36,L,R,SS,75
431171,Casey McGehee,1982-10-12,"6' 1""",220,43,R,R,3B,73
502054,Tommy Pham,1988-03-08,"6' 1""",225,38,R,R,LF,73
625329,Henry Urrutia,1987-02-13,"6' 5""",200,39,L,R,DH,77
520471,Freddy Galvis,1989-11-14,"5' 10""",190,36,S,R,SS,70
621566,Matt Olson,1994-03-29,"6' 4""",225,32,L,R,1B,76
430637,Kelly Johnson,1982-02-22,"6' 1""",200,44,L,R,2B,73
501303,Ehire Adrianza,1989-08-21,"6' 1""",198,36,S,R,SS,73
571974,John Ryan Murphy,1991-05-13,"5' 11""",200,34,R,R,C,71
595978,Austin Hedges,1992-08-18,"6' 0""",220,33,R,R,C,72
594824,Greg Garcia,1989-08-08,"6' 0""",200,36,L,R,2B,72
550298,Yorman Rodriguez,1992-08-15,"6' 2""",210,33,R,R,RF,74
547180,Bryce Harper,1992-10-16,"6' 1""",210,33,L,R,1B,73
488912,Tuffy Gosewisch,1983-08-17,"5' 11""",185,42,R,R,C,71
518991,Darin Mastroianni,1985-08-26,"5' 11""",190,40,R,R,RF,71
545337,Nolan Fontana,1991-06-06,"5' 11""",195,34,L,R,2B,71
502126,Domonic Brown,1987-09-03,"6' 5""",225,38,L,L,LF,77
519051,Hunter Morris,1988-10-07,"6' 2""",230,37,L,R,1B,74
516782,Starling Marte,1988-10-09,"6' 0""",195,37,R,R,RF,72
571431,Matt Adams,1988-08-31,"6' 3""",263,37,L,R,1B,75
595943,Phillip Evans,1992-09-10,"5' 9""",210,33,R,R,3B,69
457746,Ben Guez,1987-01-24,"5' 11""",180,39,R,R,RF,71
472528,Luis Valbuena,1985-11-30,"5' 10""",215,33,L,R,3B,70
543255,Tyler Grimes,1990-07-03,"5' 11""",195,35,R,R,C,71
444952,Jordan Lennerton,1986-02-16,"6' 2""",230,40,L,L,1B,74
457787,Danny Espinosa,1987-04-25,"6' 0""",205,39,S,R,2B,72
460131,Brian Bogusevic,1984-02-18,"6' 3""",215,42,L,L,RF,75
552662,Stefen Romero,1988-10-17,"6' 2""",220,37,R,R,RF,74
519184,Ben Revere,1988-05-03,"5' 9""",175,38,L,R,CF,69
605112,Trever Adams,1988-09-30,"6' 0""",210,37,R,R,1B,72
592567,Colin Moran,1992-10-01,"6' 4""",225,33,L,R,3B,76
622534,Manuel Margot,1994-09-28,"5' 10""",229,31,R,R,RF,70
595025,Zach Walters,1989-09-05,"6' 2""",210,36,S,R,DH,74
451713,Carlos Peguero,1987-02-22,"6' 5""",260,39,L,L,LF,77
547982,Leonys Martin,1988-03-06,"6' 2""",200,38,L,R,CF,74
547912,Gift Ngoepe,1990-01-18,"5' 8""",200,36,R,R,2B,68
429666,J.J. Hardy,1982-08-19,"6' 1""",200,43,R,R,SS,73
460075,Ryan Braun,1983-11-17,"6' 2""",205,42,R,R,LF,74
595386,Jason Rogers,1988-03-13,"6' 1""",230,38,R,R,1B,73
608675,Jared King,1991-10-12,"5' 11""",200,34,S,L,LF,71
571868,Marc Krauss,1987-10-05,"6' 2""",245,38,L,R,1B,74
457705,Andrew McCutchen,1986-10-10,"5' 10""",190,39,R,R,LF,70
595885,Greg Bird,1992-11-09,"6' 3""",220,33,L,R,1B,75
500743,Miguel Rojas,1989-02-24,"5' 10""",188,37,R,R,SS,70
657222,Sean Godfrey,1992-01-02,"6' 2""",180,34,R,R,CF,74
519037,Carlos Moncrief,1988-11-03,"6' 0""",220,37,L,R,RF,72
485567,Ezequiel Carrera,1987-06-11,"5' 11""",185,38,L,L,LF,71
450314,Ben Zobrist,1981-05-26,"6' 3""",210,44,S,R,2B,75
571912,Luke Maile,1991-02-06,"6' 3""",225,35,R,R,C,75
656941,Kyle Schwarber,1993-03-05,"5' 11""",229,33,L,R,LF,71
464299,Eugenio Velez,1982-05-16,"6' 1""",170,43,S,R,2B,73
607111,Jacob Wilson,1990-07-29,"5' 11""",219,35,R,R,2B,71
571827,Mycal Jones,1987-05-30,"5' 10""",190,38,R,R,CF,70
606477,Aneury Tavárez,1992-04-14,"5' 9""",175,34,L,R,RF,69
453527,Sean Kazmar Jr.,1984-08-05,"5' 10""",185,41,R,R,SS,70
435559,Kurt Suzuki,1983-10-04,"5' 11""",210,42,R,R,C,71
592604,Justin O'Conner,1992-03-31,"6' 0""",201,34,R,R,P,72
621598,Javier Betancourt,1995-05-08,"6' 0""",180,30,R,R,2B,72
643446,Jeff McNeil,1992-04-08,"6' 0""",195,34,L,R,2B,72
501255,Rafael Ynoa,1987-08-07,"6' 0""",190,38,S,R,3B,72
608703,Matt Reynolds,1990-12-03,"6' 1""",210,35,R,R,3B,73
454998,Matt Carson,1981-07-01,"6' 2""",200,44,R,R,RF,74
607221,Taylor Sparks,1993-04-03,"6' 4""",200,33,R,R,3B,76
593523,Marco Hernández,1992-09-06,"6' 0""",210,33,L,R,2B,72
542208,Carlos Pérez,1990-10-27,"5' 11""",210,35,R,R,C,71
542454,Danny Santana,1990-11-07,"5' 11""",195,35,S,R,OF,71
519345,Joey Terdoslavich,1988-09-09,"6' 1""",200,37,S,R,1B,73
502205,Grant Green,1987-09-27,"6' 3""",180,38,R,R,2B,75
593871,Jorge Polanco,1993-07-05,"6' 0""",208,32,S,R,1B,72
572254,Tim Wheeler,1988-01-21,"6' 4""",205,38,L,R,CF,76
605523,Adam Weisenburger,1988-12-13,"5' 10""",185,37,R,R,C,70
467070,Elian Herrera,1985-02-01,"5' 11""",205,41,S,R,3B,71
543461,Matt Long,1987-04-30,"5' 11""",190,39,L,R,CF,71
607387,Ryan Rua,1990-03-11,"6' 2""",205,36,R,R,LF,74
570256,Gregory Polanco,1991-09-14,"6' 5""",240,34,L,L,RF,77
572000,Mike Ohlman,1990-12-14,"6' 5""",240,35,R,R,C,77
607249,Jason Krizan,1989-06-28,"6' 0""",185,36,L,R,LF,72
608070,José Ramírez,1992-09-17,"5' 8""",190,33,S,R,3B,68
534909,Austin Wates,1988-09-02,"6' 1""",209,37,R,R,LF,73
593643,Hanser Alberto,1992-10-17,"5' 11""",215,33,R,R,3B,71
457760,Danny Dorn,1984-07-20,"6' 2""",200,41,L,L,1B,74
518755,Matt Hague,1985-08-20,"6' 3""",225,40,R,R,1B,75
649557,Aledmys Díaz,1990-08-01,"6' 1""",195,35,R,R,SS,73
572876,Jake Goebbert,1987-09-24,"6' 0""",210,38,L,L,1B,72
592274,Matt Duffy,1989-02-06,"6' 3""",215,37,R,R,3B,75
608369,Corey Seager,1994-04-27,"6' 4""",215,32,L,R,SS,76
596059,Rougned Odor,1994-02-03,"5' 11""",200,32,L,R,2B,71
592629,Roberto Peña,1992-06-08,"6' 0""",250,33,R,R,C,72
570615,Steven Moya,1991-08-09,"6' 7""",260,34,L,R,RF,79
543510,James McCann,1990-06-13,"6' 2""",235,35,R,R,C,74
641878,Ian Miller,1992-02-21,"6' 0""",170,34,L,R,CF,72
554239,Elmer Reyes,1990-11-26,"5' 11""",190,35,R,R,SS,71
503437,James Beresford,1989-01-19,"6' 1""",170,37,L,R,2B,73
444379,John Jaso,1983-09-19,"6' 2""",202,42,L,R,C,74
527031,Michael Almanzar,1990-12-02,"6' 3""",190,35,R,R,3B,75
516631,Gustavo Nunez,1988-02-08,"5' 11""",189,38,S,R,SS,71
408307,Carl Crawford,1981-08-05,"6' 2""",230,44,L,L,LF,74
543213,Johnny Giavotella,1987-07-10,"5' 8""",185,38,R,R,2B,68
456030,Dustin Pedroia,1983-08-17,"5' 9""",170,42,R,R,2B,69
518626,Josh Donaldson,1985-12-08,"6' 1""",210,40,R,R,3B,73
457477,Alejandro De Aza,1984-04-11,"6' 0""",195,42,L,L,CF,72
452783,Nick Evans,1986-01-30,"6' 2""",220,40,R,R,1B,74
519333,Matt Szczur,1989-07-20,"6' 0""",200,36,R,R,LF,72
543401,Jason Kipnis,1987-04-03,"5' 11""",200,39,L,R,2B,71
543685,Anthony Rendon,1990-06-06,"6' 1""",200,35,R,R,3B,73
444453,Russ Canzler,1986-04-11,"6' 2""",220,40,R,R,LF,74
466480,Deibinson Romero,1986-09-24,"6' 1""",220,39,R,R,3B,73
592863,Mason Williams,1991-08-21,"6' 1""",195,34,L,R,CF,73
452740,Matt Spring,1984-11-07,"6' 2""",225,41,R,R,C,74
623166,Mike Miller,1989-09-27,"5' 9""",170,36,R,R,2B,69
621005,Tim Lopes,1994-06-24,"5' 10""",180,31,R,R,2B,70
605480,Mallex Smith,1993-05-06,"5' 9""",170,33,L,R,CF,69
455371,Audy Ciriaco,1987-06-16,"6' 3""",225,38,R,R,SS,75
571665,Daniel Fields,1991-01-23,"6' 2""",225,35,L,R,LF,74
458668,Jordan Danks,1986-08-07,"6' 5""",220,39,L,R,CF,77
453203,Shane Robinson,1984-10-30,"5' 9""",170,41,R,R,CF,69
527045,Gabriel Noriega,1990-09-13,"6' 2""",180,35,R,R,SS,74
542921,Tim Beckham,1990-01-27,"6' 0""",215,36,R,R,SS,72
446225,Ed Easley,1985-12-21,"6' 0""",215,40,R,R,C,72
607297,O'Koyea Dickson,1990-02-09,"5' 11""",220,36,R,R,1B,71
570717,Ramón Flores,1992-03-26,"5' 10""",190,34,L,L,RF,70
621480,Kevin Heller,1989-09-12,"5' 10""",195,36,R,R,LF,70
493128,Munenori Kawasaki,1981-06-03,"5' 11""",175,44,L,R,2B,71
545331,Andrew Aplin,1991-03-21,"6' 0""",205,35,L,L,CF,72
518725,Caleb Gindl,1988-08-31,"5' 8""",210,37,L,L,LF,68
447736,Chris Dickerson,1982-04-10,"6' 4""",230,44,L,L,LF,76
607370,Taylor Lewis,1989-12-18,"6' 0""",200,36,L,L,CF,72
452672,Ryan Hanigan,1980-08-16,"6' 0""",225,45,R,R,C,72
605141,Mookie Betts,1992-10-07,"5' 9""",180,33,R,R,SS,69
600301,Taylor Motter,1989-09-18,"6' 1""",195,36,R,R,2B,73
503424,Brian Ward,1985-10-17,"5' 11""",210,40,R,R,C,71
621043,Carlos Correa,1994-09-22,"6' 3""",220,31,R,R,SS,75
433217,Andrés Blanco,1984-04-11,"5' 10""",192,42,S,R,2B,70
519237,Cameron Rupp,1988-09-28,"6' 2""",260,37,R,R,C,74
476192,Johnny Monell,1986-03-27,"6' 1""",210,40,L,R,C,73
465674,Pedro Ciriaco,1985-09-27,"6' 0""",180,40,R,R,3B,72
543750,Braeden Schlehuber,1988-01-07,"6' 2""",210,38,R,R,C,74
543329,Destin Hood,1990-04-03,"6' 2""",205,36,R,R,LF,74
474249,Ryan Jackson,1988-05-10,"6' 2""",180,37,R,R,2B,74
435064,Bobby Wilson,1983-04-08,"6' 0""",230,43,R,R,C,72
621563,Joey Wendle,1990-04-26,"6' 1""",195,36,L,R,2B,73
607752,Sam Travis,1993-08-27,"6' 0""",220,32,R,R,1B,72
543308,John Hicks,1989-08-31,"6' 2""",230,36,R,R,C,74
641319,Carlos Asuaje,1991-11-02,"5' 8""",160,34,L,R,2B,68
642156,Stuart Turner,1991-12-27,"6' 2""",220,34,R,R,C,74
499882,Matt Kennelly,1989-03-21,"6' 1""",200,37,R,R,C,73
542993,Billy Burns,1989-08-30,"5' 9""",170,36,S,R,CF,69
502226,Craig Gentry,1983-11-29,"6' 2""",190,42,R,R,CF,74
591712,Óscar Hernández,1993-07-09,"6' 1""",230,32,R,R,C,73
519295,Jake Smolinski,1989-02-09,"5' 11""",210,37,R,R,CF,71
453923,Grégor Blanco,1983-12-24,"5' 10""",187,42,L,L,CF,70
519421,Andy Wilkins,1988-09-13,"6' 1""",225,37,L,R,1B,73
622194,Bruce Maxwell,1990-12-20,"6' 1""",250,35,L,R,C,73
477195,Ike Davis,1987-03-22,"6' 4""",220,39,L,L,1B,76
542963,Rob Brantly,1989-07-14,"6' 1""",190,36,L,R,C,73
425549,Clint Barmes,1979-03-06,"6' 1""",200,47,R,R,SS,73
571602,Matt Davidson,1991-03-26,"6' 3""",230,35,R,R,DH,75
543063,Brandon Crawford,1987-01-21,"6' 1""",223,39,L,R,SS,73
608336,Joey Gallo,1993-11-19,"6' 4""",250,32,L,R,LF,76
448170,Travis Ishikawa,1983-09-24,"6' 3""",220,42,L,L,1B,75
460322,Antoan Richardson,1983-10-08,"5' 8""",165,42,S,R,RF,68
543633,Juan Carlos Perez,1986-11-13,"5' 11""",185,39,R,R,LF,71
518794,Brandon Hicks,1985-09-14,"6' 2""",215,40,R,R,2B,74
134181,Adrian Beltré,1979-04-07,"5' 11""",220,47,R,R,3B,71
622110,Matt Duffy,1991-01-15,"6' 2""",190,35,R,R,3B,74
572180,Andrew Susac,1990-03-22,"6' 1""",220,36,R,R,C,73
462962,Niuman Romero,1985-01-24,"6' 1""",215,41,S,R,SS,73
502671,Paul Goldschmidt,1987-09-10,"6' 2""",225,38,R,R,1B,74
592429,Eric Jagielo,1992-05-17,"6' 3""",210,33,L,R,3B,75
425783,Shin-Soo Choo,1982-07-13,"5' 11""",205,43,L,L,RF,71
407886,Ryan Ludwick,1978-07-13,"6' 2""",215,47,R,L,RF,74
501981,Khris Davis,1987-12-21,"5' 11""",205,38,R,R,LF,71
518649,Brett Eibner,1988-12-02,"6' 4""",215,37,R,R,P,76
408314,José Reyes,1983-06-11,"6' 0""",195,42,S,R,SS,72
456121,Chris Denorfia,1980-07-15,"6' 0""",195,45,R,R,RF,72
425902,Prince Fielder,1984-05-09,"5' 11""",275,41,L,R,1B,71
576397,Jedd Gyorko,1988-09-23,"5' 10""",205,37,R,R,2B,70
543094,Jaff Decker,1990-02-23,"5' 9""",190,36,L,L,RF,69
592692,Mel Rojas Jr.,1990-05-24,"6' 2""",225,35,S,R,CF,74
624577,Yasiel Puig,1990-12-07,"6' 2""",240,35,R,R,RF,74
502620,Mark Thomas,1988-05-05,"6' 1""",220,38,R,R,C,73
592407,Bryan Holaday,1987-11-19,"6' 0""",203,38,R,R,C,72
492841,Michael Martinez,1982-09-16,"5' 9""",180,43,S,R,2B,69
430203,David DeJesus,1979-12-20,"5' 11""",190,46,L,L,CF,71
489138,Tyler Moore,1987-01-30,"6' 2""",220,39,R,R,LF,74
453211,Drew Stubbs,1984-10-04,"6' 4""",205,41,R,R,CF,76
430603,Don Kelly,1980-02-15,"6' 4""",215,46,L,R,LF,76
421124,Ramon Santiago,1979-08-31,"5' 11""",185,46,S,R,SS,71
456078,Welington Castillo,1987-04-24,"5' 10""",215,39,R,R,C,70
547379,Roberto Pérez,1988-12-23,"5' 11""",220,37,R,R,C,71
454560,A.J. Ellis,1981-04-09,"6' 2""",225,45,R,R,C,74
518792,Jason Heyward,1989-08-09,"6' 5""",240,36,L,L,RF,77
499624,Chris Colabello,1983-10-24,"6' 4""",210,42,R,R,1B,76
592626,Joc Pederson,1992-04-21,"6' 1""",220,34,L,L,1B,73
453362,Chris Valaika,1985-08-14,"5' 11""",205,40,R,R,2B,71
518953,David Lough,1986-01-20,"5' 10""",175,40,L,L,LF,70
435041,Carlos Quentin,1982-08-28,"6' 1""",235,43,R,R,LF,73
534627,Tyler Holt,1989-03-10,"5' 10""",200,37,R,R,RF,70
592698,Ty Ross,1992-01-17,"6' 2""",225,34,R,R,C,74
543589,Adrian Nieto,1989-11-12,"5' 10""",205,36,S,R,C,70
440251,Ryan Roberts,1980-09-19,"5' 11""",185,45,R,R,3B,71
571771,Enrique Hernández,1991-08-24,"5' 10""",195,34,R,R,1B,70
605214,Taylor Dugas,1989-12-15,"5' 9""",180,36,L,L,LF,69
542303,Marcell Ozuna,1990-11-12,"6' 1""",251,35,R,R,DH,73
572761,Matt Carpenter,1985-11-26,"6' 4""",224,40,L,R,DH,76
508892,Carlos Triunfel,1990-02-27,"5' 11""",195,36,R,R,SS,71
594777,Kole Calhoun,1987-10-14,"5' 10""",205,38,L,L,RF,70
430605,Ryan Raburn,1981-04-17,"6' 0""",185,45,R,R,LF,72
502200,Jared Mitchell,1988-10-13,"6' 0""",205,37,L,L,CF,72
501213,Moisés Sierra,1988-09-24,"6' 1""",233,37,R,R,RF,73
444482,David Peralta,1987-08-14,"6' 1""",210,38,L,L,LF,73
425664,Shane Victorino,1980-11-30,"5' 9""",190,45,S,R,CF,69
506997,Tony Sanchez,1988-05-20,"5' 11""",220,37,R,R,C,71
605244,Aramis Garcia,1993-01-12,"6' 1""",228,33,R,R,C,73
434604,Michael Morse,1982-03-22,"6' 5""",245,44,R,R,LF,77
449786,Carlos Corporán,1984-01-07,"6' 2""",240,42,S,R,C,74
630155,Michael O'Neill,1992-06-12,"6' 1""",195,33,R,R,LF,73
460077,Drew Butera,1983-08-09,"6' 1""",212,42,R,R,C,73
450317,J.P. Arencibia,1986-01-05,"6' 1""",210,40,R,R,C,73
571657,Kyle Farmer,1990-08-17,"5' 11""",205,35,R,R,3B,71
521692,Salvador Perez,1990-05-10,"6' 2""",255,35,R,R,C,74
476883,Pedro Álvarez,1987-02-06,"6' 3""",250,39,L,R,3B,75
456655,Ian Stewart,1985-04-05,"6' 3""",225,41,L,R,3B,75
506702,Sandy León,1989-03-13,"5' 9""",235,37,S,R,C,69
542255,Ender Inciarte,1990-10-29,"5' 11""",190,35,L,L,CF,71
452678,Asdrúbal Cabrera,1985-11-13,"6' 0""",235,40,S,R,SS,72
523253,Logan Forsythe,1987-01-14,"6' 1""",205,39,R,R,2B,73
493596,Gordon Beckham,1986-09-16,"6' 0""",188,39,R,R,2B,72
461314,Matt Kemp,1984-09-23,"6' 4""",225,41,R,R,CF,76
434540,Garrett Jones,1981-06-21,"6' 5""",235,44,L,L,1B,77
501983,Travis Snider,1988-02-02,"6' 0""",230,38,L,L,LF,72
621471,Boog Powell,1993-01-14,"5' 10""",200,33,L,L,CF,70
475100,Scott Van Slyke,1986-07-24,"6' 4""",215,39,R,R,LF,76
518934,DJ LeMahieu,1988-07-13,"6' 3""",220,37,R,R,2B,75
446381,Darwin Barney,1985-11-08,"5' 10""",180,40,R,R,2B,70
608356,Mitch Nay,1993-09-20,"6' 3""",200,32,R,R,3B,75
608596,Tom Murphy,1991-04-03,"6' 0""",218,35,R,R,C,72
121347,Alex Rodriguez,1975-07-27,"6' 3""",230,50,R,R,SS,75
502517,Daniel Murphy,1985-04-01,"6' 1""",223,41,L,R,2B,73
434658,Rajai Davis,1980-10-19,"5' 10""",195,45,R,R,CF,70
607486,Pat Cantwell,1990-04-10,"6' 2""",215,36,R,R,C,74
594809,Adam Eaton,1988-12-06,"5' 9""",180,37,L,L,CF,69
452722,Steven Lerud,1984-10-13,"6' 1""",220,41,L,R,C,73
460576,Carlos Gómez,1985-12-04,"6' 3""",220,40,R,R,CF,75
595281,Kevin Kiermaier,1990-04-22,"6' 1""",210,36,L,R,CF,73
607256,James Ramsey,1989-12-19,"6' 0""",200,36,L,R,CF,72
457759,Justin Turner,1984-11-23,"5' 11""",208,41,R,R,1B,71
542908,Jett Bandy,1990-03-26,"6' 4""",235,36,R,R,C,76
467798,Jose Tabata,1988-08-12,"5' 11""",210,37,R,R,LF,71
516809,Junior Lake,1990-03-27,"6' 2""",230,36,R,R,LF,74
543362,A.J. Jimenez,1990-05-01,"6' 0""",195,36,R,R,C,72
543788,Kyle Skipworth,1990-03-01,"6' 4""",230,36,L,R,C,76
596142,Gary Sánchez,1992-12-02,"6' 2""",251,33,R,R,C,74
475174,Yonder Alonso,1987-04-08,"6' 1""",230,39,L,R,1B,73
453056,Jacoby Ellsbury,1983-09-11,"6' 1""",195,42,L,L,CF,73
460026,Nick Hundley,1983-09-08,"6' 0""",203,42,R,R,C,72
518577,Collin Cowgill,1986-05-22,"5' 9""",190,39,R,L,LF,69
571761,Slade Heathcott,1990-09-28,"6' 1""",205,35,L,L,RF,73
542583,Jesús Aguilar,1990-06-30,"6' 3""",277,35,R,R,1B,75
449107,Mike Aviles,1981-03-13,"5' 10""",205,45,R,R,SS,70
573027,Chris McGuiness,1988-04-11,"6' 1""",210,38,L,L,1B,73
571757,Jeremy Hazelbaker,1987-08-14,"6' 3""",190,38,L,R,LF,75
545358,Max Stassi,1991-03-15,"5' 9""",210,35,R,R,C,69
446653,Jose Lobatón,1984-10-21,"6' 1""",212,41,S,R,C,73
592609,Mike Olt,1988-08-27,"6' 2""",210,37,R,R,3B,74
456422,Michael Bourn,1982-12-27,"5' 11""",190,43,L,R,CF,71
425900,Dioner Navarro,1984-02-09,"5' 9""",215,42,S,R,C,69
543302,Chris Herrmann,1987-11-24,"6' 0""",200,38,L,R,C,72
457803,Jay Bruce,1987-04-03,"6' 3""",230,39,L,L,RF,75
605125,Cody Asche,1990-06-30,"6' 1""",205,35,L,R,3B,73
430947,Erick Aybar,1984-01-14,"5' 10""",195,42,S,R,SS,70
476633,Chris Parmelee,1988-02-24,"6' 1""",220,38,L,L,1B,73
641313,Tim Anderson,1993-06-23,"6' 0""",185,32,R,R,SS,72
521309,Mayo Acosta,1987-11-20,"6' 1""",220,38,R,R,C,73
456781,Donovan Solano,1987-12-17,"5' 8""",210,38,R,R,1B,68
458731,Brett Gardner,1983-08-24,"5' 11""",195,42,L,L,LF,71
435622,Ian Desmond,1985-09-20,"6' 3""",217,40,R,R,SS,75
435522,Neil Walker,1985-09-10,"6' 2""",214,40,S,R,2B,74
519452,Shawn Zarraga,1989-01-21,"6' 0""",240,37,S,R,C,72
518170,Jordany Valdespin,1987-12-23,"6' 0""",205,38,L,R,2B,72
621515,Steve Bean,1993-09-15,"6' 2""",205,32,L,R,C,74
518625,Matt Dominguez,1989-08-28,"6' 2""",220,36,R,R,3B,74
429665,Edwin Encarnación,1983-01-07,"6' 1""",230,43,R,R,DH,73
607570,Malcolm Holland,1992-06-18,"5' 11""",165,33,R,R,2B,71
544838,Miguel Gonzalez,1990-12-03,"5' 11""",220,35,R,R,C,71
451500,Kila Ka'aihue,1984-03-29,"6' 4""",240,42,L,R,1B,76
435459,George Kottaras,1983-05-10,"6' 0""",200,42,L,R,C,72
459964,Matt Joyce,1984-08-03,"6' 2""",194,41,L,R,RF,74
605490,Bubba Starling,1992-08-03,"6' 4""",220,33,R,R,CF,76
608730,Alex Yarbrough,1991-08-03,"6' 0""",200,34,S,R,2B,72
457762,Bryan Anderson,1986-12-16,"6' 1""",200,39,L,R,C,73
621002,Daniel Robertson,1994-03-22,"5' 11""",210,32,R,R,2B,71
543200,René García,1990-03-21,"6' 0""",205,36,R,R,C,72
502317,Chris Heisey,1984-12-14,"6' 1""",220,41,R,R,LF,73
572138,Jon Singleton,1991-09-18,"6' 2""",256,34,L,L,1B,74
448602,Mark Reynolds,1983-08-03,"6' 2""",220,42,R,R,3B,74
543008,Alex Castellanos,1986-08-04,"6' 0""",200,39,R,R,LF,72
425772,Jeff Mathis,1983-03-31,"6' 0""",205,43,R,R,C,72
543075,Jarek Cunningham,1989-12-25,"6' 1""",195,36,R,R,2B,73
641525,Brandon Dixon,1992-01-29,"6' 2""",215,34,R,R,3B,74
435263,Brian McCann,1984-02-20,"6' 3""",225,42,L,R,C,75
464433,Juan Francisco,1987-06-24,"6' 2""",245,38,L,R,3B,74
425784,René Rivera,1983-07-31,"5' 10""",215,42,R,R,C,70
606979,Trent Garrison,1990-05-24,"6' 0""",190,35,L,R,C,72
623168,Tyler Heineman,1991-06-19,"5' 10""",190,34,S,R,C,70
457727,Cameron Maybin,1987-04-04,"6' 3""",215,39,R,R,CF,75
502676,Cole Figueroa,1987-06-30,"5' 10""",185,38,L,R,2B,70
405395,Albert Pujols,1980-01-16,"6' 3""",235,46,R,R,1B,75
621439,Byron Buxton,1993-12-18,"6' 1""",190,32,R,R,CF,73
592774,Cody Stanley,1988-12-21,"5' 10""",190,37,L,R,C,70
605402,Chris O'Brien,1989-07-24,"5' 11""",225,36,S,R,C,71
446192,Adam Moore,1984-05-08,"6' 3""",220,41,R,R,C,75
643208,Isaac Ballou,1990-03-17,"6' 2""",205,36,L,R,LF,74
572041,AJ Pollock,1987-12-05,"6' 1""",210,38,R,R,CF,73
435623,Kevin Frandsen,1982-05-24,"6' 0""",190,43,R,R,3B,72
578428,Jose Iglesias,1990-01-05,"5' 11""",195,36,R,R,2B,71
449082,Xavier Paul,1985-02-25,"6' 0""",205,41,L,R,LF,72
571601,Wes Darvill,1991-09-10,"6' 2""",190,34,L,R,SS,74
408242,Wil Nieves,1977-09-25,"5' 11""",190,48,R,R,C,71
594828,Evan Gattis,1986-08-18,"6' 4""",270,39,R,R,DH,76
475247,Ryan Flaherty,1986-07-27,"6' 3""",205,39,L,R,2B,75
571788,Brock Holt,1988-06-11,"5' 10""",180,37,L,R,2B,70
543320,Paul Hoenecke,1990-07-08,"6' 2""",205,35,L,R,3B,74
500871,Eduardo Escobar,1989-01-05,"5' 10""",193,37,S,R,3B,70
453943,Todd Frazier,1986-02-12,"6' 3""",215,40,R,R,3B,75
136860,Carlos Beltrán,1977-04-24,"6' 1""",215,49,S,R,CF,73
430681,Dan Johnson,1979-08-10,"6' 2""",210,46,L,R,1B,74
502523,Shawn O'Malley,1987-12-28,"5' 11""",175,38,S,R,SS,71
503556,Marwin Gonzalez,1989-03-14,"6' 1""",205,37,S,R,SS,73
502213,Nevin Ashley,1984-08-14,"6' 1""",245,41,R,R,C,73
591977,Felix Perez,1984-11-14,"6' 2""",190,41,L,L,RF,74
455117,Martín Maldonado,1986-08-16,"6' 0""",230,39,R,R,C,72
474568,Jordy Mercer,1986-08-27,"6' 3""",210,39,R,R,SS,75
595879,Javier Báez,1992-12-01,"5' 11""",190,33,R,R,SS,71
458675,Colby Rasmus,1986-08-11,"6' 2""",195,39,L,L,CF,74
546318,Odúbel Herrera,1991-12-29,"5' 11""",205,34,L,R,CF,71
446612,Matt Fields,1985-07-08,"6' 5""",235,40,R,R,1B,77
457788,Jordan Schafer,1986-09-04,"6' 1""",205,39,L,L,OF,73
572816,Corey Dickerson,1989-05-22,"6' 1""",212,36,L,R,LF,73
455759,Chris Young,1983-09-05,"6' 2""",200,42,R,R,CF,74
435401,Skip Schumaker,1980-02-03,"5' 10""",185,46,L,R,2B,70
461865,Andrew Romine,1985-12-24,"6' 1""",190,40,S,R,SS,73
605142,Dante Bichette Jr.,1992-09-26,"6' 2""",205,33,R,R,3B,74
571466,Tucker Barnhart,1991-01-07,"5' 8""",192,35,L,R,C,68
592696,Eddie Rosario,1991-09-28,"6' 0""",180,34,L,R,OF,72
643334,Reed Gragnani,1990-09-05,"5' 11""",180,35,S,R,2B,71
465041,Francisco Cervelli,1986-03-06,"6' 0""",220,40,R,R,C,72
425509,Jhonny Peralta,1982-05-28,"6' 2""",225,43,R,R,SS,74
607385,Tyler Collins,1990-06-06,"5' 11""",215,35,L,L,LF,71
543647,Cord Phelps,1987-01-23,"6' 1""",210,39,S,R,2B,73
624645,Julian Leon,1996-01-24,"5' 11""",235,30,R,R,C,71
518653,Jake Elmore,1987-06-15,"5' 10""",180,38,R,R,SS,70
543148,Tim Federowicz,1987-08-05,"5' 10""",215,38,R,R,C,70
463610,Gregorio Petit,1984-12-10,"5' 10""",200,41,R,R,2B,70
545361,Mike Trout,1991-08-07,"6' 1""",235,34,R,R,CF,73
446359,Zack Cozart,1985-08-12,"6' 0""",205,40,R,R,SS,72
544371,Donald Lutz,1989-02-06,"6' 4""",230,37,L,R,LF,76
571681,Rey Fuentes,1991-02-12,"6' 0""",160,35,L,L,CF,72
456488,Eduardo Núñez,1987-06-15,"6' 0""",195,38,R,R,SS,72
542897,Xavier Avery,1990-01-01,"6' 0""",190,36,L,L,LF,72
570482,Gio Urshela,1991-10-11,"6' 0""",215,34,R,R,3B,72
605113,Nick Ahmed,1990-03-15,"6' 1""",201,36,R,R,SS,73
596105,Dwight Smith Jr.,1992-10-26,"6' 0""",210,33,L,R,LF,72
465753,Pedro Florimón,1986-12-10,"6' 2""",185,39,S,R,SS,74
621575,Joey Curletta,1994-03-08,"6' 4""",245,32,R,R,1B,76
407812,Matt Holliday,1980-01-15,"6' 4""",240,46,R,R,LF,76
545350,Jake Marisnick,1991-03-30,"6' 4""",220,35,R,R,CF,76
591971,Breyvic Valera,1992-01-08,"5' 11""",190,34,S,R,LF,71
425796,Jeff Francoeur,1984-01-08,"6' 4""",225,42,R,R,RF,76
607974,Glynn Davis,1991-12-07,"6' 3""",170,34,R,R,CF,75
408252,Brandon Phillips,1981-06-28,"6' 0""",211,44,R,R,2B,72
543592,Austin Nola,1989-12-28,"6' 0""",197,36,R,R,C,72
571740,Billy Hamilton,1990-09-09,"6' 0""",160,35,S,R,CF,72
623159,Joe Sclafani,1990-04-22,"5' 11""",195,36,S,R,2B,71
572669,Lane Adams,1989-11-13,"6' 4""",190,36,R,R,LF,76
542344,Heiker Meneses,1991-07-01,"5' 9""",200,34,R,R,SS,69
593525,Orlando Calixte,1992-02-03,"6' 0""",183,34,R,R,SS,72
641355,Cody Bellinger,1995-07-13,"6' 3""",204,30,L,L,LF,75
516679,Sebastian Valle,1990-07-24,"6' 1""",215,35,R,R,C,73
429713,Grady Sizemore,1982-08-02,"6' 2""",205,43,L,L,CF,74
570489,Arismendy Alcántara,1991-10-29,"5' 10""",170,34,S,R,CF,70
570799,Christian Villanueva,1991-06-19,"5' 11""",210,34,R,R,3B,71
592144,Wynton Bernard,1990-09-24,"6' 0""",195,35,R,R,CF,72
449168,Matt Tuiasosopo,1986-05-10,"6' 2""",235,39,R,R,LF,74
516472,Francisco Arcia,1989-09-14,"5' 11""",200,36,L,R,C,71
593934,Miguel Sanó,1993-05-11,"6' 4""",272,32,R,R,3B,76
572204,Trayce Thompson,1991-03-15,"6' 2""",225,35,R,R,RF,74
593160,Whit Merrifield,1989-01-24,"6' 1""",195,37,R,R,2B,73
582473,Sherman Johnson,1990-07-15,"5' 10""",190,35,L,R,2B,70
470920,José Yépez,1981-06-19,"6' 0""",210,44,R,R,C,72
641856,Billy McKinney,1994-08-23,"6' 0""",205,31,L,L,LF,72
592205,Ryan Casteel,1991-06-06,"5' 11""",205,34,R,R,C,71
519221,Dan Rohlfing,1989-02-12,"6' 0""",205,37,R,R,C,72
542340,Jonathan Villar,1991-05-02,"6' 0""",233,35,S,R,2B,72
608348,Carson Kelly,1994-07-14,"6' 1""",212,31,R,R,C,73
544269,Juan Duran,1991-09-02,"6' 7""",230,34,R,R,RF,79
592237,Cito Culver,1992-08-26,"6' 0""",205,33,R,R,SS,72
450641,Quintin Berry,1984-11-21,"6' 1""",195,41,L,L,LF,73
608667,Connor Harrell,1991-03-24,"6' 3""",215,35,R,R,CF,75
217100,Willie Bloomquist,1977-11-27,"5' 11""",200,48,R,R,SS,71
518700,Eric Fryer,1985-08-26,"6' 2""",215,40,R,R,C,74
453256,Eddy Rodriguez,1985-12-01,"6' 0""",220,40,R,R,C,72
642162,Pat Valaika,1992-09-09,"6' 0""",200,33,R,R,SS,72
457517,Guilder Rodriguez,1983-07-24,"6' 1""",190,42,S,R,SS,73
644374,Yu Chang,1995-08-18,"6' 1""",209,30,R,R,SS,73
595378,James Roberts,1991-12-11,"6' 2""",180,34,R,R,2B,74
408042,Gerald Laird,1979-11-13,"6' 1""",230,46,R,R,C,73
571692,Wade Gaynor,1988-04-19,"6' 3""",225,38,R,R,3B,75
656252,Bobby Bradley,1996-05-29,"6' 1""",225,29,L,R,1B,73
605548,Bradley Zimmer,1992-11-27,"6' 2""",215,33,L,R,CF,74
572863,Dustin Garneau,1987-08-13,"6' 2""",205,38,R,R,C,74
400268,J.C. Boscan,1979-12-26,"6' 2""",215,46,R,R,C,74
435078,Joaquin Arias,1984-09-21,"6' 1""",185,41,R,R,3B,73
571437,Aaron Altherr,1991-01-14,"6' 5""",215,35,R,R,RF,77
408045,Joe Mauer,1983-04-19,"6' 5""",225,43,L,R,C,77
435220,Ryan Sweeney,1985-02-20,"6' 4""",225,41,L,L,RF,76
572821,Brian Dozier,1987-05-15,"5' 11""",200,38,R,R,2B,71
657718,Jimmy Pickens,1992-03-18,"6' 0""",220,34,L,R,LF,72
607659,Taylor Murphy,1992-11-03,"6' 2""",200,33,L,R,RF,74
608365,Addison Russell,1994-01-23,"6' 0""",200,32,R,R,SS,72
643337,Austin Green,1990-02-22,"6' 1""",200,36,R,R,C,73
488852,Allan Dykstra,1987-05-21,"6' 5""",215,38,L,R,1B,77
453400,Chris Johnson,1984-10-01,"6' 3""",225,41,R,R,3B,75
543877,Christian Vázquez,1990-08-21,"5' 8""",205,35,R,R,C,68
608364,Nellie Rodriguez,1994-06-12,"6' 2""",225,31,R,R,1B,74
642694,Luis Gonzalez,1994-07-28,"6' 0""",175,31,R,R,SS,72
640447,Phillip Ervin,1992-07-15,"5' 10""",207,33,R,R,LF,70
502582,Logan Schafer,1986-09-08,"6' 1""",200,39,L,L,CF,73
573262,Mike Yastrzemski,1990-08-23,"5' 10""",180,35,L,L,LF,70
636072,Calten Daal,1993-08-01,"6' 1""",180,32,R,R,SS,73
542357,Diego Goris,1990-11-08,"5' 11""",200,35,R,R,SS,71
452254,Hunter Pence,1983-04-13,"6' 4""",216,43,R,R,RF,76
572253,Ryan Wheeler,1988-07-10,"6' 3""",230,37,L,R,3B,75
430321,Delmon Young,1985-09-14,"6' 3""",240,40,R,R,LF,75
446386,Brandon Guyer,1986-01-28,"6' 2""",210,40,R,R,LF,74
657434,Brian O'Grady,1992-05-17,"6' 2""",215,33,L,R,RF,74
641529,Drew Dosch,1992-06-24,"6' 2""",200,33,L,R,3B,74
594830,Dustin Geiger,1991-12-02,"6' 2""",225,34,R,R,1B,74
425877,Yadier Molina,1982-07-13,"5' 11""",225,43,R,R,C,71
607257,Raffy Lopez,1987-10-02,"5' 9""",200,38,L,R,C,69
570731,Jonathan Schoop,1991-10-16,"6' 1""",247,34,R,R,2B,73
116338,Torii Hunter,1975-07-18,"6' 2""",220,50,R,R,CF,74
444844,Jake Fox,1982-07-20,"6' 0""",220,43,R,R,LF,72
543498,Tyler Massey,1989-07-21,"6' 1""",205,36,L,L,LF,73
500207,Jhonatan Solano,1985-08-12,"5' 9""",214,40,R,R,C,69
501954,Ozzie Martínez,1988-05-07,"5' 10""",200,37,R,R,SS,70
546990,Anthony Alford,1994-07-20,"6' 0""",215,31,R,R,LF,72
542942,Carson Blair,1989-10-18,"6' 2""",210,36,R,R,C,74
588751,Adeiny Hechavarría,1989-04-15,"6' 0""",195,37,R,R,SS,72
516664,Garabez Rosa,1989-10-12,"6' 2""",165,36,R,R,SS,74
592200,Curt Casali,1988-11-09,"6' 2""",220,37,R,R,C,74
474865,Julio Borbon,1986-02-20,"6' 0""",195,40,L,L,CF,72
452655,Denard Span,1984-02-27,"6' 0""",210,42,L,L,CF,72
606157,Aristides Aquino,1994-04-22,"6' 4""",220,32,R,R,RF,76
502292,Joey Wong,1988-04-12,"5' 10""",185,38,L,R,SS,70
609275,Adalberto Mondesi,1995-07-27,"6' 1""",200,30,S,R,SS,73
641598,Mitch Garver,1991-01-15,"6' 1""",220,35,R,R,C,73
543432,Ryan Lavarnway,1987-08-07,"6' 3""",239,38,R,R,C,75
607043,Brandon Nimmo,1993-03-27,"6' 1""",206,33,L,R,RF,73
657145,Mark Zagunis,1993-02-05,"6' 0""",215,33,R,R,RF,72
641820,Trey Mancini,1992-03-18,"6' 3""",230,34,R,R,1B,75
571995,Sean Ochinko,1987-10-21,"5' 11""",205,38,R,R,C,71
430895,Maicer Izturis,1980-09-12,"5' 8""",185,45,S,R,3B,68
595238,Jacob Hannemann,1991-04-29,"6' 1""",200,35,L,L,CF,73
623148,Bijan Rademacher,1991-06-15,"6' 0""",185,34,L,L,RF,72
592660,Rangel Ravelo,1992-04-24,"6' 0""",235,34,R,R,1B,72
600869,Jeimer Candelario,1993-11-24,"6' 1""",222,32,S,R,3B,73
434681,Pete Orr,1979-06-08,"6' 1""",195,46,L,R,2B,73
593700,Alen Hanson,1992-10-22,"6' 0""",170,33,S,R,2B,72
592656,Henry Ramos,1992-04-15,"6' 0""",215,34,S,R,RF,72
596129,Daniel Vogelbach,1992-12-17,"6' 0""",270,33,L,R,1B,72
641908,Tanner Murphy,1995-02-27,"6' 1""",215,31,R,R,C,73
457708,Justin Upton,1987-08-25,"6' 1""",215,38,R,R,LF,73
605212,Mike Dowd,1990-04-10,"5' 9""",205,36,R,R,C,69
596847,Ji Man Choi,1991-05-19,"6' 0""",260,34,L,R,DH,72
571830,Tommy Joseph,1991-07-16,"6' 1""",255,34,R,R,1B,73
547971,Yenier Bello,1985-02-12,"5' 11""",225,41,R,R,C,71
502210,Josh Reddick,1987-02-19,"6' 2""",197,39,L,R,RF,74
460060,Cliff Pennington,1984-06-15,"5' 10""",200,41,S,R,SS,70
607021,Jake Lowery,1990-07-21,"6' 0""",200,35,L,R,C,72
543376,Caleb Joseph,1986-06-18,"6' 3""",205,39,R,R,C,75
624426,Austin Cousino,1993-04-17,"5' 10""",178,33,L,L,CF,70
607345,Kevan Smith,1988-06-28,"6' 4""",230,37,R,R,C,76
502409,Jonathan Diaz,1985-04-10,"5' 9""",155,41,R,R,SS,69
446868,Wilkin Castillo,1984-06-01,"6' 0""",215,41,S,R,C,72
543309,Kyle Higashioka,1990-04-20,"6' 1""",202,36,R,R,C,73
543281,Josh Harrison,1987-07-08,"5' 8""",190,38,R,R,2B,68
430832,José Bautista,1980-10-19,"6' 0""",205,45,R,R,RF,72
605364,Garrett Mattlage,1993-02-25,"5' 10""",175,33,S,R,SS,70
474384,Nate Freiman,1986-12-31,"6' 8""",245,39,R,R,1B,80
547172,Tony Wolters,1992-06-09,"5' 10""",195,33,L,R,C,70
547171,Marcus Littlewood,1992-03-18,"6' 3""",195,34,S,R,C,75
519048,Mitch Moreland,1985-09-06,"6' 3""",245,40,L,L,1B,75
572008,Chris Owings,1991-08-12,"5' 10""",185,34,R,R,SS,70
462101,Elvis Andrus,1988-08-26,"6' 0""",210,37,R,R,SS,72
502624,Chase Anderson,1987-11-30,"6' 1""",210,38,R,R,P,73
500887,Josmil Pinto,1989-03-31,"5' 11""",225,37,R,R,C,71
285064,Ryan Vogelsong,1977-07-22,"6' 4""",215,48,R,R,P,76
624428,Adam Frazier,1991-12-14,"5' 10""",190,34,L,R,2B,70
571745,Mitch Haniger,1990-12-23,"6' 1""",214,35,R,R,RF,73
543037,Gerrit Cole,1990-09-08,"6' 4""",220,35,R,R,P,76
572868,Anthony Giansanti,1988-09-28,"5' 10""",195,37,R,R,LF,70
650402,Gleyber Torres,1996-12-13,"5' 10""",205,29,R,R,2B,70
501851,Johnni Turbo,1988-12-09,"6' 3""",185,37,R,R,CF,75
446263,Lucas Duda,1986-02-03,"6' 4""",255,40,L,R,1B,76
592743,Andrelton Simmons,1989-09-04,"6' 2""",195,36,R,R,SS,74
643364,Chad Hinshaw,1990-09-10,"6' 1""",205,35,R,R,CF,73
642423,Magneuris Sierra,1996-04-07,"5' 11""",178,30,L,L,CF,71
471865,Carlos González,1985-10-17,"6' 1""",220,40,L,L,RF,73
502273,Mike Freeman,1987-08-04,"6' 0""",195,38,L,R,SS,72
607430,John Andreoli,1990-06-09,"6' 1""",218,35,R,R,RF,73
435624,John Bowker,1983-07-08,"6' 1""",205,42,L,L,1B,73
453568,Charlie Blackmon,1986-07-01,"6' 3""",221,39,L,L,CF,75
572679,Beau Amaral,1991-02-11,"5' 10""",177,35,L,L,CF,70
451188,Andy LaRoche,1983-09-13,"6' 0""",205,42,R,R,3B,72
592105,Stetson Allie,1991-03-13,"6' 2""",244,35,R,R,P,74
592325,Ben Gamel,1992-05-17,"5' 10""",180,33,L,L,RF,70
592487,Jayson Langfels,1988-08-17,"6' 2""",205,37,R,R,3B,74
593137,Erick Salcedo,1993-06-28,"5' 10""",155,32,S,R,SS,70
489126,Mark Minicozzi,1983-02-11,"6' 0""",220,43,R,R,2B,72
461835,Josh Johnson,1986-01-11,"5' 10""",190,40,S,R,2B,70
642736,Domingo Leyba,1995-09-11,"5' 8""",205,30,S,R,SS,68
475715,Charlie Cutler,1986-07-29,"6' 1""",215,39,L,R,C,73
595129,Tom Belza,1989-07-31,"6' 0""",190,36,L,R,RF,72
457130,Vinny Rottino,1980-04-07,"6' 1""",215,46,R,R,LF,73
607700,Raph Rhymes,1989-10-22,"6' 0""",190,36,R,R,LF,72
488818,Chase d'Arnaud,1987-01-21,"6' 1""",197,39,R,R,SS,73
643440,Stephen McGee,1991-02-07,"6' 3""",215,35,R,R,C,75
519425,Jackson Williams,1986-05-14,"5' 10""",200,39,R,R,C,70
621433,Brett Phillips,1994-05-30,"6' 0""",200,31,L,R,P,72
548343,Brian Hernandez,1988-11-25,"6' 1""",205,37,R,R,3B,73
542419,Ali Castillo,1989-06-19,"5' 9""",180,36,R,R,SS,69
452252,Adam Lind,1983-07-17,"6' 2""",195,42,L,L,1B,74
571924,Kent Matthes,1987-01-08,"6' 2""",215,39,R,R,RF,74
600975,Rubi Silva,1989-06-25,"6' 0""",190,36,L,R,CF,72
607410,Shawn Pleffner,1989-08-17,"6' 5""",225,36,L,R,1B,77
595449,Ben Verlander,1992-01-31,"6' 4""",200,34,R,R,RF,76
571804,Brett Jackson,1988-08-02,"6' 2""",220,37,L,R,CF,74
608685,Evan Marzilli,1991-03-13,"6' 0""",185,35,L,L,CF,72
518960,Jonathan Lucroy,1986-06-13,"6' 0""",200,39,R,R,C,72
657147,Shane Zeile,1993-06-14,"6' 1""",195,32,R,R,C,73
571997,Randolph Oduber,1989-03-18,"6' 3""",190,37,R,L,RF,75
639658,Dan Fiorito,1990-08-20,"6' 4""",215,35,R,R,3B,76
621599,Steven Fuentes,1994-10-21,"6' 0""",210,31,S,R,P,72
518408,Matt Angle,1985-09-10,"5' 9""",185,40,L,R,CF,69
543503,Kevin Mattison,1985-09-20,"6' 1""",195,40,L,L,LF,73
605148,Zach Borenstein,1990-07-23,"6' 0""",205,35,L,R,LF,72
640457,Austin Meadows,1995-05-03,"6' 3""",225,31,L,L,LF,75
641400,Cael Brockmeyer,1991-10-08,"6' 6""",245,34,R,R,C,78
572078,James Robbins,1990-09-26,"6' 0""",225,35,L,L,1B,72
605413,Joey Pankake,1992-11-23,"6' 2""",185,33,R,R,2B,74
592535,Jason Martinson,1988-10-15,"6' 1""",210,37,R,R,SS,73
605612,Harold Castro,1993-11-30,"6' 0""",195,32,L,R,2B,72
643531,Mark Shannon,1991-04-12,"6' 0""",185,35,L,L,CF,72
592828,Drew Vettleson,1991-07-19,"6' 1""",185,34,L,R,RF,73
607289,Parker Berberet,1989-10-20,"6' 3""",210,36,R,R,P,75
547004,Rio Ruiz,1994-05-22,"6' 2""",220,31,L,R,2B,74
520976,Engel Beltre,1989-11-01,"6' 2""",187,36,L,L,RF,74
452035,Kyle Blanks,1986-09-11,"6' 6""",265,39,R,R,LF,78
400284,Chase Utley,1978-12-17,"6' 1""",195,47,L,R,2B,73
519390,Stephen Vogt,1984-11-01,"6' 0""",216,41,L,R,C,72
595309,Tyler Marincov,1991-10-20,"6' 2""",205,34,R,R,RF,74
575249,Juan Ciriaco,1990-07-06,"5' 9""",165,35,R,R,2B,69
596056,John Nogowski,1993-01-05,"6' 0""",245,33,R,L,1B,72
656315,Branden Cogswell,1993-01-12,"6' 1""",180,33,L,R,SS,73
453064,Troy Tulowitzki,1984-10-10,"6' 3""",205,41,R,R,SS,75
613480,Keith Curcio,1992-12-28,"5' 10""",185,33,L,R,CF,70
543139,Dean Espy,1989-10-30,"6' 1""",210,36,R,R,1B,73
502245,Griff Erickson,1988-03-11,"6' 4""",220,38,S,R,C,76
640449,Clint Frazier,1994-09-06,"5' 11""",212,31,R,R,LF,71
594886,Barrett Kleinknecht,1988-07-30,"6' 0""",200,37,R,R,3B,72
592868,Austin Wilson,1992-02-07,"6' 4""",250,34,R,R,RF,76
596068,Mike Papi,1992-09-19,"6' 2""",190,33,L,R,RF,74
641958,Jordan Patterson,1992-02-12,"6' 4""",227,34,L,L,RF,76
518881,Kevin Keyes,1989-03-15,"6' 3""",225,37,R,R,1B,75
501994,Joe Benson,1988-03-05,"6' 1""",205,38,R,R,LF,73
502190,Mike Leake,1987-11-12,"5' 10""",165,38,R,R,P,70
543903,Allen Webster,1990-02-10,"6' 2""",200,36,R,R,P,74
434661,Nate McLouth,1981-10-28,"5' 10""",190,44,L,R,CF,70
642844,Ross Kivett,1991-10-19,"6' 1""",195,34,R,R,CF,73
408299,Omar Infante,1981-12-26,"5' 11""",195,44,R,R,2B,71
622658,Emerson Jimenez,1994-12-16,"6' 1""",160,31,L,R,P,73
150359,A.J. Burnett,1977-01-03,"6' 4""",230,49,R,R,P,76
430611,Corey Hart,1982-03-24,"6' 6""",240,44,R,R,RF,78
623155,Jeff McVaney,1990-01-16,"6' 2""",210,36,R,L,RF,74
642220,Jantzen Witte,1990-01-04,"6' 1""",195,36,R,R,3B,73
594872,Hunter Jones,1991-08-17,"6' 2""",185,34,R,R,CF,74
595222,Mike Gerber,1992-07-08,"6' 0""",183,33,L,R,CF,72
656642,Gavin LaValley,1994-12-28,"6' 3""",235,31,R,R,3B,75
592301,Dominic Ficociello,1992-04-10,"6' 4""",200,34,S,R,1B,76
626925,Zac Shepherd,1995-09-14,"6' 3""",185,30,R,R,P,75
622208,Max White,1993-10-10,"6' 2""",175,32,L,L,LF,74
643356,Danny Hayes,1990-09-21,"6' 4""",230,35,L,R,1B,76
300001,Will Ferrell,1967-07-16,"6' 3""",115,58,R,R,SS,75
605183,Jason Coats,1990-02-24,"6' 2""",200,36,R,R,RF,74
621572,Keon Barnum,1993-01-16,"6' 5""",225,33,L,L,1B,77
594576,Jacob May,1992-01-23,"5' 10""",180,34,S,R,CF,70
451705,Alberto Rosario,1987-01-10,"6' 0""",175,39,R,R,C,72
606132,Raimel Tapia,1994-02-04,"6' 3""",178,32,L,L,RF,75
572128,Richie Shaffer,1991-03-15,"6' 3""",230,35,R,R,1B,75
605390,Parker Morin,1991-07-02,"6' 0""",195,34,L,R,C,72
450203,Charlie Morton,1983-11-12,"6' 5""",215,42,R,R,P,77
642350,Jose Siri,1995-07-22,"6' 2""",210,30,R,R,OF,74
592787,Will Swanner,1991-09-10,"6' 2""",195,34,R,R,C,74
657017,Cole Sturgeon,1991-09-17,"6' 0""",180,34,L,L,CF,72
425773,Casey Kotchman,1983-02-22,"6' 3""",220,43,L,L,1B,75
645277,Ozzie Albies,1997-01-07,"5' 7""",165,29,S,R,2B,67
606115,Orlando Arcia,1994-08-04,"5' 11""",187,31,R,R,SS,71
461235,Brandon Moss,1983-09-16,"6' 1""",210,42,L,R,1B,73
502046,Jeff Locke,1987-11-20,"6' 0""",200,38,L,L,P,72
607739,Dominique Taylor,1992-08-11,"6' 1""",200,33,R,R,LF,73
605508,Charlie Tilson,1992-12-02,"6' 1""",190,33,L,L,LF,73
643565,Mike Tauchman,1990-12-03,"6' 1""",215,35,L,L,RF,73
595130,Michael Benjamin,1992-03-18,"6' 0""",190,34,R,R,2B,72
434538,Francisco Liriano,1983-10-26,"6' 3""",220,42,L,L,P,75
641857,Ryan McMahon,1994-12-14,"6' 2""",211,31,L,R,3B,74
623194,Correlle Prime,1994-02-18,"6' 5""",222,32,R,R,1B,77
502140,Jeremy Barfield,1988-07-12,"6' 5""",245,37,R,L,RF,77
621311,David Dahl,1994-04-01,"6' 1""",197,32,L,R,LF,73
621562,Thomas Coyle,1990-10-24,"5' 7""",170,35,L,R,2B,67
607468,Alex Blandino,1992-11-06,"6' 0""",190,33,R,R,P,72
548324,Caleb Ramsey,1988-10-07,"6' 2""",215,37,L,R,RF,74
543004,Kes Carter,1990-03-03,"6' 2""",205,36,L,L,CF,74
502570,Rocky Gale,1988-02-22,"6' 1""",185,38,R,R,C,73
593997,Cesar Galvez,1991-07-24,"5' 9""",160,34,S,R,2B,69
623316,Breland Almadova,1990-10-18,"6' 1""",195,35,R,R,CF,73
607472,Garrett Boulware,1992-09-09,"6' 2""",200,33,R,R,C,74
572073,Joey Rickard,1991-05-21,"6' 0""",192,34,R,L,RF,72
600474,Pedro Severino,1993-07-20,"6' 1""",235,32,R,R,C,73
519005,Mike McDade,1989-05-08,"6' 1""",250,36,S,R,1B,73
571975,Jack Murphy,1988-04-06,"6' 4""",235,38,S,R,C,76
595956,Cam Gallagher,1992-12-06,"6' 3""",230,33,R,R,C,75
571467,Steven Baron,1990-12-07,"6' 0""",205,35,R,R,C,72
467785,Radhames Liz,1983-10-06,"6' 2""",200,42,R,R,P,74
656679,Shane Mardirosian,1995-10-13,"5' 10""",175,30,L,R,2B,70
591741,José Osuna,1992-12-12,"6' 2""",235,33,R,R,1B,74
592750,Jake Skole,1992-01-17,"6' 1""",195,34,L,R,CF,73
643396,Isiah Kiner-Falefa,1995-03-23,"5' 10""",195,31,R,R,2B,70
641829,Jason Martin,1995-09-05,"5' 8""",185,30,L,R,CF,68
452096,Darren Ford,1985-10-01,"5' 9""",190,40,R,R,CF,69
641351,Brandon Bednar,1992-03-21,"6' 4""",195,34,R,R,2B,76
642727,Sergio Alcántara,1996-07-10,"5' 10""",177,29,S,R,SS,70
571669,Rudy Flores,1990-12-12,"6' 3""",205,35,L,R,1B,75
606336,Luis Marté,1993-12-15,"6' 1""",188,32,R,R,SS,73
650958,Michael De León,1997-01-14,"6' 1""",160,29,S,R,3B,73
607287,Ruben Sosa,1990-09-23,"5' 7""",170,35,S,R,LF,67
457745,Luis Flores,1986-11-02,"5' 9""",215,39,R,R,C,69
571981,Telvin Nash,1991-02-20,"6' 3""",238,35,R,R,1B,75
605233,Derek Fisher,1993-08-21,"6' 3""",215,32,L,R,LF,75
473239,Juan Ciriaco,1983-08-15,"6' 0""",160,42,R,R,SS,72
607467,Elliott Blair,1988-02-03,"6' 1""",181,38,R,R,CF,73
571851,Spencer Kieboom,1991-03-16,"6' 0""",210,35,R,R,C,72
608384,Nick Williams,1993-09-08,"6' 3""",215,32,L,L,RF,75
592685,Drew Robinson,1992-04-20,"6' 1""",200,34,L,R,CF,73
543499,Luis Mateo,1990-05-23,"6' 0""",175,35,R,R,2B,72
489067,Ryan Lollis,1986-12-16,"6' 1""",190,39,L,L,LF,73
592174,Kelson Brown,1987-11-07,"6' 3""",175,38,R,R,3B,75
572262,Shannon Wilkerson,1988-07-20,"6' 0""",200,37,R,R,CF,72
285068,Cody Ransom,1976-02-17,"6' 2""",200,50,R,R,SS,74
608577,Nomar Mazara,1995-04-26,"6' 4""",225,31,L,L,OF,76
605151,Archie Bradley,1992-08-10,"6' 4""",215,33,R,R,P,76
453344,Brandon Morrow,1984-07-26,"6' 3""",207,41,R,R,P,75
502688,Nate Samson,1987-08-19,"6' 1""",190,38,R,R,SS,73
608721,Logan Vick,1990-10-22,"5' 11""",185,35,L,R,CF,71
425844,Zack Greinke,1983-10-21,"6' 2""",200,42,R,R,P,74
457926,Paul Janish,1982-10-12,"6' 2""",200,43,R,R,SS,74
607365,Tyler Ogle,1990-08-09,"5' 10""",210,35,R,R,C,70
571686,Jon Garcia,1991-11-11,"5' 11""",175,34,R,R,RF,71
506693,Henderson Alvarez,1990-04-18,"6' 0""",205,36,R,R,P,72
519455,Jordan Zimmermann,1986-05-23,"6' 2""",225,39,R,R,P,74
628329,Rusney Castillo,1987-07-09,"5' 9""",207,38,R,R,RF,69
285079,R.A. Dickey,1974-10-29,"6' 3""",215,51,R,R,P,75
592496,Cole Leonida,1988-12-25,"6' 2""",220,37,R,R,C,74
572076,Jose Rivera,1990-04-18,"5' 10""",170,36,R,R,2B,70
592097,Devan Ahart,1992-10-21,"6' 1""",175,33,L,R,CF,73
460086,Alex Gordon,1984-02-10,"6' 1""",220,42,L,R,LF,73
518852,Eric Jokisch,1989-07-29,"6' 2""",205,36,R,L,P,74
518863,Taylor Jordan,1989-01-17,"6' 5""",210,37,R,R,P,77
445590,Eric Stults,1979-12-09,"6' 2""",220,46,L,L,P,74
502249,Lars Anderson,1987-09-25,"6' 4""",215,38,L,L,1B,76
468429,Jose Constanza,1983-09-01,"5' 9""",185,42,L,L,LF,69
573113,Tony Renda,1991-01-24,"5' 8""",179,35,R,R,2B,68
605381,Levi Michael,1991-02-09,"5' 10""",180,35,R,R,2B,70
425426,Chien-Ming Wang,1980-03-31,"6' 4""",225,46,R,R,P,76
425794,Adam Wainwright,1981-08-30,"6' 7""",230,44,R,R,P,79
641553,Adam Engel,1991-12-09,"6' 2""",215,34,R,R,CF,74
595005,Ryan Strausborger,1988-03-04,"6' 0""",185,38,R,R,LF,72
430935,Cole Hamels,1983-12-27,"6' 4""",205,42,L,L,P,76
608671,Travis Jankowski,1991-06-15,"6' 3""",195,34,L,R,RF,75
621556,Evan Van Hoosier,1993-12-24,"5' 11""",185,32,R,R,2B,71
518466,Jabari Blash,1989-07-04,"6' 5""",235,36,R,R,RF,77
656766,Josh Morgan,1995-11-16,"5' 8""",190,30,R,R,3B,68
461842,Christian Marrero,1986-07-30,"6' 1""",185,39,L,L,1B,73
621483,Jason Kanzler,1990-08-20,"6' 0""",188,35,R,R,CF,72
571883,Dustin Lawley,1989-04-11,"6' 1""",205,37,R,R,LF,73
643407,Adam Law,1990-02-05,"6' 0""",195,36,R,R,LF,72
621446,Lewis Brinson,1994-05-08,"6' 5""",212,31,R,R,CF,77
571494,Danny Black,1988-08-19,"6' 3""",185,37,L,R,SS,75
571553,Darrell Ceciliani,1990-06-22,"6' 1""",220,35,L,L,LF,73
605119,Brian Anderson,1993-05-19,"6' 2""",215,32,R,R,3B,74
519377,Cory Vaughn,1989-05-01,"6' 3""",235,37,R,R,RF,75
608351,David Lyon,1990-01-19,"5' 11""",190,36,S,R,C,71
596840,Robbie Garvey,1989-04-26,"5' 8""",165,37,L,L,LF,68
643393,Tony Kemp,1991-10-31,"5' 6""",160,34,L,R,LF,66
605504,Dillon Thomas,1992-12-10,"6' 1""",215,33,L,L,LF,73
543860,Kevin Torres,1990-02-24,"6' 3""",195,36,L,R,C,75
468381,Leury Bonilla,1985-02-08,"6' 2""",195,41,R,R,3B,74
573255,John Wooten,1991-01-19,"6' 3""",190,35,R,R,RF,75
596874,Pin-Chieh Chen,1991-07-23,"6' 1""",170,34,L,R,LF,73
468452,Daniel Mayora,1985-07-27,"5' 11""",175,40,R,R,3B,71
594999,Tim Smalling,1987-10-14,"6' 3""",207,38,R,R,3B,75
656994,Seth Spivey,1992-07-06,"5' 11""",180,33,L,R,2B,71
539603,Justin Toole,1986-09-10,"6' 0""",180,39,R,R,3B,72
628333,Odrisamer Despaigne,1987-04-04,"6' 0""",200,39,R,R,P,72
500895,Emerson Landoni,1989-02-19,"5' 11""",189,37,R,R,2B,71
607471,Christopher Bostick,1993-03-24,"5' 10""",200,33,R,R,2B,70
506917,Tony Thomas,1986-07-10,"5' 10""",220,39,R,R,2B,70
457133,Wilkin Ramirez,1985-10-25,"6' 2""",230,40,R,R,LF,74
471906,Reynaldo Rodriguez,1986-07-02,"6' 0""",195,39,R,R,1B,72
459920,Jeff Howell,1983-04-01,"5' 11""",200,43,R,R,P,71
593372,Carlos Martinez,1991-09-21,"6' 0""",200,34,R,R,P,72
642708,Amed Rosario,1995-11-20,"6' 1""",227,30,R,R,3B,73
445055,Jon Jay,1985-03-15,"5' 11""",200,41,L,L,CF,71
620446,Richard Urena,1996-02-26,"6' 0""",195,30,S,R,SS,72
477132,Clayton Kershaw,1988-03-19,"6' 4""",225,38,L,L,P,76
542951,Royce Bolinger,1990-08-12,"6' 2""",200,35,R,R,P,74
434643,Wandy Rodriguez,1979-01-18,"5' 10""",195,47,S,L,P,70
453286,Max Scherzer,1984-07-27,"6' 3""",208,41,R,R,P,75
605231,Roemon Fields,1990-11-28,"5' 11""",180,35,L,L,CF,71
429717,Dan Haren,1980-09-17,"6' 5""",215,45,R,R,P,77
475243,Travis Wood,1987-02-06,"5' 11""",175,39,R,L,P,71
542932,Jon Berti,1990-01-22,"5' 10""",190,36,R,R,3B,70
455378,Ali Solis,1987-09-29,"6' 0""",200,38,R,R,C,72
656577,Alex Jackson,1995-12-25,"6' 1""",238,30,R,R,C,73
521788,Mario Martinez,1989-11-13,"6' 3""",220,36,R,R,3B,75
519076,Jimmy Nelson,1989-06-05,"6' 6""",250,36,R,R,P,78
218596,Tim Hudson,1975-07-14,"6' 1""",175,50,R,R,P,73
596817,Anthony Gallas,1987-12-14,"6' 2""",210,38,R,R,LF,74
543101,Anthony DeSclafani,1990-04-18,"6' 2""",195,36,R,R,P,74
453895,Brendan Ryan,1982-03-26,"6' 1""",190,44,R,R,SS,73
502239,Trevor Cahill,1988-03-01,"6' 4""",223,38,R,R,P,76
608382,Erich Weiss,1991-09-11,"6' 2""",200,34,L,R,2B,74
641513,Travis Demeritte,1994-09-30,"6' 0""",180,31,R,R,2B,72
474699,Vance Worley,1987-09-25,"6' 2""",240,38,R,R,P,74
572675,Anthony Aliotti,1987-07-16,"6' 0""",205,38,L,L,1B,72
595791,Jared Simon,1989-03-09,"6' 0""",230,37,R,R,RF,72
518612,Ryan Dent,1989-03-15,"6' 0""",190,37,R,R,SS,72
547179,Michael Lorenzen,1992-01-04,"6' 1""",210,34,R,R,P,73
488936,Sean Halton,1987-06-07,"6' 4""",260,38,R,R,1B,76
643464,Dillon Moyer,1991-07-18,"6' 0""",200,34,R,R,SS,72
571595,Noel Cuevas,1991-10-02,"6' 2""",224,34,R,R,CF,74
453385,Clayton Richard,1983-09-12,"6' 5""",240,42,L,L,P,77
554234,Williams Pérez,1991-05-21,"6' 0""",240,34,R,R,P,72
543026,Delta Cleary Jr.,1989-08-14,"6' 2""",220,36,S,R,CF,74
607780,Eric Wood,1992-11-22,"6' 1""",210,33,R,R,3B,73
592592,Brett Nicholas,1988-07-18,"6' 2""",220,37,L,R,C,74
534580,Wade Kirkland,1989-04-04,"5' 11""",200,37,R,R,SS,71
592731,Steve Selsky,1989-07-20,"6' 0""",213,36,R,R,RF,72
592387,Ryon Healy,1992-01-10,"6' 4""",230,34,R,R,1B,76
543179,Wes Freeman,1990-01-29,"6' 4""",215,36,R,R,OF,76
456673,Marquez Smith,1985-03-20,"5' 10""",205,41,R,R,1B,70
429719,Edwin Jackson,1983-09-09,"6' 2""",215,42,R,R,P,74
523989,Rubby De La Rosa,1989-03-04,"6' 0""",210,37,R,R,P,72
592533,Cody Martin,1989-09-04,"6' 3""",230,36,R,R,P,75
543344,Brian Humphries,1990-03-20,"6' 3""",205,36,L,R,LF,75
608061,T.J. Rivera,1988-10-27,"6' 1""",203,37,R,R,2B,73
461829,Gio Gonzalez,1985-09-19,"6' 0""",205,40,R,L,P,72
621036,Chris Diaz,1990-11-09,"5' 10""",190,35,R,R,SS,70
626843,Yosmany Guerra,1983-04-27,"5' 10""",10,43,L,R,SS,70
543408,Tom Koehler,1986-06-29,"6' 2""",235,39,R,R,P,74
623911,Elvis Escobar,1994-09-06,"5' 8""",181,31,L,L,P,68
595974,Travis Harrison,1992-10-17,"6' 1""",215,33,R,R,3B,73
623312,Kyle Johnson,1989-11-09,"5' 10""",195,36,R,R,CF,70
499926,Alex Liddi,1988-08-14,"6' 4""",225,37,R,R,3B,76
541611,Junior Sosa,1990-10-03,"5' 10""",180,35,L,L,CF,70
475479,David Phelps,1986-10-09,"6' 2""",200,39,R,R,P,74
621457,Connor Lien,1994-03-15,"6' 3""",225,32,R,R,CF,75
581532,Jayce Boyd,1990-12-30,"6' 1""",219,35,R,R,1B,73
623238,Kody Eaves,1993-07-08,"6' 0""",195,32,L,R,2B,72
607369,Travis Taijeron,1989-01-20,"6' 2""",224,37,R,R,RF,74
642086,Dominic Smith,1995-06-15,"5' 11""",224,30,L,L,1B,71
623698,Zach Osborne,1990-04-02,"5' 8""",175,36,R,R,SS,68
519388,Josh Vitters,1989-08-27,"6' 2""",200,36,R,R,3B,74
500779,Jose Quintana,1989-01-24,"6' 2""",224,37,R,L,P,74
150302,Jason Marquis,1978-08-21,"6' 1""",220,47,L,R,P,73
453562,Jake Arrieta,1986-03-06,"6' 4""",230,40,R,R,P,76
450729,Doug Fister,1984-02-04,"6' 8""",210,42,L,R,P,80
502009,Mat Latos,1987-12-09,"6' 6""",245,38,R,R,P,78
593755,Armando Araiza,1993-06-19,"5' 11""",205,32,R,R,P,71
541648,Francisco Martinez,1990-09-01,"6' 2""",210,35,R,R,3B,74
573163,Bryson Smith,1988-12-17,"6' 1""",195,37,R,R,CF,73
518909,Mike Kvasnicka,1988-12-07,"6' 2""",200,37,S,R,RF,74
607264,Jordan Ribera,1988-12-22,"6' 0""",225,37,L,R,1B,72
605218,Carl Edwards Jr.,1991-09-03,"6' 3""",165,34,R,R,P,75
470466,Jonathan Mota,1987-06-01,"6' 0""",200,38,R,R,SS,72
573350,Jae-Hoon Ha,1990-10-29,"6' 1""",185,35,R,R,P,73
490063,Matt Garza,1983-11-26,"6' 4""",220,42,R,R,P,76
448306,James Shields,1981-12-20,"6' 3""",210,44,R,R,P,75
645463,Galvi Moscat,1994-06-29,"6' 0""",180,31,R,R,P,72
594835,Marco Gonzales,1992-02-16,"6' 1""",205,34,L,L,P,73
518567,Josh Collmenter,1986-02-07,"6' 3""",240,40,R,R,P,75
489197,Curtis Partch,1987-02-13,"6' 5""",240,39,R,R,P,77
543054,Jarred Cosart,1990-05-25,"6' 3""",206,35,R,R,P,75
593775,Gabriel Quintana,1992-09-07,"6' 3""",215,33,R,R,3B,75
657051,Nicholas Torres,1993-06-30,"5' 11""",220,32,R,R,OF,71
621573,Austin Dean,1993-10-14,"6' 0""",215,32,R,R,LF,72
543149,Tim Fedroff,1987-02-04,"5' 10""",200,39,L,R,CF,70
640461,Chad Pinder,1992-03-29,"6' 2""",210,34,R,R,LF,74
623180,Seth Mejias-Brean,1991-04-05,"6' 2""",205,35,R,R,3B,74
595375,JT Riddle,1991-10-12,"6' 1""",190,34,L,R,SS,73
607770,Stephen Wickens,1989-03-05,"5' 10""",170,37,R,R,3B,70
453454,Mike McCoy,1981-04-02,"5' 9""",180,45,R,R,2B,69
502023,Travis Tartamella,1987-12-17,"6' 0""",205,38,R,R,C,72
595890,Auston Bousfield,1993-07-05,"5' 11""",185,32,R,R,CF,71
592445,Jonathan Jones,1989-08-02,"5' 11""",185,36,R,R,CF,71
407835,Jason Lane,1976-12-22,"6' 2""",225,49,R,L,P,74
458691,David Adams,1987-05-15,"6' 2""",205,38,R,R,3B,74
607342,Chadd Krist,1990-01-28,"5' 11""",190,36,R,R,C,71
606192,Teoscar Hernández,1992-10-15,"6' 0""",215,33,R,R,LF,72
463748,Sharlon Schoop,1987-04-15,"6' 2""",190,39,R,R,SS,74
570616,Junior Arias,1992-01-09,"6' 1""",195,34,R,R,CF,73
519303,Elliot Soto,1989-08-21,"5' 7""",160,36,R,R,SS,67
605204,J.D. Davis,1993-04-27,"6' 1""",218,33,R,R,3B,73
621520,Clint Coulter,1993-07-30,"6' 3""",225,32,R,R,RF,75
461871,Hainley Statia,1986-01-19,"5' 10""",178,40,S,R,SS,70
346798,Kyle Lohse,1978-10-04,"6' 2""",215,47,R,R,P,74
598286,Nick Ramirez,1989-08-01,"6' 4""",232,36,L,L,P,76
572056,Michael Ratterree,1991-02-09,"6' 1""",190,35,R,R,RF,73
519224,Jonathan Roof,1989-01-23,"6' 1""",175,37,R,R,SS,73
543067,Bobby Crocker,1990-05-01,"6' 3""",225,36,R,R,CF,75
608080,Brandon Macias,1988-10-10,"5' 10""",185,37,R,R,3B,70
605439,Michael Reed,1992-11-18,"6' 0""",215,33,R,R,CF,72
491708,Arquimedes Caminero,1987-06-16,"6' 4""",245,38,R,R,P,76
430906,Donnie Murphy,1983-03-10,"5' 10""",190,43,R,R,3B,70
573088,Cameron Perkins,1990-09-27,"6' 5""",225,35,R,R,LF,77
433589,Yusmeiro Petit,1984-11-22,"6' 1""",252,41,R,R,P,73
454977,Mario Lisson,1984-05-31,"6' 2""",220,41,R,R,3B,74
518633,Danny Duffy,1988-12-21,"6' 3""",205,37,L,L,P,75
576405,Brian Fletcher,1988-10-26,"6' 0""",195,37,R,R,LF,72
476451,Jeremy Hellickson,1987-04-08,"6' 1""",190,39,R,R,P,73
408234,Miguel Cabrera,1983-04-18,"6' 4""",267,43,R,R,1B,76
488862,Yunel Escobar,1982-11-02,"6' 2""",215,43,R,R,SS,74
503449,Wily Peralta,1989-05-08,"6' 1""",261,36,R,R,P,73
400121,Victor Martinez,1978-12-23,"6' 2""",235,47,S,R,DH,74
543079,Jermaine Curtis,1987-07-10,"5' 11""",190,38,R,R,LF,71
544931,Stephen Strasburg,1988-07-20,"6' 5""",239,37,R,R,P,77
623184,Scott Oberg,1990-03-13,"6' 2""",207,36,R,R,P,74
594798,Jacob deGrom,1988-06-19,"6' 4""",180,37,L,R,P,76
622488,Ricardo Marcano,1994-10-18,"6' 2""",190,31,L,R,LF,74
623375,Ethan Chapman,1990-01-05,"6' 0""",180,36,L,R,CF,72
643235,Kevin Brown,1990-10-30,"6' 0""",195,35,L,R,LF,72
657795,Tyler Wampler,1991-09-11,"6' 0""",175,34,R,R,SS,72
640900,Rayder Ascanio,1996-03-17,"5' 11""",155,30,R,R,SS,71
625510,Erick Mejia,1994-11-09,"6' 0""",195,31,S,R,P,72
624513,Dom Nuñez,1995-01-17,"6' 0""",212,31,L,R,C,72
554333,Raul Navarro,1992-02-05,"5' 10""",170,34,R,R,SS,70
542992,Andy Burns,1990-08-07,"6' 2""",205,35,R,R,3B,74
571711,Todd Glaesmann,1990-10-24,"6' 4""",225,35,R,R,CF,76
444859,Melky Mesa,1987-01-31,"6' 1""",200,39,R,R,LF,73
502026,Jeremy Jeffress,1987-09-21,"6' 0""",205,38,R,R,P,72
594953,Daniel Palka,1991-10-28,"6' 2""",240,34,L,L,LF,74
623421,Ryan Arrowood,1990-08-24,"6' 3""",190,35,R,R,P,75
592198,D.K. Carey,1991-11-14,"6' 3""",185,34,R,R,CF,75
543191,Kyle Gaedele,1989-11-01,"6' 3""",235,36,R,R,LF,75
622058,D.J. Davis,1994-07-25,"6' 1""",180,31,L,R,CF,73
593951,Aderling Mejia,1992-05-12,"5' 11""",170,33,S,R,SS,71
624512,Reese McGuire,1995-03-02,"6' 0""",230,31,L,R,C,72
475115,Tyson Ross,1987-04-22,"6' 5""",254,39,R,R,P,77
591718,Jose Paez,1993-08-11,"6' 0""",165,32,R,R,CF,72
571767,Jabari Henry,1990-11-11,"6' 1""",200,35,R,R,LF,73
475894,Ralph Henriquez,1987-04-07,"6' 1""",205,39,S,R,C,73
543451,Ollie Linton,1986-04-07,"5' 8""",160,40,L,L,CF,68
543471,Jose Lozada,1985-12-29,"6' 0""",180,40,S,R,SS,72
571713,Alex Glenn,1991-06-11,"5' 11""",180,34,L,L,LF,71
622654,Henry Garcia,1993-09-21,"6' 2""",195,32,R,R,1B,74
605170,Victor Caratini,1993-08-17,"6' 0""",225,32,S,R,C,72
642437,Michael Medina,1996-08-24,"6' 4""",210,29,R,R,RF,76
499107,Francisley Bueno,1981-03-05,"5' 11""",205,45,L,L,P,71
609267,Dorssys Paulino,1994-11-21,"6' 0""",175,31,R,R,LF,72
458679,Josh Bell,1986-11-13,"6' 2""",230,39,S,R,3B,74
543223,Brad Glenn,1987-04-02,"6' 2""",220,39,R,R,RF,74
600967,Cleuluis Rondon,1994-04-13,"5' 11""",155,32,S,R,SS,71
570233,Frank Batista,1989-04-26,"5' 10""",170,37,R,R,P,70
608475,Dawel Lugo,1994-12-31,"6' 0""",190,31,R,R,2B,72
575929,Willson Contreras,1992-05-13,"6' 0""",240,33,R,R,1B,72
594950,Shane Opitz,1992-01-10,"6' 1""",180,34,L,R,SS,73
502219,D' Vontrey Richardson,1988-07-30,"6' 1""",200,37,R,R,CF,73
543231,Mike Gonzales,1988-06-16,"6' 6""",265,37,L,R,1B,78
452718,Kyle Kendrick,1984-08-26,"6' 3""",220,41,R,R,P,75
434628,Jason Hammel,1982-09-02,"6' 6""",225,43,R,R,P,78
518790,Chris Heston,1988-04-10,"6' 3""",195,38,R,R,P,75
455976,Nick Markakis,1983-11-17,"6' 1""",210,42,L,L,RF,73
527054,Julio Teheran,1991-01-27,"6' 2""",205,35,R,R,P,74
518774,Matt Harvey,1989-03-27,"6' 4""",220,37,R,R,P,76
605370,C.J. McElroy,1993-05-29,"5' 10""",180,32,R,R,CF,70
656185,Greg Allen,1993-03-15,"5' 10""",187,33,S,R,CF,70
407793,John Lackey,1978-10-23,"6' 6""",235,47,R,R,P,78
628452,Raisel Iglesias,1990-01-04,"6' 2""",190,36,R,R,P,74
660168,Roberto Baldoquin,1994-05-14,"5' 11""",199,31,R,R,SS,71
572028,Stephen Perez,1990-12-16,"5' 11""",185,35,S,R,SS,71
592230,Kaleb Cowart,1992-06-02,"6' 3""",225,33,S,R,3B,75
608724,Adam Brett Walker,1991-10-18,"6' 5""",225,34,R,R,RF,77
570557,Wilson Soriano,1991-12-31,"5' 9""",140,34,R,R,3B,69
453857,Brock Peterson,1983-11-20,"6' 3""",230,42,R,R,LF,75
656383,Blake Drake,1993-07-11,"6' 1""",190,32,R,R,P,73
519402,Garrett Weber,1989-03-29,"5' 10""",165,37,R,R,2B,70
621438,Tyrone Taylor,1994-01-22,"6' 0""",218,32,R,R,RF,72
592858,Rowan Wick,1992-11-09,"6' 3""",252,33,L,R,P,75
607109,Matt Williams,1989-08-29,"6' 0""",170,36,R,R,SS,72
641391,Colin Bray,1993-06-18,"6' 3""",197,32,S,L,CF,75
592256,Kellin Deglan,1992-05-03,"6' 2""",215,34,L,R,C,74
605415,Daniel Paolini,1989-10-11,"6' 0""",190,36,R,R,1B,72
621199,Matt Bowman,1991-05-31,"6' 0""",185,34,R,R,P,72
518452,Chad Bettis,1989-04-26,"6' 0""",201,37,R,R,P,72
599813,Eduard Pinto,1994-10-23,"5' 11""",150,31,L,L,LF,71
571666,Mike Fiers,1985-06-15,"6' 2""",211,40,R,R,P,74
644337,Nate Orf,1990-02-01,"5' 8""",181,36,R,R,2B,68
642470,Omar Carrizales,1995-01-30,"6' 0""",175,31,L,L,CF,72
516689,Angelys Nina,1988-11-16,"5' 11""",165,37,R,R,2B,71
573158,Brady Shoemaker,1987-05-10,"6' 0""",220,38,R,R,LF,72
607332,Peter Lavin,1987-12-27,"5' 11""",180,38,L,L,LF,71
623188,Dario Pizzano,1991-04-25,"5' 11""",200,35,L,R,LF,71
592117,David Armendariz,1991-08-22,"6' 0""",190,34,R,R,RF,72
621468,Jacob Scavuzzo,1994-01-15,"6' 4""",185,32,R,R,LF,76
607399,Todd Hankins,1990-11-18,"5' 9""",180,35,R,R,2B,69
641933,Tyler O'Neill,1995-06-22,"5' 9""",200,30,R,R,RF,69
543232,Bengie González,1990-01-16,"5' 11""",160,36,S,R,SS,71
543198,Drew Garcia,1986-04-22,"6' 1""",175,40,S,R,2B,73
656996,J.P. Sportman,1992-01-26,"5' 9""",185,34,R,R,CF,69
605102,Gianfranco Wawoe,1994-07-25,"5' 11""",170,31,R,R,2B,71
608711,Joe Sever,1990-08-12,"6' 0""",205,35,R,R,1B,72
621313,Josh McAdams,1994-01-25,"6' 4""",225,32,R,R,RF,76
643498,Anthony Ray,1995-03-03,"6' 1""",165,31,L,R,LF,73
595878,Brett Austin,1992-11-24,"6' 1""",210,33,S,R,C,73
608379,Michael Wacha,1991-07-01,"6' 6""",215,34,R,R,P,78
641870,Trey Michalczewski,1995-02-27,"6' 4""",220,31,S,R,3B,76
572750,Eddie Butler,1991-03-13,"6' 2""",180,35,R,R,P,74
592879,Asher Wojciechowski,1988-12-21,"6' 4""",235,37,R,R,P,76
446321,Ross Detwiler,1986-03-06,"6' 5""",210,40,R,L,P,77
646057,Miguel Alfredo Gonzalez,1986-09-23,"6' 3""",210,39,R,R,P,75
578570,Juniel Querecuto,1992-09-19,"5' 9""",195,33,S,R,3B,69
553891,Leonardo Reginatto,1990-04-10,"6' 2""",188,36,R,R,3B,74
547973,Aroldis Chapman,1988-02-28,"6' 4""",235,38,L,L,P,76
623930,Justin Jirschele,1990-04-15,"5' 11""",195,36,L,R,LF,71
572702,Brandon Bantz,1987-01-07,"6' 1""",205,39,R,R,C,73
641314,Ryan Aper,1993-06-06,"6' 3""",175,32,R,R,CF,75
596018,Patrick Leonard,1992-10-20,"6' 4""",225,33,R,R,1B,76
543694,Harold Riggins,1990-03-06,"6' 2""",240,36,R,R,1B,74
594906,Alfredo Lopez,1989-10-07,"5' 10""",160,36,R,R,2B,70
488768,Andrew Cashner,1986-09-11,"6' 6""",235,39,R,R,P,78
518468,Michael Blazek,1989-03-16,"6' 0""",205,37,R,R,P,72
605378,Kevin Medrano,1990-05-21,"6' 1""",155,35,L,R,2B,73
594781,Ben Carhart,1990-01-21,"5' 10""",200,36,R,R,3B,70
607172,Trey Martin,1992-12-11,"6' 2""",188,33,R,R,CF,74
605894,Severino González,1992-09-28,"6' 2""",155,33,R,R,P,74
642049,Silento Sayles,1995-08-28,"5' 9""",185,30,R,R,CF,69
657444,Bo Way,1991-11-17,"6' 0""",180,34,L,L,CF,72
543475,Jordan Lyles,1990-10-19,"6' 5""",230,35,R,R,P,77
518418,Phillippe Aumont,1989-01-07,"6' 7""",265,37,L,R,P,79
592881,Kyle Wren,1991-04-23,"5' 10""",180,35,L,L,CF,70
623173,Chuck Taylor,1993-09-21,"5' 9""",190,32,S,L,LF,69
592861,J.D. Williams,1990-11-20,"5' 11""",183,35,S,R,LF,71
606956,Ryan Court,1988-05-28,"6' 2""",210,37,R,R,3B,74
593639,Diego Cedeno,1992-05-19,"5' 11""",160,33,L,L,LF,71
548357,Christian Bergman,1988-05-04,"6' 1""",195,38,R,R,P,73
605421,Michael Pérez,1992-08-07,"5' 10""",195,33,L,R,C,70
623502,Tim Saunders,1990-05-17,"6' 0""",180,35,R,R,2B,72
625600,Randy Reyes,1992-09-04,"6' 0""",175,33,R,R,RF,72
544365,Manny Banuelos,1991-03-13,"5' 10""",215,35,R,L,P,70
545353,Jio Mier,1990-08-26,"6' 2""",204,35,R,R,SS,74
518585,Fernando Cruz,1990-03-28,"6' 2""",237,36,R,R,P,74
592804,Tyler Thornburg,1988-09-29,"5' 11""",190,37,R,R,P,71
408241,Jake Peavy,1981-05-31,"6' 1""",195,44,R,R,P,73
571527,David Buchanan,1989-05-11,"6' 3""",200,36,R,R,P,75
592351,Jon Gray,1991-11-05,"6' 4""",225,34,R,R,P,76
608380,Drew Ward,1994-11-25,"6' 3""",231,31,L,R,3B,75
571712,Jeff Glenn,1991-09-22,"6' 3""",221,34,R,R,C,75
460059,Mike Pelfrey,1984-01-14,"6' 7""",240,42,R,R,P,79
430641,Blaine Boyer,1981-07-11,"6' 3""",235,44,R,R,P,75
657019,Michael Suchy,1993-04-15,"6' 3""",228,33,R,R,RF,75
607273,Mark Threlkeld,1990-05-02,"6' 3""",210,30,R,R,1B,75
511428,Leo Heras,1990-05-29,"5' 9""",190,35,L,R,OF,69
592662,Robbie Ray,1991-10-01,"6' 2""",220,34,L,L,P,74
518516,Madison Bumgarner,1989-08-01,"6' 4""",240,36,R,L,P,76
595918,A.J. Cole,1992-01-05,"6' 5""",240,34,R,R,P,77
571946,Shelby Miller,1990-10-10,"6' 3""",225,35,R,R,P,75
464268,Javier Herrera,1985-04-09,"5' 11""",225,41,R,R,CF,71
605196,Kevin Cron,1993-02-17,"6' 4""",255,33,R,R,1B,76
605369,Casey McElroy,1989-12-28,"5' 8""",180,36,L,R,2B,68
622738,Tito Polo,1994-08-23,"5' 10""",195,31,R,R,CF,70
606988,Grayson Greiner,1992-10-11,"6' 6""",238,33,R,R,C,78
607732,Jacob Stallings,1989-12-22,"6' 5""",225,36,R,R,C,77
592585,Spencer Navin,1992-08-11,"6' 1""",185,33,R,R,C,73
602074,Yonathan Daza,1994-02-28,"6' 2""",207,32,R,R,CF,74
602080,Erick Castillo,1993-02-25,"5' 11""",178,33,R,R,C,71
489413,Casper Wells,1984-11-23,"6' 2""",220,41,R,R,RF,74
605462,Jonathan Schwind,1990-05-30,"6' 0""",185,35,R,R,LF,72
656509,Monte Harrison,1995-08-10,"6' 1""",218,30,R,R,CF,73
606987,Dean Green,1989-06-30,"6' 4""",255,36,L,R,DH,76
623209,Marty Gantt,1990-02-11,"5' 11""",180,36,R,L,LF,71
607081,Cameron Seitzer,1990-01-11,"6' 5""",220,36,L,R,P,77
543629,Tyler Pastornicky,1989-12-13,"5' 11""",180,36,R,R,SS,71
605613,David Gonzalez,1993-12-01,"5' 9""",140,32,S,R,SS,69
606189,Hamlet Marte,1994-02-03,"5' 10""",180,32,R,R,C,70
572227,Zach Vincej,1991-05-01,"6' 0""",190,35,R,R,SS,72
607220,Richard Prigatano,1992-09-24,"6' 3""",195,33,R,R,RF,75
606205,Jairo Rosario,1993-01-21,"5' 10""",175,33,R,R,C,70
622660,Denzel Richardson,1994-01-07,"6' 2""",175,32,R,R,CF,74
644366,Gerald Bautista,1994-07-20,"6' 0""",190,31,R,R,3B,72
593638,Chris Garia,1992-12-16,"6' 0""",165,33,S,R,CF,72
600466,Raudy Read,1993-10-29,"6' 0""",220,32,R,R,C,72
641736,Wesley Jones,1995-08-12,"6' 2""",180,30,R,R,2B,74
641842,Terry McClure,1995-09-29,"6' 2""",190,30,R,R,CF,74
657426,Max George,1996-04-07,"5' 10""",190,30,R,R,SS,70
641680,Jonah Heim,1995-06-27,"6' 4""",220,30,S,R,C,76
656293,Jodd Carter,1996-07-20,"5' 10""",170,29,R,R,LF,70
642082,Chance Sisco,1995-02-24,"6' 1""",210,31,L,R,C,73
605137,Josh Bell,1992-08-14,"6' 3""",261,33,S,R,1B,75
656643,Zac Law,1996-07-08,"6' 0""",190,29,R,R,CF,72
643584,Tanner Vavra,1989-07-06,"5' 11""",180,36,R,R,2B,71
543729,John Ruettiger,1989-09-21,"6' 1""",193,36,L,L,LF,73
608418,Claudio Bautista,1993-11-29,"5' 11""",170,32,R,R,2B,71
621559,Max Moroff,1993-05-13,"5' 10""",190,32,S,R,2B,70
543275,Nate Hanson,1987-02-08,"6' 0""",195,39,R,R,1B,72
640450,Josh Hart,1994-10-02,"6' 1""",180,31,L,L,CF,73
592766,Taylor Brennan,1992-01-31,"6' 0""",210,34,R,R,3B,72
608719,Alex Swim,1991-03-26,"6' 0""",185,35,L,R,C,72
608841,Joey Meneses,1992-05-06,"6' 4""",235,34,R,R,1B,76
650420,Trey Vavra,1991-09-17,"6' 2""",185,34,R,R,1B,74
430912,Matt Cain,1984-10-01,"6' 3""",230,41,R,R,P,75
658069,Joshua Fuentes,1993-02-19,"6' 0""",209,33,R,R,3B,72
656980,Alec Sole,1993-06-01,"6' 2""",200,32,L,R,SS,74
592149,Coty Blanchard,1991-12-16,"6' 0""",180,34,R,R,2B,72
490675,Ray Chang,1983-08-24,"6' 1""",195,42,R,R,3B,73
592530,José Marmolejos,1993-01-02,"6' 2""",239,33,L,L,1B,74
518840,Jiwan James,1989-04-11,"6' 4""",180,37,S,R,CF,76
592582,Bryson Myles,1989-09-18,"5' 11""",230,36,R,R,LF,71
607207,Austin Davidson,1993-01-03,"6' 0""",180,33,L,R,3B,72
641882,Thomas Milone,1995-01-26,"5' 11""",190,31,L,L,CF,71
544827,Carlos Paulino,1989-09-24,"6' 0""",175,36,R,R,C,72
606121,Alexander Simon,1992-09-28,"6' 2""",185,33,S,R,1B,74
593993,José Briceño,1992-09-19,"6' 1""",225,33,R,R,C,73
544926,Josh Fellhauer,1988-03-24,"5' 11""",175,38,L,L,LF,71
433697,Robinzon Díaz,1983-09-19,"5' 11""",220,42,R,R,C,71
594587,Nick Shaw,1988-08-25,"5' 11""",160,37,L,R,2B,71
657227,Bobby Ison,1993-07-05,"5' 8""",170,32,L,L,RF,68
592259,Jake DePew,1992-03-01,"6' 1""",210,34,R,R,C,73
501992,Nate Karns,1987-11-25,"6' 3""",225,38,R,R,P,75
454975,Hernan Iribarren,1984-06-29,"6' 1""",202,41,L,R,2B,73
534592,Chris Berset,1988-01-27,"6' 0""",195,38,S,R,C,72
425532,Jerome Williams,1981-12-04,"6' 3""",260,44,R,R,P,75
458681,Lance Lynn,1987-05-12,"6' 5""",280,38,S,R,P,77
502042,Chris Archer,1988-09-26,"6' 2""",195,37,R,R,P,74
643322,Ryan Gebhardt,1991-10-05,"5' 11""",195,34,R,R,SS,71
606133,Luis Cruz,1993-05-26,"6' 2""",225,32,R,R,C,74
553889,Hector Guevara,1991-10-07,"6' 0""",192,34,R,R,2B,72
595963,Tyler Goeddel,1992-10-20,"6' 4""",180,33,R,R,3B,76
594021,Alberth Martinez,1991-01-23,"6' 1""",170,35,R,R,CF,73
572088,Jonathan Rodríguez,1989-08-21,"6' 2""",250,36,R,R,1B,74
622713,Engelb Vielma,1994-06-22,"5' 11""",155,31,S,R,SS,71
623521,Paul Hendrix,1991-11-18,"6' 2""",190,34,R,R,P,74
621478,Chad Christensen,1990-10-06,"6' 3""",205,35,R,R,RF,75
659085,Alvaro Rondon,1990-09-06,"5' 8""",160,35,L,R,SS,68
593984,Ronald Bueno,1992-10-04,"5' 10""",154,33,S,R,2B,70
488871,Jeremy Farrell,1986-11-11,"6' 3""",200,39,R,R,3B,75
516952,Angel Franco,1990-05-23,"5' 10""",155,35,S,R,2B,70
643524,Frank Schwindel,1992-06-29,"6' 1""",220,33,R,R,1B,73
112526,Bartolo Colon,1973-05-24,"5' 11""",285,52,R,R,P,71
657512,Billy Bereszniewicz,1991-09-11,"5' 10""",170,34,L,L,LF,70
430897,Nick Swisher,1980-11-25,"6' 0""",195,45,S,L,RF,72
622584,Jose Fernandez,1993-11-28,"6' 2""",175,32,R,R,OF,74
593392,Luis Caballero,1992-07-08,"6' 0""",185,33,R,R,3B,72
502679,Burt Reynolds,1988-09-13,"6' 1""",212,37,R,R,OF,73
643577,Brandon Trinkwon,1992-03-30,"6' 1""",170,34,L,R,2B,73
643352,David Harris,1991-08-10,"6' 1""",190,34,R,R,LF,73
598290,Ryan Wright,1989-12-03,"6' 1""",200,36,R,R,2B,73
608631,Pat Blair,1991-10-01,"5' 10""",180,34,R,R,SS,70
594888,Robert Kral,1989-03-28,"5' 10""",195,37,L,R,C,70
607358,Martin Medina,1990-03-24,"6' 0""",200,36,R,R,C,72
623164,Craig Manuel,1990-05-22,"6' 1""",205,35,L,R,C,73
456501,Johnny Cueto,1986-02-15,"5' 11""",229,40,R,R,P,71
506703,Adrián Sanchez,1990-08-16,"6' 0""",197,35,R,R,3B,72
621529,Joe Hudson,1991-05-21,"5' 11""",210,34,R,R,C,71
641477,Ryan Cordell,1992-03-31,"6' 4""",200,34,R,R,CF,76
642770,Javy Guerra,1995-09-25,"6' 0""",190,30,L,R,P,72
502265,Tyson Gillies,1988-10-31,"6' 2""",205,37,L,R,CF,74
592343,Juan Gomes,1991-12-25,"6' 2""",180,34,R,R,C,74
475123,Terrence Dayleg,1987-09-19,"6' 0""",170,38,R,R,SS,72
572738,Stephen Bruno,1990-11-17,"5' 9""",175,35,R,R,2B,69
596089,Drake Roberts,1992-01-06,"5' 8""",155,34,S,R,3B,68
520988,Oscar Tejeda,1989-12-26,"6' 1""",170,36,R,R,2B,73
643218,Joe Bennie,1991-05-07,"6' 0""",200,34,R,R,2B,72
446044,Joshua Rodriguez,1984-12-18,"6' 0""",192,41,R,R,SS,72
622168,Yairo Muñoz,1995-01-23,"5' 11""",200,31,R,R,3B,71
621551,Michael Snyder,1990-06-17,"6' 4""",240,35,R,R,1B,76
657423,Danny Diekroeger,1992-05-25,"6' 2""",205,33,L,R,3B,74
595144,Jaycob Brugman,1992-01-18,"6' 0""",195,34,L,L,LF,72
608647,Joey DeMichele,1991-02-05,"5' 11""",190,35,L,R,2B,71
605543,Zach Wright,1990-01-10,"6' 1""",205,36,R,R,C,73
607259,Nick Martinez,1990-08-05,"6' 1""",200,35,L,R,P,73
592740,Rock Shoulders,1991-09-26,"6' 2""",225,34,L,R,1B,74
477003,Jonathon Niese,1986-10-27,"6' 3""",215,39,L,L,P,75
571529,Alex Burg,1987-08-09,"6' 0""",190,38,R,R,DH,72
593642,Luis Mendez,1993-01-01,"5' 10""",188,33,S,R,3B,70
543044,Zach Cone,1989-12-14,"6' 2""",212,36,R,R,CF,74
554431,Tyler Matzek,1990-10-19,"6' 3""",250,35,L,L,P,75
621505,Chuck Moorman,1994-01-09,"5' 11""",200,32,R,R,C,71
543921,Joe Wieland,1990-01-21,"6' 2""",205,36,R,R,P,74
608654,Johnny Field,1992-02-20,"5' 10""",195,34,R,R,LF,70
502089,Brian Jeroloman,1985-05-10,"6' 0""",205,40,L,R,C,72
606580,Jose Cardona,1994-03-16,"6' 1""",175,32,R,R,CF,73
650432,Reydel Medina,1993-02-14,"6' 0""",220,33,L,L,RF,72
572136,Juan Silva,1991-01-08,"6' 0""",200,35,L,L,LF,72
623393,Josh Almonte,1994-01-28,"6' 3""",210,32,R,R,P,75
518886,Craig Kimbrel,1988-05-28,"6' 0""",215,37,R,R,P,72
643310,Michael Fransoso,1990-07-27,"6' 0""",180,35,L,R,2B,72
514719,Henry Alejandro Rodriguez,1990-02-09,"5' 8""",200,36,S,R,2B,68
643500,Mike Reeves,1990-09-16,"6' 2""",195,35,L,R,C,74
593444,Luigi Rodriguez,1992-11-13,"5' 11""",160,33,L,R,CF,71
621208,John Kuchno,1991-05-21,"6' 5""",210,34,R,R,P,77
622211,Brett Vertigan,1990-08-21,"5' 9""",175,35,L,L,CF,69
548378,Brodie Greene,1987-09-25,"6' 1""",195,38,R,R,2B,73
642133,Rowdy Tellez,1995-03-16,"6' 4""",270,31,L,L,1B,76
607495,David Chester,1989-03-31,"6' 5""",270,37,R,R,1B,77
543653,Phil Pohl,1990-07-22,"5' 11""",215,35,R,R,C,71
594947,Chad Oberacker,1989-01-14,"6' 0""",195,37,L,L,CF,72
570639,Yefri Pérez,1991-02-24,"5' 11""",170,35,S,R,CF,71
643424,Justin Maffei,1991-08-27,"5' 11""",173,34,R,R,LF,71
595023,Colin Walsh,1989-09-26,"6' 1""",200,36,S,R,3B,73
474463,Brett Anderson,1988-02-01,"6' 4""",230,38,L,L,P,76
593591,Delvis Morales,1990-08-29,"6' 2""",175,35,S,R,SS,74
453178,Ian Kennedy,1984-12-19,"6' 0""",210,41,R,R,P,72
661255,Yoan López,1993-01-02,"6' 3""",208,33,R,R,P,75
543294,Kyle Hendricks,1989-12-07,"6' 3""",190,36,R,R,P,75
642487,Jesus Martinez,1995-05-07,"5' 10""",165,30,L,L,CF,70
621531,Ronnie Freeman,1991-01-08,"6' 1""",190,35,R,R,C,73
607966,Tim Roberson,1989-07-19,"5' 10""",215,36,R,R,C,70
606160,Rafael Montero,1990-10-17,"6' 0""",193,35,R,R,P,72
593590,Webster Rivas,1990-08-08,"6' 1""",219,35,R,R,1B,73
628364,Deivy Castillo,1995-07-21,"6' 3""",170,30,L,L,CF,75
572245,Brenden Webb,1990-02-24,"6' 1""",185,36,L,L,RF,73
595008,Trace Tam Sing,1991-12-07,"6' 0""",175,34,R,R,SS,72
571693,Jeff Gelalich,1991-03-16,"6' 0""",210,35,L,R,RF,72
656965,Chase Simpson,1992-02-17,"6' 1""",210,34,S,R,3B,73
593823,Narciso Mesa,1991-11-16,"5' 11""",175,34,R,R,CF,71
657729,Collin Radack,1992-03-30,"6' 3""",205,34,R,R,LF,75
592491,Alex Lavisky,1991-01-13,"6' 1""",209,35,R,R,C,73
518835,Stewart Ijames,1988-08-21,"6' 0""",220,37,L,R,RF,72
421685,Aaron Harang,1978-05-09,"6' 7""",260,47,R,R,P,79
434671,Aníbal Sánchez,1984-02-27,"6' 0""",207,42,R,R,P,72
518716,Dillon Gee,1986-04-28,"6' 1""",205,40,R,R,P,73
435221,Brandon McCarthy,1983-07-07,"6' 8""",225,42,R,R,P,80
516910,Carlos Frías,1989-11-13,"6' 4""",195,36,R,R,P,76
543339,Daniel Hudson,1987-03-09,"6' 3""",215,39,R,R,P,75
595307,Seth Maness,1988-10-14,"6' 0""",190,37,R,R,P,72
594922,Steve McQuail,1989-06-10,"6' 2""",225,36,R,R,LF,74
457810,Brian Burgamy,1981-06-27,"5' 10""",190,44,S,R,LF,70
595141,Patrick Brady,1988-02-05,"5' 10""",180,38,R,R,2B,70
600253,Aaron Barbosa,1992-04-14,"5' 10""",160,34,L,R,CF,70
543306,D.J. Hicks,1990-04-02,"6' 5""",247,36,L,R,1B,77
657733,Roberto Ramos,1994-12-28,"6' 3""",220,31,L,R,1B,75
643275,Johnny Davis,1990-04-26,"5' 10""",180,36,S,R,CF,70
657598,Cade Gotta,1991-08-01,"6' 4""",205,34,R,R,OF,76
623306,Steel Russell,1990-09-05,"6' 0""",195,35,L,R,C,72
502004,George Kontos,1985-06-12,"6' 3""",225,40,R,R,P,75
572096,Trevor Rosenthal,1990-05-29,"6' 2""",230,35,R,R,P,74
453172,Jared Hughes,1985-07-04,"6' 7""",240,40,R,R,P,79
605177,Andrew Chafin,1990-06-17,"6' 2""",235,35,R,L,P,74
475416,Justin Masterson,1985-03-22,"6' 6""",260,41,R,R,P,78
519144,Rick Porcello,1988-12-27,"6' 5""",205,37,R,R,P,77
622072,Alex Wood,1991-01-12,"6' 4""",215,35,R,L,P,76
543272,Brad Hand,1990-03-20,"6' 3""",224,36,L,L,P,75
453329,Clay Buchholz,1984-08-14,"6' 3""",190,41,L,R,P,75
452657,Jon Lester,1984-01-07,"6' 4""",249,42,L,L,P,76
456701,Homer Bailey,1986-05-03,"6' 4""",223,40,R,R,P,76
150029,Jayson Werth,1979-05-20,"6' 5""",235,46,R,R,RF,77
457711,Sean O'Sullivan,1987-09-01,"6' 1""",245,38,R,R,P,73
430580,Alfredo Simon,1981-05-08,"6' 6""",265,44,R,R,P,78
592836,Taijuan Walker,1992-08-13,"6' 4""",235,33,R,R,P,76
572888,Shane Greene,1988-11-17,"6' 4""",200,37,R,R,P,76
516970,Sugar Ray Marimon,1988-09-30,"6' 1""",195,37,R,R,P,73
547874,Hisashi Iwakuma,1981-04-12,"6' 3""",210,45,R,R,P,75
453307,David Huff,1984-08-22,"6' 1""",210,41,S,L,P,73
504379,Juan Nicasio,1986-08-31,"6' 4""",250,39,R,R,P,76
572020,James Paxton,1988-11-06,"6' 4""",212,37,L,L,P,76
594987,Casey Sadler,1990-07-13,"6' 3""",223,35,R,R,P,75
459431,Michael Saunders,1986-11-19,"6' 4""",225,39,L,R,LF,76
407822,Jorge De La Rosa,1981-04-05,"6' 1""",215,45,L,L,P,73
502211,Mike Bolsinger,1988-01-29,"6' 1""",215,38,R,R,P,73
430661,Dustin McGowan,1982-03-24,"6' 3""",235,44,R,R,P,75
451596,Yovani Gallardo,1986-02-27,"6' 2""",205,40,R,R,P,74
543184,Christian Friedrich,1987-07-08,"6' 4""",222,38,R,L,P,76
571893,Adam Liberatore,1987-05-12,"6' 3""",243,38,L,L,P,75
435044,Scott Baker,1981-09-19,"6' 4""",215,44,R,R,P,76
502327,Héctor Santiago,1987-12-16,"6' 0""",215,38,R,L,P,72
450351,C.J. Wilson,1980-11-18,"6' 1""",210,45,L,L,P,73
592314,Mike Foltynewicz,1991-10-07,"6' 4""",195,34,R,R,P,76
453646,Carlos Villanueva,1983-11-28,"6' 2""",220,42,R,R,P,74
608641,Tim Cooney,1990-12-19,"6' 3""",195,35,L,L,P,75
572971,Dallas Keuchel,1988-01-01,"6' 2""",205,38,L,L,P,74
543699,Tanner Roark,1986-10-05,"6' 2""",238,39,R,R,P,74
433584,Roberto Hernandez,1980-08-30,"6' 4""",270,45,R,R,P,76
501789,Will Harris,1984-08-28,"6' 4""",234,41,R,R,P,76
543521,Collin McHugh,1987-06-19,"6' 2""",191,38,R,R,P,74
543942,Rob Wooten,1985-07-21,"6' 1""",200,40,R,R,P,73
434622,Ubaldo Jiménez,1984-01-22,"6' 5""",221,42,R,R,P,77
519301,Sammy Solís,1988-08-10,"6' 5""",251,37,R,L,P,77
502032,Bud Norris,1985-03-02,"6' 0""",215,41,R,R,P,72
544928,Tyler Lyons,1988-02-21,"6' 2""",210,38,L,L,P,74
451532,Chad Billingsley,1984-07-29,"6' 1""",240,41,R,R,P,73
450308,Jered Weaver,1982-10-04,"6' 7""",210,43,R,R,P,79
445213,Brandon Kintzler,1984-08-01,"5' 10""",200,41,R,R,P,70
456034,David Price,1985-08-26,"6' 5""",215,40,L,L,P,77
466948,Jean Machi,1982-02-01,"5' 11""",257,44,R,R,P,71
456071,Yohan Flande,1986-01-27,"6' 2""",180,40,L,L,P,74
595014,Blake Treinen,1988-06-30,"6' 5""",225,37,R,R,P,77
592789,Noah Syndergaard,1992-08-29,"6' 6""",242,33,L,R,P,78
519242,Chris Sale,1989-03-30,"6' 6""",180,37,L,L,P,78
573064,Vidal Nuño,1987-07-26,"5' 11""",210,38,L,L,P,71
502188,Jeff Samardzija,1985-01-23,"6' 4""",233,41,R,R,P,76
605541,Mike Wright Jr.,1990-01-03,"6' 6""",240,36,R,R,P,78
571735,David Hale,1987-09-27,"6' 2""",210,38,R,R,P,74
605169,Carter Capps,1990-08-07,"6' 5""",230,35,R,R,P,77
592869,Tyler Wilson,1989-09-25,"6' 2""",185,36,R,R,P,74
448802,Jaime García,1986-07-08,"6' 2""",215,39,L,L,P,74
476589,Adam Warren,1987-08-25,"6' 1""",224,38,R,R,P,73
493159,Tsuyoshi Wada,1981-02-21,"5' 11""",180,45,L,L,P,71
543606,Jake Odorizzi,1990-03-27,"6' 2""",190,36,R,R,P,74
611177,Adonis García,1985-04-12,"5' 9""",205,41,R,R,3B,69
462515,Miguel Socolovich,1986-07-24,"6' 1""",205,39,R,R,P,73
543135,Nathan Eovaldi,1990-02-13,"6' 2""",217,36,R,R,P,74
541640,Erasmo Ramírez,1990-05-02,"6' 0""",220,36,R,R,P,72
445060,Ricky Nolasco,1982-12-13,"6' 2""",235,43,R,R,P,74
329092,Randy Choate,1975-09-05,"6' 1""",210,50,L,L,P,73
285078,Josh Hamilton,1981-05-21,"6' 4""",240,44,L,L,CF,76
517414,Randall Delgado,1990-02-09,"6' 4""",220,36,R,R,P,76
450172,Edinson Volquez,1983-07-03,"6' 0""",220,42,R,R,P,72
592665,Addison Reed,1988-12-27,"6' 4""",230,37,L,R,P,76
570632,José Ureña,1991-09-12,"6' 2""",208,34,R,R,P,74
543734,Chris Rusin,1986-10-22,"6' 2""",200,39,L,L,P,74
489265,Sergio Romo,1983-03-04,"5' 11""",185,43,R,R,P,71
519326,Hunter Strickland,1988-09-24,"6' 3""",225,37,R,R,P,75
456068,Miguel González,1984-05-27,"6' 1""",180,41,R,R,P,73
516589,André Rienzo,1988-07-05,"6' 2""",195,37,R,R,P,74
605452,Joe Ross,1993-05-21,"6' 4""",243,32,R,R,P,76
621209,Jon Moscot,1991-08-15,"6' 4""",210,34,R,R,P,76
279824,Mark Buehrle,1979-03-23,"6' 2""",240,47,L,L,P,74
462136,Marco Estrada,1983-07-05,"6' 0""",180,42,R,R,P,72
572788,Tyler Cravy,1989-07-13,"6' 2""",220,36,R,R,P,74
621962,Ian Thomas,1987-04-20,"6' 4""",215,39,R,L,P,76
521230,Liam Hendriks,1989-02-10,"6' 0""",235,37,R,R,P,72
570649,Yordano Ventura,1991-06-03,"6' 0""",195,25,R,R,P,72
425386,Jeremy Guthrie,1979-04-08,"6' 1""",205,47,R,R,P,73
425834,B.J. Upton,1984-08-21,"6' 3""",185,41,R,R,CF,75
429781,Kevin Correia,1980-08-24,"6' 3""",200,45,R,R,P,75
430599,Joe Blanton,1980-12-11,"6' 3""",225,45,R,R,P,75
543380,Taylor Jungmann,1989-12-18,"6' 6""",210,36,R,R,P,78
518771,Mitch Harris,1985-11-07,"6' 4""",240,40,R,R,P,76
592593,Justin Nicolino,1991-11-22,"6' 3""",195,34,L,L,P,75
605538,Matt Wisler,1992-09-12,"6' 3""",215,33,R,R,P,75
346793,Jeremy Affeldt,1979-06-06,"6' 4""",225,46,L,L,P,76
519168,Anthony Ranaudo,1989-09-09,"6' 7""",240,36,R,R,P,79
519085,Brett Oberholtzer,1989-07-01,"6' 1""",225,36,L,L,P,73
542882,Matt Andriese,1989-08-28,"6' 2""",215,36,R,R,P,74
523260,Joe Kelly,1988-06-09,"6' 1""",174,37,R,R,P,73
518764,Donovan Hand,1986-04-20,"6' 3""",238,40,R,R,P,75
430613,Ronald Belisario,1982-12-31,"6' 3""",240,43,R,R,P,75
432934,Chris Young,1979-05-25,"6' 10""",255,46,R,R,P,82
545333,Trevor Bauer,1991-01-17,"6' 1""",205,35,R,R,P,73
431148,Scott Kazmir,1984-01-24,"6' 0""",185,42,L,L,P,72
457918,J.A. Happ,1982-10-19,"6' 5""",205,43,L,L,P,77
502043,Kyle Gibson,1987-10-23,"6' 6""",200,38,R,R,P,78
571577,Scott Copeland,1987-12-15,"6' 3""",220,38,R,R,P,75
425626,Chris Capuano,1978-08-19,"6' 2""",225,47,L,L,P,74
534910,Jesse Hahn,1989-07-30,"6' 5""",205,36,R,R,P,77
547888,Masahiro Tanaka,1988-11-01,"6' 2""",214,37,R,R,P,74
607074,Carlos Rodón,1992-12-10,"6' 2""",255,33,L,L,P,74
543507,Trevor May,1989-09-23,"6' 5""",240,36,R,R,P,77
543698,Donn Roach,1989-12-14,"6' 0""",195,36,R,R,P,72
455374,Antonio Bastardo,1985-09-21,"5' 11""",202,40,R,L,P,71
488846,Brian Duensing,1983-02-22,"6' 0""",200,43,L,L,P,72
595001,Josh A. Smith,1987-08-07,"6' 2""",210,38,R,R,P,74
605388,Adam Morgan,1990-02-27,"6' 1""",200,36,L,L,P,73
502522,Justin Miller,1987-06-13,"6' 3""",225,38,R,R,P,75
543056,Danny Coulombe,1989-10-26,"5' 10""",190,36,L,L,P,70
542587,Elvis Araujo,1991-07-15,"6' 7""",275,34,L,L,P,79
571578,Patrick Corbin,1989-07-19,"6' 4""",225,36,L,L,P,76
594736,Cody Anderson,1990-09-14,"6' 4""",240,35,R,R,P,76
430911,David Aardsma,1981-12-27,"6' 3""",215,44,R,R,P,75
605228,José Fernández,1992-07-31,"6' 3""",240,24,R,R,P,75
461833,Phil Hughes,1986-06-24,"6' 5""",240,39,R,R,P,77
543557,Mike Montgomery,1989-07-01,"6' 5""",220,36,L,L,P,77
571927,Steven Matz,1991-05-29,"6' 2""",205,34,R,L,P,74
543548,Tommy Milone,1987-02-16,"6' 0""",215,39,L,L,P,72
545404,Brandon Beachy,1986-09-03,"6' 2""",220,39,R,R,P,74
543045,Adam Conley,1990-05-24,"6' 3""",209,35,L,L,P,75
500610,Deolis Guerra,1989-04-17,"6' 5""",245,37,R,R,P,77
445197,Mike Dunn,1985-05-23,"6' 0""",212,40,L,L,P,72
444836,Aaron Laffey,1985-04-15,"5' 11""",190,41,L,L,P,71
542674,Gonzalez Germen,1987-09-23,"6' 1""",200,38,R,R,P,73
115629,LaTroy Hawkins,1972-12-21,"6' 5""",220,53,R,R,P,77
502010,Jake Brigham,1988-02-10,"6' 3""",210,38,R,R,P,75
533167,Matt Shoemaker,1986-09-27,"6' 2""",225,39,R,R,P,74
571760,Andrew Heaney,1991-06-05,"6' 2""",200,34,L,L,P,74
542923,Dallas Beeler,1989-06-12,"6' 5""",225,36,R,R,P,77
474668,Eric Surkamp,1987-07-16,"6' 5""",220,38,L,L,P,77
543038,Dusty Coleman,1987-04-20,"6' 2""",205,39,R,R,3B,74
517593,Danny Salazar,1990-01-11,"6' 0""",195,36,R,R,P,72
446372,Corey Kluber,1986-04-10,"6' 4""",210,40,R,R,P,76
592612,Josh Osich,1988-09-03,"6' 2""",235,37,L,L,P,74
605400,Aaron Nola,1993-06-04,"6' 2""",200,32,R,R,P,74
571787,David Holmberg,1991-07-19,"6' 3""",245,34,R,L,P,75
445926,Jesse Chavez,1983-08-21,"6' 1""",180,42,R,R,P,73
456776,Alex Torres,1987-12-08,"5' 10""",190,38,L,L,P,70
543243,Sonny Gray,1989-11-07,"5' 10""",190,36,R,R,P,70
518420,Dylan Axelrod,1985-07-30,"5' 10""",195,40,R,R,P,70
572102,Keyvius Sampson,1991-01-06,"6' 2""",225,35,R,R,P,74
429780,Chris Narveson,1981-12-20,"6' 3""",205,44,L,L,P,75
643327,Zack Godley,1990-04-21,"6' 3""",250,36,R,R,P,75
433587,Félix Hernández,1986-04-08,"6' 3""",220,40,R,R,P,75
543881,Pedro Villarreal,1987-12-09,"6' 1""",235,38,R,R,P,73
543424,John Lamb,1990-07-10,"6' 4""",205,35,L,L,P,76
593958,Eduardo Rodriguez,1993-04-07,"6' 2""",231,33,L,L,P,74
444857,Scott Feldman,1983-02-07,"6' 6""",225,43,L,R,P,78
429400,Adam Loewen,1984-04-09,"6' 6""",245,42,L,L,P,78
453214,Steven Wright,1984-08-30,"6' 2""",215,41,R,R,P,74
593576,Héctor Neris,1989-06-14,"6' 2""",227,36,R,R,P,74
607067,Colin Rea,1990-07-01,"6' 5""",220,35,R,R,P,77
534606,Ryan LaMarre,1988-11-21,"6' 1""",215,37,R,L,LF,73
595191,Jerad Eickhoff,1990-07-02,"6' 4""",246,35,R,R,P,76
543219,Sean Gilmartin,1990-05-08,"6' 2""",205,35,L,L,P,74
572309,Kendry Flores,1991-11-24,"6' 2""",195,34,R,R,P,74
596057,Daniel Norris,1993-04-25,"6' 2""",207,33,L,L,P,74
592341,David Goforth,1988-10-11,"5' 11""",205,37,R,R,P,71
594857,Keith Hessler,1989-03-15,"6' 4""",244,37,L,L,P,76
571656,Buck Farmer,1991-02-20,"6' 4""",243,35,L,R,P,76
543278,Blaine Hardy,1987-03-14,"6' 2""",218,39,L,L,P,74
450665,Kris Medlen,1985-10-07,"5' 10""",190,40,S,R,P,70
622663,Luis Severino,1994-02-20,"6' 2""",218,32,R,R,P,74
605156,Aaron Brooks,1990-04-27,"6' 4""",230,36,R,R,P,76
468504,Jhoulys Chacín,1988-01-07,"6' 3""",215,38,R,R,P,75
501593,Luis Avilán,1989-07-19,"6' 2""",235,36,L,L,P,74
596064,Henry Owens,1992-07-21,"6' 6""",220,33,L,L,P,78
571951,Bryan Mitchell,1991-04-19,"6' 2""",215,35,L,R,P,74
448614,Carlos Torres,1982-10-22,"6' 1""",180,43,R,R,P,73
449170,Erik Cordier,1986-02-25,"6' 4""",215,40,R,R,P,76
461325,Tyler Clippard,1985-02-14,"6' 3""",200,41,R,R,P,75
444446,Collin Balester,1986-06-06,"6' 4""",190,39,R,R,P,76
488674,Burke Badenhop,1983-02-08,"6' 5""",205,43,R,R,P,77
548337,Logan Verrett,1990-06-19,"6' 2""",190,35,R,R,P,74
605374,Andrew McKirahan,1990-02-08,"6' 2""",200,36,R,L,P,74
493343,Héctor Olivera,1985-04-05,"6' 2""",230,41,R,R,3B,74
516414,Ariel Peña,1989-05-20,"6' 3""",245,36,R,R,P,75
605200,Zach Davies,1993-02-07,"6' 0""",180,33,R,R,P,72
491646,Jeanmar Gómez,1988-02-10,"6' 3""",215,38,R,R,P,75
407890,Colby Lewis,1979-08-02,"6' 4""",240,46,R,R,P,76
501822,Chris Hatcher,1985-01-12,"6' 1""",200,41,R,R,P,73
489119,Wade Miley,1986-11-13,"6' 1""",220,39,L,L,P,73
594742,Alec Asher,1991-10-04,"6' 4""",240,34,R,R,P,76
572038,Branden Pinder,1989-01-26,"6' 4""",215,37,R,R,P,76
543901,Ryan Weber,1990-08-12,"6' 1""",175,35,R,R,P,73
592340,Erik Goeddel,1988-12-20,"6' 3""",191,37,R,R,P,75
501381,Michael Pineda,1989-01-18,"6' 7""",280,37,R,R,P,79
623143,Trevor Brown,1991-11-15,"6' 2""",193,34,R,R,C,74
572362,Robbie Erlin,1990-10-08,"5' 11""",200,35,R,L,P,71
605232,Brandon Finnegan,1993-04-14,"5' 11""",216,33,L,L,P,71
621281,Tyler Wagner,1991-01-24,"6' 3""",205,35,R,R,P,75
543391,Casey Kelly,1989-10-04,"6' 3""",215,36,R,R,P,75
501957,Chris Tillman,1988-04-15,"6' 5""",200,38,R,R,P,77
282332,CC Sabathia,1980-07-21,"6' 6""",300,45,L,L,P,78
621121,Lance McCullers Jr.,1993-10-02,"6' 1""",200,32,L,R,P,73
605347,Jorge López,1993-02-10,"6' 3""",200,33,R,R,P,75
407908,Joel Peralta,1976-03-23,"5' 10""",210,50,R,R,P,70
544727,Jeurys Familia,1989-10-10,"6' 3""",240,36,R,R,P,75
451584,Wade Davis,1985-09-07,"6' 5""",225,40,R,R,P,77
665000,Matt Winn,1992-08-05,"6' 1""",210,33,R,R,C,73
543089,Taylor Davis,1989-11-28,"5' 10""",200,36,R,R,3B,70
595777,Jurickson Profar,1993-02-20,"5' 11""",184,33,S,R,LF,71
642451,Luis Liberato,1995-12-18,"6' 1""",175,30,L,L,OF,73
621550,Patrick Wisdom,1991-08-27,"6' 2""",220,34,R,R,1B,74
607437,Rando Moreno,1992-06-06,"5' 11""",165,33,S,R,SS,71
623457,Matt Rose,1994-08-02,"6' 4""",195,31,R,R,1B,76
574847,Rob Segedin,1988-11-10,"6' 2""",220,37,R,R,1B,74
459991,Gaby Sanchez,1983-09-02,"6' 1""",235,42,R,R,1B,73
610141,Wuilmer Becerra,1994-10-01,"6' 3""",243,31,R,R,RF,75
656305,Matt Chapman,1993-04-28,"6' 1""",220,33,R,R,3B,73
608597,Ronald Guzmán,1994-10-20,"6' 5""",235,31,L,L,P,77
657422,Caleb Adams,1993-01-26,"5' 10""",185,33,R,R,RF,70
613564,Jason Vosler,1993-09-06,"6' 0""",220,32,L,R,3B,72
571685,Anthony García,1992-01-04,"5' 11""",220,34,R,R,LF,71
493193,Dae-Ho Lee,1982-06-21,"6' 4""",250,43,R,R,1B,76
572241,David Washington,1990-11-20,"6' 5""",260,35,L,L,1B,77
515768,Balbino Fuenmayor,1989-11-26,"6' 3""",230,36,R,R,1B,75
622761,Jorge Mateo,1995-06-23,"6' 0""",200,30,R,R,SS,72
543194,Isaac Galloway,1989-10-10,"6' 2""",205,36,R,R,LF,74
623912,Harold Ramírez,1994-09-06,"5' 11""",232,31,R,R,RF,71
608324,Alex Bregman,1994-03-30,"5' 10""",190,32,R,R,3B,70
500874,José A. Martínez,1988-07-25,"6' 6""",215,37,R,R,RF,78
547957,Hyun Soo Kim,1988-01-12,"6' 2""",210,38,L,R,LF,74
595349,Mike O'Neill,1988-02-12,"5' 9""",170,38,L,L,LF,69
608687,L.J. Mazzilli,1990-09-06,"6' 0""",205,35,R,R,2B,72
641645,Luis Guillorme,1994-09-27,"5' 10""",190,31,L,R,3B,70
492802,Juan Graterol,1989-02-14,"6' 1""",225,37,R,R,C,73
664058,David Fletcher,1994-05-31,"5' 9""",185,31,R,R,2B,69
643603,Tyler White,1990-10-29,"5' 11""",238,35,R,R,1B,71
643392,Jon Kemmer,1990-11-17,"6' 2""",230,35,L,L,LF,74
553882,Omar Narváez,1992-02-10,"5' 11""",240,34,L,R,C,71
574888,Santiago Nessy,1992-12-08,"6' 2""",230,33,R,R,C,74
571718,Brian Goodwin,1990-11-02,"6' 0""",205,35,L,R,CF,72
620439,Franklin Barreto,1996-02-27,"5' 9""",208,30,R,R,2B,69
571633,Kelly Dugan,1990-09-18,"6' 3""",230,35,L,R,RF,75
641591,Amalani Fukofuka,1995-09-25,"6' 1""",180,30,R,R,CF,73
602922,José Rondon,1994-03-03,"6' 1""",215,32,R,R,3B,73
435180,Robert Andino,1984-04-25,"5' 11""",185,42,R,R,2B,71
622516,John Mora,1993-05-31,"5' 11""",195,32,L,L,CF,71
642114,Michael Strentz,1991-11-10,"6' 1""",215,34,R,R,C,73
592444,JaCoby Jones,1992-05-10,"6' 2""",211,33,R,R,CF,74
607223,AJ Reed,1993-05-10,"6' 4""",275,32,L,L,1B,76
643192,Eric Aguilera,1990-07-03,"6' 2""",218,35,L,L,1B,74
501888,Ryan Kalish,1988-03-28,"6' 0""",215,38,L,L,CF,72
607240,Dan Gamache,1990-11-20,"5' 11""",205,35,L,R,2B,71
595284,Andrew Knapp,1991-11-09,"6' 0""",189,34,S,R,C,72
595426,Brock Stassi,1989-08-07,"6' 1""",190,36,L,L,1B,73
600957,Mauricio Ramos,1992-02-02,"6' 1""",185,34,R,R,3B,73
641487,J.P. Crawford,1995-01-11,"6' 0""",202,31,L,R,SS,72
543894,Logan Watkins,1989-08-29,"5' 11""",195,36,L,R,2B,71
572114,Ryan Schimpf,1988-04-11,"5' 9""",180,38,L,R,2B,69
543214,Derrik Gibson,1989-12-05,"6' 1""",195,36,R,R,SS,73
664229,Jared Foster,1992-11-02,"6' 1""",200,33,R,R,CF,73
622199,Alfredo Escalera,1995-02-17,"6' 1""",186,31,R,R,CF,73
542999,Tony Campana,1986-05-30,"5' 8""",170,39,L,L,CF,68
621020,Dansby Swanson,1994-02-11,"6' 0""",190,32,R,R,SS,72
658327,Jonathan Johnson,1988-10-27,"5' 7""",160,37,L,R,2B,67
545121,Ildemaro Vargas,1991-07-16,"5' 11""",202,34,S,R,1B,71
664873,Peter Van Gansen,1994-03-04,"5' 9""",175,32,L,R,2B,69
657783,Corey Toups,1993-02-12,"5' 10""",170,33,R,R,2B,70
650839,Ruddy Giron,1997-01-04,"6' 0""",205,29,R,R,SS,72
666560,ByungHo Park,1986-07-10,"6' 1""",220,39,R,R,DH,73
614173,Franchy Cordero,1994-09-02,"6' 3""",225,31,L,R,OF,75
593527,Ramón Torres,1993-01-22,"5' 11""",190,33,S,R,2B,71
553902,Willians Astudillo,1991-10-14,"5' 9""",225,34,R,R,3B,69
656455,Michael Gettys,1995-10-22,"6' 1""",217,30,R,R,CF,73
643520,Trae Santos,1992-10-11,"6' 1""",235,33,L,L,1B,73
593449,Gabriel Lino,1993-05-17,"6' 3""",198,32,R,R,C,75
664767,Kade Scivicque,1993-03-22,"6' 0""",235,33,R,R,C,72
663911,Nick Plummer,1996-07-31,"5' 10""",200,29,L,L,CF,70
656681,Danny Mars,1994-01-22,"6' 0""",195,32,S,R,RF,72
542466,Raywilly Gomez,1990-01-25,"5' 11""",205,36,S,R,C,71
642197,Jamie Westbrook,1995-06-18,"5' 7""",193,30,R,R,2B,67
592247,Marcus Davis,1992-04-26,"6' 3""",200,34,L,L,1B,75
657656,Ramón Laureano,1994-07-15,"5' 9""",203,31,R,R,LF,69
546997,Adrian Marin,1994-03-08,"6' 0""",180,32,R,R,SS,72
641583,Dustin Fowler,1994-12-29,"6' 0""",195,31,L,L,CF,72
554054,Alfredo González,1992-07-13,"6' 0""",220,33,R,R,C,72
664463,Dayron Varona,1988-02-24,"5' 11""",185,38,R,R,RF,71
571734,Jason Hagerty,1987-09-13,"6' 3""",230,38,S,R,C,75
657139,Trent Woodward,1992-02-04,"6' 2""",215,34,S,R,C,74
596451,Roman Quinn,1993-05-14,"5' 10""",175,32,S,R,CF,70
621528,Wade Wass,1991-09-23,"6' 0""",215,34,R,R,C,72
607355,Logan Moore,1990-08-22,"6' 3""",220,35,L,R,C,75
640492,José Azocar,1996-05-11,"5' 11""",181,29,R,R,LF,71
572997,Jeremy Lucas,1991-01-10,"6' 1""",205,35,R,R,C,73
624507,Ryder Jones,1994-06-07,"6' 2""",221,31,L,R,P,74
607333,Beau Taylor,1990-02-13,"5' 11""",205,36,L,R,C,71
592711,Stefan Sabol,1992-02-02,"6' 0""",230,34,R,R,LF,72
641707,Tyler Horan,1990-12-02,"6' 2""",230,35,L,R,RF,74
656510,Seth Harrison,1992-07-22,"6' 0""",200,33,R,R,CF,72
500135,Ronny Rodríguez,1992-04-17,"6' 0""",180,34,R,R,3B,72
655997,Jomar Reyes,1997-02-20,"6' 3""",220,29,R,R,3B,75
664167,Blake Trahan,1993-09-05,"5' 9""",180,32,R,R,SS,69
643271,Narciso Crook,1995-07-12,"6' 2""",229,30,R,R,OF,74
621466,DJ Stewart,1993-11-30,"5' 11""",230,32,L,R,RF,71
622196,BJ Boyd,1993-07-16,"5' 11""",230,32,L,R,LF,71
573041,Peter Mooney,1990-08-19,"5' 6""",155,35,L,R,SS,66
623372,Danny Oh,1989-12-28,"6' 0""",185,36,L,L,RF,72
518963,Zach Lutz,1986-06-03,"6' 1""",220,39,R,R,3B,73
621006,Richie Martin Jr.,1994-12-22,"5' 11""",190,31,R,R,SS,71
641892,Joseph Monge,1995-05-18,"6' 1""",190,30,R,R,CF,73
605203,Mason Davis,1993-01-11,"5' 9""",175,33,S,R,2B,69
656537,Derek Hill,1995-12-30,"6' 0""",206,30,R,R,RF,72
664009,Brantley Bell,1994-11-16,"6' 2""",185,31,R,R,3B,74
592859,Stevie Wilkerson,1992-01-11,"6' 2""",200,34,S,R,2B,74
514916,Francisco Diaz,1990-03-21,"5' 11""",185,36,S,R,C,71
642224,K.J. Woods,1995-07-09,"6' 3""",230,30,L,R,1B,75
595030,Josh Whitaker,1989-02-08,"6' 3""",225,37,R,R,RF,75
641675,Brad Haynal,1991-08-21,"6' 3""",215,34,R,R,1B,75
642693,Hector Vargas,1995-01-27,"6' 2""",170,31,R,R,SS,74
585133,Arturo Rodriguez,1991-10-03,"6' 0""",235,34,R,R,C,72
605248,Granden Goetzman,1992-11-14,"6' 4""",200,33,R,R,LF,76
641558,Zane Evans,1991-11-29,"6' 2""",225,34,R,R,C,74
641924,Jacob Nottingham,1995-04-03,"6' 2""",220,31,R,R,C,74
657658,Braxton Lee,1993-08-23,"5' 10""",185,32,L,R,LF,70
621416,Andrew Pullin,1993-09-25,"6' 0""",190,32,L,R,LF,72
656459,Casey Gillaspie,1993-01-25,"6' 4""",240,33,S,L,1B,76
501731,Rainel Rosario,1989-03-29,"6' 1""",190,37,R,R,LF,73
664056,Harrison Bader,1994-06-03,"5' 11""",219,31,R,R,CF,71
547168,Will Allen,1992-03-25,"6' 3""",220,34,R,R,1B,75
621514,Christin Stewart,1993-12-10,"6' 0""",220,32,L,R,LF,72
641929,Joseph Odom,1992-01-09,"6' 2""",215,34,R,R,C,74
502151,Chad Huffman,1985-04-29,"6' 1""",215,41,R,R,LF,73
605205,Matt Dean,1992-12-22,"6' 3""",220,33,R,R,1B,75
622057,Cam Gibson,1994-02-12,"6' 1""",215,32,L,R,LF,73
643302,Grant Fink,1990-12-14,"6' 3""",215,35,R,R,3B,75
656352,Braxton Davidson,1996-06-18,"6' 2""",230,29,L,L,RF,74
623323,Braden Bishop,1993-08-22,"6' 1""",178,32,R,R,CF,73
664162,Logan Taylor,1993-09-22,"6' 1""",200,32,R,R,3B,73
461882,Jesus Guzman,1984-06-14,"6' 1""",200,41,R,R,1B,73
596103,Austin Slater,1992-12-13,"6' 1""",205,33,R,R,LF,73
572846,Arby Fields,1991-06-25,"5' 9""",195,34,S,R,CF,69
502439,KD Kang,1988-02-06,"6' 2""",210,38,L,L,LF,74
623205,Andrew Velazquez,1994-07-14,"5' 8""",170,31,S,R,SS,68
623513,Tyler Krieger,1994-01-16,"6' 2""",190,32,S,R,2B,74
642221,Kean Wong,1995-04-17,"5' 9""",189,31,L,R,2B,69
641343,Jake Bauers,1995-10-06,"6' 0""",216,30,L,L,1B,72
660162,Yoán Moncada,1995-05-27,"6' 0""",220,30,S,R,3B,72
571492,Patrick Biondi,1991-01-09,"5' 8""",171,35,L,R,CF,68
642715,Willy Adames,1995-09-02,"6' 0""",216,30,R,R,SS,72
623515,Drew Jackson,1993-07-28,"6' 2""",200,32,R,R,SS,74
657557,Paul DeJong,1993-08-02,"6' 0""",205,32,R,R,3B,72
650490,Yandy Díaz,1991-08-08,"6' 0""",235,34,R,R,1B,72
642282,Juremi Profar,1996-01-30,"6' 1""",185,30,R,R,3B,73
607372,Juan Perez,1991-11-01,"5' 11""",185,34,L,R,SS,71
622726,Cristian Toribio,1994-09-13,"5' 11""",170,31,R,R,SS,71
663788,Luke Wakamatsu,1996-10-10,"6' 3""",185,29,S,R,SS,75
518838,Chris Jacobs,1988-11-25,"6' 5""",260,37,R,R,1B,77
572228,Luke Voit,1991-02-13,"6' 2""",258,35,R,R,1B,74
628338,Guillermo Heredia,1991-01-31,"5' 10""",195,35,R,L,LF,70
657077,Alex Verdugo,1996-05-15,"6' 0""",209,29,L,L,LF,72
607005,Sean Jamieson,1989-03-02,"6' 0""",195,37,R,R,SS,72
643376,Danny Jansen,1995-04-15,"6' 2""",240,31,R,R,C,74
664897,Jordan Tarsovich,1991-06-20,"5' 10""",180,34,R,R,3B,70
641432,Willie Calhoun,1994-11-04,"5' 8""",205,31,L,R,1B,68
595937,Shawon Dunston Jr.,1993-02-05,"6' 2""",195,33,L,R,LF,74
543609,Ricky Oropesa,1989-12-15,"6' 3""",225,36,L,R,1B,75
607301,Nick Rickles,1990-02-02,"6' 3""",220,36,R,R,C,75
650581,Jason Morozowski,1994-06-10,"6' 2""",190,31,R,R,RF,74
641561,Johneshwy Fargas,1994-12-15,"6' 1""",180,31,R,R,CF,73
615694,Jesse Hodges,1994-03-29,"6' 1""",212,32,R,R,3B,73
640460,Dustin Peterson,1994-09-10,"6' 1""",210,31,R,R,LF,73
622356,Bryant Flete,1993-01-31,"5' 10""",146,33,L,R,SS,70
661281,Dian Toscano,1989-03-09,"5' 11""",200,37,L,L,RF,71
571863,Matt Koch,1990-11-02,"6' 3""",215,35,L,R,P,75
665054,David Walker,1992-03-24,"5' 9""",180,34,L,R,LF,69
643523,Jacob Schrader,1991-03-01,"6' 2""",220,35,R,R,1B,74
542655,Edwin Garcia,1991-03-01,"6' 1""",185,35,R,R,SS,73
547170,Nicky Delmonico,1992-07-12,"6' 3""",230,33,L,R,LF,75
609280,Miguel Andujar,1995-03-02,"6' 0""",211,31,R,R,3B,72
592622,Mark Payton,1991-12-07,"5' 7""",180,34,L,L,OF,67
575348,Jose Rosario,1991-11-29,"5' 11""",190,34,R,R,2B,71
592675,Josh Richmond,1989-06-14,"6' 3""",205,36,R,R,RF,75
656467,Chris Gittens,1994-02-04,"6' 3""",250,32,R,R,1B,75
656846,Jake Peter,1993-04-05,"6' 1""",215,33,L,R,2B,73
623214,Abiatal Avelino,1995-02-14,"6' 0""",210,31,R,R,SS,72
643516,Jeff Roy,1992-01-24,"5' 8""",178,34,L,L,CF,68
656811,Ryan O'Hearn,1993-07-26,"6' 2""",220,32,L,L,RF,74
656758,Logan Moon,1992-02-15,"6' 2""",195,34,R,R,RF,74
664023,Ian Happ,1994-08-12,"5' 10""",205,31,S,R,LF,70
606196,Angelo Mora,1993-02-25,"5' 11""",150,33,S,R,SS,71
650979,Yeyson Yrizarri,1997-02-02,"6' 0""",175,29,R,R,SS,72
607670,Sharif Othman,1989-03-23,"5' 11""",190,37,L,R,C,71
605466,KC Serna,1989-10-15,"6' 0""",185,36,R,R,SS,72
609274,Elier Hernandez,1994-11-21,"6' 1""",197,31,R,R,RF,73
641858,Matt McPhearson,1995-04-18,"5' 8""",175,31,L,L,LF,68
622682,Victor Reyes,1994-10-05,"6' 5""",194,31,S,R,CF,77
592697,Austin Ross,1988-08-12,"6' 2""",200,37,L,R,P,74
400018,Miguel Olivo,1978-07-15,"6' 0""",230,47,R,R,C,72
504083,Jorge Rondon,1988-02-16,"6' 1""",215,38,R,R,P,73
642003,Cody Reed,1993-04-15,"6' 5""",230,33,L,L,P,77
623352,Josh Hader,1994-04-07,"6' 3""",188,32,L,L,P,75
543904,Beamer Weems,1987-07-28,"5' 10""",175,38,R,R,SS,70
447714,Eric O'Flaherty,1985-02-05,"6' 2""",210,41,L,L,P,74
543331,J.J. Hoover,1987-08-13,"6' 3""",240,38,R,R,P,75
592304,Tyler Filliben,1992-08-08,"6' 2""",188,33,R,R,SS,74
623228,Levi Hyams,1989-10-06,"6' 2""",210,36,L,R,2B,74
596131,Nelson Ward,1992-08-06,"5' 11""",175,33,L,R,2B,71
606340,Edwin Espinal,1994-01-27,"6' 2""",250,32,R,R,1B,74
643372,Bryan Hudson,1995-02-10,"6' 1""",185,31,L,R,LF,73
502017,Marcus Lemon,1988-06-03,"5' 11""",175,37,L,R,SS,71
657515,Jordan Betts,1991-10-06,"6' 3""",220,34,R,R,3B,75
656582,Connor Joe,1992-08-16,"5' 11""",205,33,R,R,1B,71
650531,Brad Zunica,1995-10-21,"6' 6""",254,30,L,R,1B,78
572391,Victor Roache,1991-09-17,"6' 1""",225,34,R,R,LF,73
643265,Garrett Cooper,1990-12-25,"6' 4""",235,35,R,R,1B,76
570716,Anderson Feliz,1992-05-11,"6' 0""",175,33,S,R,2B,72
622569,Pablo Reyes,1993-09-05,"5' 8""",175,32,R,R,OF,68
607185,Clayton Blackburn,1993-01-06,"6' 3""",230,33,L,R,P,75
458919,Ryan Mattheus,1983-11-10,"6' 3""",220,42,R,R,P,75
571963,A.J. Morris,1986-12-01,"6' 2""",195,39,R,R,P,74
521811,Anthony Phillips,1990-04-11,"5' 11""",176,36,R,R,SS,71
624523,Riley Unroe,1995-08-03,"5' 10""",180,30,S,R,2B,70
666783,Yusniel Díaz,1996-10-07,"6' 0""",215,29,R,R,CF,72
657627,Matt Jones,1994-03-09,"6' 7""",250,32,L,R,P,79
642165,Josh VanMeter,1995-03-10,"5' 10""",198,31,L,R,2B,70
605213,Brandon Downes,1992-09-29,"6' 3""",195,33,R,R,CF,75
624419,Nick Ciuffo,1995-03-07,"5' 11""",205,31,L,R,C,71
644387,Cristian Gomez,1996-01-11,"5' 11""",160,30,R,R,SS,71
502029,Chris Marrero,1988-07-02,"6' 3""",229,37,R,R,1B,75
654118,Eric Meza,1998-03-05,"6' 1""",245,28,L,L,1B,73
664247,Kyle Garlick,1992-01-26,"6' 0""",210,34,R,R,LF,72
663478,Brendon Davis,1997-07-28,"6' 4""",185,28,R,R,SS,76
641296,Mike Ahmed,1992-01-20,"6' 2""",195,34,R,R,3B,74
607294,Josh Martin,1989-12-30,"6' 5""",230,36,R,R,P,77
664215,Zach Nehrir,1993-01-28,"6' 2""",205,33,R,R,CF,74
600858,Humberto Arteaga,1994-01-23,"6' 1""",160,32,R,R,SS,73
570651,Carlos Garcia,1992-03-18,"5' 10""",172,34,S,R,2B,70
663346,Eric Jenkins,1997-01-30,"6' 1""",170,29,L,R,CF,73
543715,Jacob Rogers,1989-08-23,"6' 4""",220,36,L,R,P,76
572955,Pierce Johnson,1991-05-10,"6' 2""",202,34,R,R,P,74
641521,Edwin Díaz,1995-08-25,"6' 2""",223,30,R,R,SS,74
665750,Leody Taveras,1998-09-08,"6' 2""",210,27,S,R,CF,74
554238,Carlos Franco,1991-12-20,"6' 3""",220,34,L,R,1B,75
606216,Yonathan Mendoza,1994-02-10,"5' 11""",167,32,S,R,3B,71
624431,Jose Trevino,1992-11-28,"5' 9""",215,33,R,R,C,69
474319,Brandon Snyder,1986-11-23,"6' 2""",215,39,R,R,1B,74
444875,Matt Murton,1981-10-03,"6' 1""",220,44,R,R,LF,73
649966,Luis Urías,1997-06-03,"5' 9""",202,28,R,R,SS,69
608376,Stryker Trahan,1994-04-25,"6' 0""",232,32,L,R,C,72
665138,Dalton Kelly,1994-08-04,"6' 1""",200,31,L,L,1B,73
444571,Eliezer Zambrano,1986-09-16,"5' 11""",195,39,S,R,C,71
622655,Luis Jean,1994-08-17,"6' 1""",150,31,R,R,SS,73
621437,Bralin Jackson,1993-12-02,"5' 11""",212,32,R,L,LF,71
595887,Jeff Boehm,1992-11-04,"6' 1""",215,33,L,L,1B,73
644433,Chadwick Tromp,1995-03-21,"5' 8""",221,31,R,R,C,68
621493,Taylor Ward,1993-12-14,"6' 0""",205,32,R,R,LF,72
643217,Andrew Benintendi,1994-07-06,"5' 9""",185,31,L,L,LF,69
605266,James Harris,1993-08-07,"6' 1""",180,32,R,R,CF,73
543506,Brandon Maurer,1990-07-03,"6' 5""",225,35,R,R,P,77
623377,Brandon Bayardi,1990-11-27,"6' 2""",235,35,R,R,DH,74
607231,John Gant,1992-08-06,"6' 4""",200,33,R,R,P,76
621532,Anthony Bemboom,1990-01-18,"6' 1""",195,36,L,R,C,73
656807,Josh Ockimey,1995-10-18,"6' 1""",238,30,L,R,1B,73
624407,Tzu-Wei Lin,1994-02-15,"5' 9""",180,32,L,R,SS,69
519141,Drew Pomeranz,1988-11-22,"6' 5""",246,37,R,L,P,77
472610,Luis García,1987-01-30,"6' 2""",240,39,R,R,P,74
571785,K.C. Hobson,1990-08-22,"6' 2""",230,35,L,L,1B,74
623161,J.T. Watkins,1989-08-30,"6' 0""",190,36,R,R,C,72
646240,Rafael Devers,1996-10-24,"6' 0""",235,29,L,R,1B,72
608608,Carlos Munoz,1994-06-29,"5' 11""",225,31,L,L,1B,71
641802,Nick Longhi,1995-08-16,"6' 2""",230,30,R,L,1B,74
608627,Barrett Barnes,1991-07-29,"5' 11""",209,34,R,R,LF,71
518921,Quincy Latimore,1989-02-03,"5' 11""",175,37,R,R,LF,71
592312,Jorge Flores,1991-11-25,"5' 5""",160,34,R,R,SS,65
657636,Alec Keller,1992-05-13,"6' 2""",200,33,L,R,LF,74
527050,Ryde Rodriguez,1988-02-02,"6' 3""",235,38,R,R,OF,75
664238,Dylan Moore,1992-08-02,"6' 1""",205,33,R,R,CF,73
664938,Josh Altmann,1994-07-06,"6' 3""",190,31,R,R,1B,75
547173,Christian Lopes,1992-10-01,"6' 0""",211,33,R,R,2B,72
664855,Ronnie Jebavy,1994-05-17,"6' 2""",205,31,R,R,CF,74
621037,Jason Leblebijian,1991-05-13,"6' 2""",205,34,R,R,3B,74
664925,Drew Turbin,1993-04-24,"5' 11""",200,33,L,R,2B,71
606993,Jake Hager,1993-03-04,"6' 1""",170,33,R,R,SS,73
518914,Leon Landry,1989-09-20,"5' 11""",185,36,L,R,CF,71
623278,Jorge Saez,1990-08-28,"5' 10""",200,35,R,R,C,70
547181,Matt Lipka,1992-04-15,"6' 1""",215,34,R,R,CF,73
605346,Jack López,1992-12-16,"5' 9""",160,33,R,R,2B,69
571579,Edgar Corcino,1992-06-07,"6' 1""",210,33,R,R,OF,73
622108,Austin Aune,1993-09-06,"6' 2""",190,32,L,R,RF,74
643289,Mauricio Dubón,1994-07-19,"5' 11""",173,31,R,R,SS,71
595465,Dan Winkler,1990-02-02,"6' 3""",205,36,R,R,P,75
571584,Caleb Cotham,1987-11-06,"6' 3""",215,38,R,R,P,75
643436,Ryan McBroom,1992-04-09,"6' 3""",220,34,R,L,1B,75
607178,Drew Weeks,1993-06-09,"6' 2""",200,32,R,R,RF,74
643420,Carlos Lopez,1989-07-16,"6' 2""",195,36,L,R,RF,74
623922,Blake Barber,1990-04-04,"5' 10""",180,36,R,R,2B,70
658254,Brett Wellman,1991-11-22,"6' 0""",200,34,L,R,C,72
622226,Dylan Cozens,1994-05-31,"6' 6""",245,31,L,L,LF,78
544930,Blake Smith,1987-12-09,"6' 2""",220,38,L,R,P,74
607645,Yhoxian Medina,1990-05-11,"5' 10""",165,35,R,R,2B,70
664739,Alan Garcia,1997-01-31,"6' 0""",220,29,L,L,RF,72
475138,Kyle Drabek,1987-12-08,"6' 2""",205,38,R,R,P,74
622185,Brock Hebert,1991-05-11,"5' 10""",180,34,R,R,SS,70
657615,Shane Hoelscher,1991-09-21,"6' 0""",195,34,R,R,3B,72
642719,Jonathan Piron,1994-11-14,"6' 0""",195,31,L,R,2B,72
596112,Robert Stephenson,1993-02-24,"6' 3""",205,33,R,R,P,75
623174,River Stevens,1992-01-10,"6' 0""",185,34,L,R,3B,72
655719,Nick Schulz,1991-05-03,"6' 3""",210,35,R,R,RF,75
593776,Luis Tejada,1992-10-12,"6' 3""",175,33,R,R,1B,75
656541,Sam Hilliard,1994-02-21,"6' 5""",236,32,L,L,LF,77
605221,Tanner English,1993-03-11,"5' 10""",160,33,R,R,CF,70
665146,London Lindley,1993-06-12,"5' 11""",160,32,R,R,LF,71
607088,Jerrick Suiter,1993-03-04,"6' 3""",240,33,R,R,P,75
664970,Anthony Miller,1994-10-04,"6' 4""",240,31,L,R,P,76
595295,Louie Lechich,1991-11-19,"6' 4""",200,34,L,L,RF,76
657080,Nick Vilter,1993-10-06,"6' 4""",220,32,R,R,3B,76
621450,Skye Bolt,1994-01-15,"6' 2""",194,32,S,R,CF,74
642751,Carlos Martínez,1995-05-02,"5' 11""",195,31,R,R,C,71
600862,Felipe Blanco,1993-12-09,"6' 1""",175,32,R,R,SS,73
650489,Willi Castro,1997-04-24,"6' 0""",209,29,S,R,2B,72
664842,Kevin Kaczmarski,1991-12-31,"6' 0""",192,34,L,R,RF,72
664750,Chad De La Guerra,1992-11-24,"5' 11""",195,33,L,R,2B,71
656398,Jordan Edgerton,1993-08-30,"6' 1""",190,32,R,R,3B,73
543482,Drew Maggi,1989-05-16,"5' 11""",192,36,R,R,SS,71
642772,Luis Alexander Basabe,1996-08-26,"6' 0""",180,29,S,R,CF,72
594020,Ricardo Valenzuela,1990-08-04,"6' 0""",190,35,R,R,C,72
620440,Jairo Beras,1994-12-25,"6' 6""",195,31,R,R,P,78
596117,Garrett Stubbs,1993-05-26,"5' 9""",170,32,L,R,C,69
592424,Mott Hyde,1992-03-10,"5' 10""",190,34,R,R,SS,70
657739,Jamie Ritchie,1993-04-09,"6' 2""",203,33,R,R,C,74
628317,Kenta Maeda,1988-04-11,"6' 1""",185,38,R,R,P,73
662946,Cody Regis,1991-06-08,"6' 2""",235,34,L,R,3B,74
644407,Johan Mieses,1995-07-13,"6' 2""",185,30,R,R,CF,74
641796,Tim Locastro,1992-07-14,"6' 1""",200,33,R,R,LF,73
622217,Chris O'Grady,1990-04-17,"6' 4""",225,36,R,L,P,76
664029,Mark Mathias,1994-08-02,"6' 0""",200,31,R,R,2B,72
650508,Carlos Herrera,1996-09-23,"6' 0""",145,29,L,R,SS,72
657035,Luke Tendler,1991-08-25,"5' 11""",190,34,L,R,RF,71
622047,Fernando Perez,1993-09-13,"6' 0""",210,32,L,R,2B,72
622197,Rashad Crawford,1993-10-15,"6' 3""",185,32,L,R,CF,75
553881,Wilmer Dominguez,1991-06-19,"5' 10""",180,34,R,R,C,70
592808,Andrew Toles,1992-05-24,"5' 9""",192,33,L,R,LF,69
664057,Andrew Stevenson,1994-06-01,"5' 11""",191,31,L,L,CF,71
658677,Gilbert Lara,1997-10-30,"6' 4""",198,28,R,R,SS,76
661148,Carlos Sepulveda,1996-08-27,"5' 10""",170,29,L,R,2B,70
645805,Joseph Astacio,1994-06-05,"6' 0""",155,31,L,R,SS,72
614182,Jose Carlos Urena,1995-01-14,"6' 3""",180,31,R,R,LF,75
592348,Niko Goodrum,1992-02-28,"6' 3""",220,34,S,R,1B,75
657027,Nick Tanielu,1992-09-04,"5' 10""",214,33,R,R,3B,70
665099,Ryan Nagle,1994-08-07,"6' 1""",200,31,L,R,RF,73
519263,A.J. Schugel,1989-06-27,"6' 0""",195,36,R,R,P,72
506924,Stephen Cardullo,1987-08-31,"6' 0""",215,38,R,R,1B,72
592897,Duanel Jones,1993-05-11,"6' 3""",220,32,R,R,3B,75
593772,Yeison Asencio,1989-11-14,"6' 1""",225,36,R,R,RF,73
595108,Jimmy Allen,1992-01-04,"5' 10""",190,34,R,R,2B,70
543456,Kyle Lobstein,1989-08-12,"6' 3""",220,36,L,L,P,75
592826,Vince Velasquez,1992-06-07,"6' 3""",210,33,R,R,P,75
642356,Franklin Guzman,1992-02-04,"5' 11""",185,34,R,R,RF,71
641880,Michael Miller,1992-05-27,"6' 2""",200,33,R,R,C,74
613588,Garrett Kennedy,1992-12-13,"6' 1""",205,33,L,R,C,73
606313,Edwin Moreno,1993-10-27,"6' 1""",190,32,L,L,LF,73
657634,Grant Kay,1993-05-29,"6' 0""",185,32,R,R,3B,72
621324,Preston Beck,1990-10-26,"6' 2""",190,35,L,R,RF,74
602112,Alfredo Reyes,1993-10-04,"6' 2""",179,32,R,R,SS,74
595920,Vicente Conde,1993-10-13,"6' 0""",195,32,R,R,2B,72
614171,Daniel Bravo,1995-02-16,"6' 0""",160,31,R,R,SS,72
641713,Casey Hughston,1994-06-09,"6' 2""",200,31,L,R,CF,74
660436,Yadir Drake,1990-04-12,"6' 0""",200,36,R,R,OF,72
434378,Justin Verlander,1983-02-20,"6' 5""",240,43,R,R,P,77
656978,Andrew Sohn,1993-05-08,"5' 11""",185,32,R,R,SS,71
664757,Aldemar Burgos,1997-01-23,"6' 0""",165,29,R,R,CF,72
664159,Donnie Dewees,1993-09-29,"5' 11""",205,32,L,L,CF,71
488786,Louis Coleman,1986-04-04,"6' 4""",205,40,R,R,P,76
664770,Nathan Lukes,1994-07-12,"5' 11""",180,31,L,R,RF,71
607038,Tyler Mizenko,1990-04-09,"6' 1""",200,36,R,R,P,73
650506,Jose Gomez,1996-12-10,"5' 11""",175,29,R,R,3B,71
622700,Santiago Chávez,1995-08-05,"5' 11""",205,30,R,R,C,71
447755,Steve Delabar,1983-07-17,"6' 5""",215,42,R,R,P,77
546994,C.J. Hinojosa,1994-07-15,"5' 8""",185,31,R,R,2B,68
621034,Melvin Mercedes,1992-01-13,"5' 6""",170,34,S,R,IF,66
664939,Jake Henson,1993-08-04,"5' 11""",215,32,R,R,C,71
605241,Ashford Fulmer,1993-06-29,"6' 1""",175,32,R,R,CF,73
519262,Myles Schroder,1987-08-01,"5' 11""",180,38,S,R,3B,71
606167,Adalberto Mejía,1993-06-20,"6' 3""",265,32,R,L,P,75
650837,Luis Asuncion,1997-02-27,"6' 4""",205,29,R,R,RF,76
643198,Jonah Arenado,1995-02-03,"6' 4""",240,31,R,R,3B,76
657740,Jeremy Rivera,1995-01-30,"5' 9""",150,31,S,R,SS,69
664081,Mylz Jones,1994-04-13,"6' 1""",185,32,R,R,CF,73
607455,Anthony Banda,1993-08-10,"6' 2""",221,32,L,L,P,74
543022,Tyler Chatwood,1989-12-16,"5' 11""",200,36,R,R,P,71
664913,Seth Brown,1992-07-13,"6' 1""",223,33,L,L,LF,73
506694,Jeffry Antigua,1990-06-23,"6' 1""",205,35,S,L,P,73
607210,Connor McKay,1992-10-10,"6' 3""",180,33,R,R,DH,75
542462,Gerson Montilla,1989-11-13,"5' 10""",170,36,R,R,2B,70
607667,Johnny Omahen,1989-03-15,"6' 0""",190,37,R,R,P,72
643304,Mike Fish,1991-01-03,"6' 1""",205,35,R,R,LF,73
657619,Chris Hoo,1992-02-19,"5' 9""",190,34,R,R,C,69
665120,Jared Walsh,1993-07-30,"6' 0""",210,32,L,L,1B,72
623279,Colton Plaia,1990-09-25,"6' 2""",219,35,R,R,C,74
664034,Ty France,1994-07-13,"5' 10""",215,31,R,R,1B,70
642211,Justin Williams,1995-08-20,"6' 1""",235,30,L,R,RF,73
622435,Osvaldo Abreu,1994-06-13,"6' 0""",195,31,R,R,SS,72
623371,Cameron Flynn,1990-02-24,"6' 0""",195,36,L,R,RF,72
623251,Matt Juengel,1990-01-13,"6' 2""",185,36,R,R,3B,74
656775,Cedric Mullins,1994-10-01,"5' 7""",175,31,L,L,CF,67
621389,Ty Blach,1990-10-20,"6' 1""",215,35,R,L,P,73
621453,Steven Duggar,1993-11-04,"6' 1""",187,32,L,R,CF,73
608717,Chris Stratton,1990-08-22,"6' 2""",205,35,R,R,P,74
643335,Zack Granite,1992-09-17,"6' 1""",185,33,L,L,CF,73
664174,Dillon Dobson,1993-08-21,"6' 2""",220,32,L,R,1B,74
605363,Jon Matthews,1991-04-06,"6' 1""",195,35,R,R,LF,73
622017,Yasiel Balaguert,1993-01-09,"6' 2""",215,33,R,R,RF,74
514856,Jairo Rodriguez,1988-08-24,"5' 11""",180,37,R,R,C,71
663639,Cole Anderson,1997-02-07,"5' 11""",190,29,R,R,LF,71
664883,Scott Burcham,1993-06-17,"5' 11""",185,32,R,R,3B,71
662172,Ryan Stephens,1992-07-06,"5' 11""",175,33,L,L,RF,71
642404,Daniel Suero,1994-09-09,"6' 0""",165,31,L,L,CF,72
605308,Chris Keck,1992-09-02,"6' 2""",180,33,L,R,3B,74
642066,Zach Shank,1991-01-06,"6' 1""",180,35,R,R,2B,73
665043,Jensen Park,1992-12-10,"5' 10""",168,33,R,R,LF,70
622612,Wilkyns Jimenez,1995-07-18,"6' 2""",180,30,R,R,C,74
598288,Steve Rodriguez,1990-01-08,"6' 1""",200,36,L,R,C,73
594986,Kyle Ryan,1991-09-25,"6' 5""",215,34,L,L,P,77
657429,Mac James,1993-06-02,"6' 1""",215,32,R,R,C,73
605357,Mike Marjama,1989-07-20,"6' 2""",205,36,R,R,C,74
657123,Ryan Williams,1991-11-01,"6' 4""",220,34,R,R,P,76
656417,Collin Ferguson,1993-02-09,"6' 2""",215,33,L,L,1B,74
663411,Joe McCarthy,1994-02-23,"6' 3""",220,32,L,L,LF,75
642471,Angel Perez,1995-01-10,"6' 2""",200,31,R,R,RF,74
642270,Henry Castillo,1994-12-08,"5' 11""",190,31,S,R,2B,71
630029,Angel Moreno,1996-07-31,"6' 2""",200,29,R,R,CF,74
608589,Ronnier Mustelier,1984-08-08,"5' 10""",210,41,R,R,LF,70
664011,Trey Amburgey,1994-10-24,"6' 2""",210,31,R,R,LF,74
657524,John Bormann,1993-04-04,"6' 0""",205,33,R,R,C,72
641627,Trevor Gott,1992-08-26,"5' 11""",185,33,R,R,P,71
622668,Ivan Castillo,1995-05-30,"5' 9""",179,30,S,R,2B,69
642117,Champ Stuart,1992-10-11,"6' 0""",181,33,R,R,CF,72
601974,Ordomar Valdez,1994-04-27,"5' 9""",150,32,S,R,2B,69
572744,Hiram Burgos,1987-08-04,"5' 11""",210,38,R,R,P,71
620442,Wendell Rijo,1995-09-04,"5' 9""",170,30,R,R,2B,69
664088,Connor Marabell,1994-03-28,"6' 1""",195,32,L,L,RF,73
458537,Cory Luebke,1985-03-04,"6' 4""",210,41,R,L,P,76
666646,Angel Miguel,1990-04-01,"6' 1""",175,36,R,R,2B,73
596023,Derrick Loveless,1993-03-07,"6' 1""",200,33,L,R,RF,73
659003,Billy Fleming,1992-09-20,"6' 1""",210,33,R,R,2B,73
606928,Tyler Baker,1993-03-08,"5' 9""",179,33,L,R,C,69
548389,Ross Stripling,1989-11-23,"6' 1""",215,36,R,R,P,73
622046,Chris Shaw,1993-10-20,"6' 3""",220,32,L,R,LF,75
593360,Cristian Paulino,1991-09-04,"5' 10""",190,34,R,R,2B,70
622608,Antonio Senzatela,1995-01-21,"6' 1""",235,31,R,R,P,73
642836,Charcer Burks,1995-03-09,"6' 0""",170,31,R,R,LF,72
502028,Blake Wood,1985-08-08,"6' 5""",233,40,R,R,P,77
657811,Chesny Young,1992-10-06,"6' 0""",170,33,R,R,2B,72
656424,Austin Fisher,1993-01-08,"6' 1""",195,33,L,R,SS,73
590271,Sebastián Elizalde,1991-11-20,"6' 0""",195,34,L,R,OF,72
656822,Alexis Pantoja,1996-01-18,"5' 11""",186,30,L,R,SS,71
570663,Hansel Robles,1990-08-13,"6' 0""",220,35,R,R,P,72
573185,Dan Straily,1988-12-01,"6' 2""",220,37,R,R,P,74
543532,Tim Melville,1989-10-09,"6' 4""",250,36,R,R,P,76
457768,Bryan Morris,1987-03-28,"6' 3""",220,39,L,R,P,75
467008,Pedro Strop,1985-06-13,"6' 1""",220,40,R,R,P,73
612672,Wei-Yin Chen,1985-07-21,"6' 0""",200,40,R,L,P,72
501936,Matt Buschmann,1984-02-13,"6' 3""",205,42,R,R,P,75
502457,Drew Hayes,1987-09-03,"6' 1""",205,38,R,R,P,73
608648,Tyler Duffey,1990-12-27,"6' 3""",220,35,R,R,P,75
594951,Ryan O'Rourke,1988-04-30,"6' 3""",230,38,R,L,P,75
594760,Aaron Blair,1992-05-26,"6' 5""",220,33,R,R,P,77
543859,Michael Tonkin,1989-11-19,"6' 7""",220,36,R,R,P,79
472551,Fernando Abad,1985-12-17,"6' 2""",235,40,L,L,P,74
424144,Oliver Pérez,1981-08-15,"6' 3""",225,44,L,L,P,75
570714,César Vargas,1991-12-30,"6' 2""",237,34,R,R,P,74
571561,Tony Cingrani,1989-07-05,"6' 4""",217,36,L,L,P,76
453265,Tony Watson,1985-05-30,"6' 3""",224,40,L,L,P,75
543746,Rob Scahill,1987-02-15,"6' 2""",220,39,L,R,P,74
608665,Kendall Graveman,1990-12-21,"6' 2""",215,35,R,R,P,74
476570,Vin Mazzaro,1986-09-27,"6' 2""",220,39,R,R,P,74
534947,Tim Adleman,1987-11-13,"6' 5""",225,38,R,R,P,77
643297,Cody Ege,1991-05-08,"6' 1""",190,34,L,L,P,73
458678,Mike Broadway,1987-03-30,"6' 5""",215,39,R,R,P,77
592717,Aaron Sanchez,1992-07-01,"6' 4""",212,33,R,R,P,76
448855,Junior Guerra,1985-01-16,"6' 0""",235,41,R,R,P,72
571882,Derek Law,1990-09-14,"6' 3""",225,35,R,R,P,75
643338,Chad Green,1991-05-24,"6' 3""",215,34,L,R,P,75
501625,Jose Alvarez,1989-05-06,"5' 11""",195,37,L,L,P,71
606131,Luis Perdomo,1993-05-09,"6' 2""",218,32,R,R,P,74
573186,Marcus Stroman,1991-05-01,"5' 7""",180,35,R,R,P,67
425856,Gavin Floyd,1983-01-27,"6' 4""",245,43,R,R,P,76
605242,Michael Fulmer,1993-03-15,"6' 2""",221,33,R,R,P,74
519043,Matt Moore,1989-06-18,"6' 3""",210,36,L,L,P,75
517448,Wilfredo Boscan,1989-10-26,"6' 2""",228,36,R,R,P,74
434442,J.P. Howell,1983-04-25,"6' 0""",180,43,L,L,P,72
518883,Dean Kiekhefer,1989-06-07,"6' 0""",175,36,L,L,P,72
458708,Josh Tomlin,1984-10-19,"6' 1""",190,41,R,R,P,73
605182,Mike Clevinger,1990-12-21,"6' 4""",215,35,R,R,P,76
546276,Edwin Escobar,1992-04-22,"6' 2""",225,34,L,L,P,74
518715,Cory Gearrin,1986-04-14,"6' 1""",205,40,R,R,P,73
544150,Albert Suárez,1989-10-08,"6' 3""",235,36,R,R,P,75
628711,Julio Urías,1996-08-12,"6' 0""",225,29,L,L,P,72
642229,Daniel Wright,1991-04-03,"6' 2""",205,35,R,R,P,74
425657,Javier López,1977-07-11,"6' 4""",220,48,L,L,P,76
458006,Matt Albers,1983-01-20,"6' 1""",225,43,L,R,P,73
623395,Brian Ellington,1990-08-04,"6' 3""",215,35,R,R,P,75
542881,Tyler Anderson,1989-12-30,"6' 2""",220,36,L,L,P,74
596043,Daniel Mengden,1993-02-19,"6' 1""",215,33,R,R,P,73
605304,Erik Johnson,1989-12-30,"6' 3""",230,36,R,R,P,75
592791,Jameson Taillon,1991-11-18,"6' 5""",230,34,R,R,P,77
640455,Sean Manaea,1992-02-01,"6' 5""",245,34,R,L,P,77
518560,Paul Clemens,1988-02-14,"6' 3""",215,38,R,R,P,75
621107,Zach Eflin,1994-04-08,"6' 6""",230,32,R,R,P,78
527048,Martín Pérez,1991-04-04,"6' 0""",210,35,L,L,P,72
444468,Héctor Rondón,1988-02-26,"6' 3""",225,38,R,R,P,75
571871,Ian Krol,1991-05-09,"6' 1""",210,34,L,L,P,73
467100,Iván Nova,1987-01-12,"6' 5""",250,39,R,R,P,77
501697,Jhan Mariñez,1988-08-12,"6' 1""",200,37,R,R,P,73
592433,Tyrell Jenkins,1992-07-20,"6' 4""",180,33,R,R,P,76
591693,Edubray Ramos,1992-12-19,"6' 0""",232,33,R,R,P,72
641771,Chad Kuhl,1992-09-10,"6' 3""",200,33,R,R,P,75
519344,Nick Tepesch,1988-10-12,"6' 4""",240,37,R,R,P,76
607359,Spencer Patton,1988-02-20,"6' 1""",200,38,R,R,P,73
503444,Joel De La Cruz,1989-06-09,"6' 1""",240,36,R,R,P,73
449173,Lucas Harrell,1985-06-03,"6' 2""",205,40,S,R,P,74
279571,Matt Belisle,1980-06-06,"6' 3""",230,45,R,R,P,75
592779,Brock Stewart,1991-10-03,"6' 3""",220,34,L,R,P,75
607192,Tyler Glasnow,1993-08-23,"6' 8""",225,32,L,R,P,80
547943,Hyun Jin Ryu,1987-03-25,"6' 3""",250,39,R,L,P,75
608337,Lucas Giolito,1994-07-14,"6' 6""",245,31,R,R,P,78
592332,Kevin Gausman,1991-01-06,"6' 2""",205,35,L,R,P,74
643230,Steven Brault,1992-04-29,"6' 0""",195,34,L,L,P,72
592767,Drew Smyly,1989-06-13,"6' 2""",188,36,L,L,P,74
553878,Felipe Vázquez,1991-07-05,"6' 2""",225,34,L,L,P,74
474521,Shawn Tolleson,1988-01-19,"6' 1""",214,38,R,R,P,73
506433,Yu Darvish,1986-08-16,"6' 5""",220,39,R,R,P,77
640463,Braden Shipley,1992-02-22,"6' 1""",190,34,R,R,P,73
605483,Blake Snell,1992-12-04,"6' 4""",225,33,L,L,P,76
621242,Edwin Díaz,1994-03-22,"6' 3""",165,32,R,R,P,75
625643,Reynaldo López,1994-01-04,"6' 1""",225,32,R,R,P,73
607457,Kyle Barraclough,1990-05-23,"6' 3""",229,35,R,R,P,75
547007,Rob Whalen,1994-01-31,"6' 2""",220,32,R,R,P,74
520980,Pedro Báez,1988-03-11,"6' 0""",232,38,R,R,P,72
622097,Jake Thompson,1994-01-31,"6' 4""",225,32,R,R,P,76
594795,Grant Dayton,1987-11-25,"6' 2""",210,38,L,L,P,74
607309,Phil Klein,1989-04-30,"6' 7""",255,37,R,R,P,79
621052,Alex Reyes,1994-08-29,"6' 4""",220,31,R,R,P,76
596133,Luke Weaver,1993-08-21,"6' 2""",180,32,R,R,P,74
451661,Josh Fields,1985-08-19,"6' 0""",191,40,R,R,P,72
605164,Dylan Bundy,1992-11-15,"6' 1""",225,33,S,R,P,73
643354,Donnie Hart,1990-09-06,"5' 11""",180,35,L,L,P,71
456167,A.J. Griffin,1988-01-28,"6' 5""",230,38,R,R,P,77
493329,Yuli Gurriel,1984-06-09,"6' 0""",215,41,R,R,1B,72
471822,Jumbo Diaz,1984-02-27,"6' 4""",315,42,R,R,P,76
642239,Rob Zastryzny,1992-03-26,"6' 3""",231,34,R,L,P,75
656546,Jeff Hoffman,1993-01-08,"6' 5""",235,33,R,R,P,77
607625,Seth Lugo,1989-11-17,"6' 4""",225,36,R,R,P,76
429722,Ervin Santana,1982-12-12,"6' 2""",175,43,R,R,P,74
607229,Robert Gsellman,1993-07-18,"6' 4""",237,32,R,R,P,76
592811,Andrew Triggs,1989-03-16,"6' 4""",233,37,R,R,P,76
611093,Silvino Bracho,1992-07-17,"5' 10""",190,33,R,R,P,70
594943,Zach Neal,1988-11-09,"6' 3""",220,37,R,R,P,75
553883,Jose Campos,1992-07-27,"6' 3""",229,33,R,R,P,75
518875,Shawn Kelley,1984-04-26,"6' 2""",237,42,R,R,P,74
448179,Rich Hill,1980-03-11,"6' 5""",220,46,L,L,P,77
571710,Mychal Givens,1990-05-13,"6' 0""",250,35,R,R,P,72
605222,Jake Esch,1990-03-27,"6' 3""",205,36,R,R,P,75
592254,José De León,1992-08-07,"6' 0""",220,33,R,R,P,72
571800,Drew Hutchison,1990-08-22,"6' 3""",215,35,L,R,P,75
497807,Frank Herrmann,1984-05-30,"6' 4""",220,41,L,R,P,76
608566,Germán Márquez,1995-02-22,"6' 1""",230,31,R,R,P,73
462382,Jim Johnson,1983-06-27,"6' 6""",250,42,R,R,P,78
593679,Gabriel Ynoa,1993-05-26,"6' 2""",205,32,R,R,P,74
592866,Trevor Williams,1992-04-25,"6' 3""",231,34,R,R,P,75
453281,Wade LeBlanc,1984-08-07,"6' 2""",195,41,L,L,P,74
493200,Seunghwan Oh,1982-07-15,"5' 10""",205,43,R,R,P,70
621244,José Berríos,1994-05-27,"6' 0""",205,31,R,R,P,72
519294,Josh Smoker,1988-11-26,"6' 1""",232,37,L,L,P,73
608718,Brent Suter,1989-08-29,"6' 4""",213,36,L,L,P,76
594772,Jake Buchanan,1989-09-24,"6' 0""",232,36,R,R,P,72
605396,Colton Murray,1990-04-22,"6' 0""",195,36,R,R,P,72
445276,Kenley Jansen,1987-09-30,"6' 5""",265,38,S,R,P,77
669221,Sean Murphy,1994-10-04,"6' 3""",228,31,R,R,C,75
621011,Max Schrock,1994-10-12,"5' 9""",185,31,L,R,2B,69
660670,Ronald Acuña Jr.,1997-12-18,"6' 0""",205,28,R,R,RF,72
666561,Jae-Gyun Hwang,1987-07-28,"6' 0""",215,38,R,R,3B,72
621044,Jesmuel Valentín,1994-05-12,"5' 9""",180,31,S,R,LF,69
656555,Rhys Hoskins,1993-03-17,"6' 3""",241,33,R,R,1B,75
489209,Brett Pill,1984-09-09,"6' 4""",225,41,R,R,1B,76
630105,Jake Cronenworth,1994-01-21,"5' 11""",187,32,L,R,2B,71
621458,Edwin Rios,1994-04-21,"6' 3""",220,32,L,R,1B,75
642279,Samir Dueñez,1996-06-11,"6' 1""",230,29,L,R,1B,73
601714,Jordan Procyshen,1993-03-11,"5' 10""",185,33,L,R,C,70
621028,Kevin Newman,1993-08-04,"6' 0""",195,32,R,R,3B,72
628336,José Miguel Fernández,1988-04-27,"5' 10""",185,38,L,R,1B,70
622497,Miguel Gómez,1992-12-17,"5' 9""",206,33,S,R,2B,69
641569,Xavier Fernández,1995-07-15,"5' 8""",245,30,R,R,C,68
573013,Cam Maron,1991-01-20,"6' 1""",195,35,L,R,C,73
592723,Wynston Sawyer,1991-11-14,"6' 3""",215,34,R,R,C,75
642707,Allen Córdoba,1995-12-06,"6' 2""",235,30,R,R,LF,74
669950,Gene Cone,1994-09-21,"6' 0""",175,31,L,L,RF,72
668674,Lucas Erceg,1995-05-01,"6' 2""",214,31,L,R,P,74
659635,Matt Jones,1992-04-14,"6' 0""",195,34,R,R,C,72
623993,Anthony Santander,1994-10-19,"6' 1""",230,31,S,R,RF,73
671250,Jorge Ona,1996-12-31,"6' 0""",235,29,R,R,OF,72
650391,Eloy Jiménez,1996-11-27,"6' 4""",250,29,R,R,DH,76
641684,Michael Hermosillo,1995-01-17,"5' 10""",205,31,R,R,RF,70
624641,Edmundo Sosa,1996-03-06,"5' 11""",210,30,R,R,2B,71
621512,Tomás Nido,1994-04-12,"6' 0""",211,32,R,R,C,72
656575,Todd Isaacs,1996-05-22,"6' 0""",215,29,R,R,LF,72
668888,Hudson Potts,1998-10-28,"6' 2""",205,27,R,R,3B,74
665701,Alejandro Garcia,1991-06-21,"5' 10""",182,34,R,R,LF,70
595981,Scott Heineman,1992-12-04,"6' 1""",220,33,R,R,LF,73
276377,Wily Mo Peña,1982-01-23,"6' 3""",260,44,R,R,RF,75
665487,Fernando Tatis Jr.,1999-01-02,"6' 3""",217,27,R,R,RF,75
620998,Joe DeCarlo,1993-09-13,"5' 10""",210,32,R,R,3B,70
669261,Jack Suwinski,1998-07-29,"6' 1""",217,27,L,L,RF,73
664789,Ka'ai Tom,1994-05-29,"5' 9""",185,31,L,R,LF,69
657193,Eddy Alvarez,1990-01-30,"5' 8""",178,36,L,R,2B,68
596107,Eric Filia,1992-07-06,"6' 0""",189,33,L,R,RF,72
666134,Nolan Jones,1998-05-07,"6' 4""",195,27,L,R,RF,76
608421,Eliezer Álvarez,1994-10-15,"5' 11""",165,31,L,R,2B,71
642002,Michael Reed,1995-04-27,"6' 4""",218,31,S,R,OF,76
642136,Matt Thaiss,1995-05-06,"5' 11""",215,31,L,R,C,71
642336,Francisco Mejía,1995-10-27,"5' 8""",188,30,S,R,C,68
641470,Zack Collins,1995-02-06,"6' 3""",220,31,L,R,C,75
458676,Josh Lindblom,1987-06-15,"6' 4""",240,38,R,R,P,76
669720,Austin Hays,1995-07-05,"5' 10""",200,30,R,R,LF,70
622268,Donovan Walton,1994-05-25,"5' 9""",190,31,L,R,2B,69
664068,Scott Kingery,1994-04-29,"5' 9""",180,32,R,R,SS,69
670089,Dimas Ojeda,1995-09-19,"6' 1""",195,30,L,L,LF,73
664877,Christian Kelley,1993-09-23,"5' 10""",190,32,R,R,C,70
663586,Austin Riley,1997-04-02,"6' 1""",225,29,R,R,3B,73
543059,Zack Cox,1989-05-09,"5' 11""",225,36,L,R,3B,71
519346,Eric Thames,1986-11-10,"5' 11""",235,39,L,R,1B,71
642223,J.B. Woodman,1994-12-13,"6' 2""",195,31,L,R,CF,74
657545,Jace Conrad,1992-12-15,"5' 11""",195,33,L,R,2B,71
660618,Chris Torres,1998-02-06,"5' 11""",170,28,S,R,SS,71
664966,Jonathan Morales,1995-01-29,"5' 9""",200,31,R,R,C,69
642720,Ray-Patrick Didder,1994-10-01,"5' 10""",199,31,R,R,CF,70
650520,Micker Adolfo,1996-09-11,"6' 4""",225,29,R,R,RF,76
641323,Luis Aviles Jr.,1995-03-16,"6' 2""",210,31,R,R,SS,74
601707,Dustin Houle,1993-11-09,"6' 1""",205,32,R,R,C,73
666143,Joe Rizzo,1998-03-31,"5' 9""",194,28,L,R,3B,69
641735,Bradley Jones,1995-06-12,"6' 1""",180,30,R,R,1B,73
657072,Chase Vallot,1996-08-21,"6' 0""",215,29,R,R,C,72
571679,David Freitas,1989-03-18,"6' 1""",250,37,R,R,C,73
593347,Rodrigo Vigil,1993-01-03,"6' 0""",165,33,R,R,C,72
620443,Luis Torrens,1996-05-02,"5' 11""",217,30,R,R,C,71
667674,Jack Kruger,1994-10-26,"6' 1""",195,31,R,R,C,73
658668,Edward Olivares,1996-03-06,"6' 1""",190,30,R,R,RF,73
656525,Gunnar Heidt,1992-09-12,"6' 0""",200,33,R,R,SS,72
624503,Nick Gordon,1995-10-24,"6' 0""",160,30,L,R,SS,72
628451,Andy Ibáñez,1993-04-03,"5' 10""",205,33,R,R,2B,70
621500,Wyatt Mathisen,1993-12-30,"6' 0""",217,32,R,R,3B,72
596145,Jose Vinicio,1993-07-10,"5' 11""",150,32,R,R,SS,71
664038,Kyri Washington,1994-07-11,"5' 11""",220,31,R,R,LF,71
669726,Michael Barash,1994-10-12,"6' 1""",200,31,R,R,C,73
645302,Victor Robles,1997-05-19,"6' 0""",193,28,R,R,RF,72
650832,Adrian Valerio,1997-03-13,"5' 11""",150,29,S,R,SS,71
650988,Yeltsin Gudino,1997-01-17,"6' 0""",150,29,R,R,SS,72
656847,DJ Peters,1995-12-12,"6' 5""",225,30,R,R,P,77
642721,Kelvin Gutiérrez,1994-08-28,"6' 2""",215,31,R,R,3B,74
664921,Ian Sagdal,1993-01-06,"6' 3""",190,33,L,R,1B,75
648739,Telmito Agustin,1996-10-09,"5' 10""",160,29,L,L,LF,70
663368,Blake Perkins,1996-09-10,"6' 0""",185,29,S,R,LF,72
649603,Jeyner Baez,1995-07-25,"6' 1""",175,30,R,R,P,73
656883,Jakson Reetz,1996-01-03,"5' 10""",205,30,R,R,C,70
657253,Chris Rabago,1993-04-22,"5' 11""",204,33,R,R,C,71
665742,Juan Soto,1998-10-25,"6' 1""",224,27,L,L,LF,73
669897,Connor Owings,1994-05-11,"5' 10""",190,31,L,R,RF,70
671242,Anibal Sierra,1994-02-15,"6' 1""",190,32,R,R,SS,73
650389,Wladimir Galindo,1996-11-06,"6' 3""",210,29,R,R,3B,75
665038,Luis Silverio,1995-06-27,"6' 3""",180,30,R,R,LF,75
660631,Kevin Vicuña,1998-01-14,"6' 0""",140,28,R,R,SS,72
645917,Marty Herum,1991-12-16,"6' 3""",214,34,R,R,1B,75
624417,Bryson Brigman,1995-06-19,"5' 10""",180,30,R,R,SS,70
657129,Marcus Wilson,1996-08-15,"6' 2""",198,29,R,R,CF,74
663624,Ryan Mountcastle,1997-02-18,"6' 3""",230,29,R,R,1B,75
623520,David Bote,1993-04-07,"5' 11""",205,33,R,R,3B,71
618085,Jin-De Jhang,1993-05-17,"5' 9""",225,32,L,R,C,69
641943,Joshua Palacios,1995-07-30,"6' 0""",210,30,L,R,RF,72
650700,Luis Carpio,1997-07-11,"5' 11""",190,28,R,R,2B,71
666703,Eguy Rosario,1999-08-25,"5' 8""",150,26,R,R,3B,68
608686,Jack Mayfield,1990-09-30,"5' 11""",190,35,R,R,2B,71
647304,Josh Naylor,1997-06-22,"5' 10""",235,28,L,L,1B,70
605136,Jay Baum,1992-10-25,"6' 0""",190,33,R,R,3B,72
623510,A.J. Simcox,1994-06-22,"6' 3""",185,31,R,R,SS,75
656371,Isan Díaz,1996-05-27,"5' 10""",201,29,L,R,2B,70
621521,Brian Mundell,1994-02-28,"6' 3""",223,32,R,R,1B,75
572225,Jan Vázquez,1991-04-29,"5' 10""",165,35,S,R,C,70
606470,Emilio Guerrero,1992-08-21,"6' 4""",189,33,R,R,SS,76
628297,Tim Tebow,1987-08-14,"6' 3""",245,38,L,L,LF,75
641584,Jake Fraley,1995-05-25,"5' 11""",206,30,L,L,RF,71
607500,Hunter Cole,1992-10-03,"6' 1""",190,33,R,R,RF,73
656920,Michael Russell,1993-01-30,"6' 2""",200,33,R,R,SS,74
543021,Art Charles,1990-11-10,"6' 6""",220,35,L,L,1B,78
650694,Joantgel Segovia,1996-11-08,"6' 1""",194,29,R,R,CF,73
609002,Tomas Morales,1991-07-30,"6' 0""",190,34,R,R,C,72
650859,Luis Rengifo,1997-02-26,"5' 9""",204,29,S,R,3B,69
606959,Rookie Davis,1993-04-29,"6' 5""",255,33,R,R,P,77
670353,Aaron Schnurbusch,1994-01-21,"6' 5""",235,32,L,L,RF,77
601975,Deiner Lopez,1994-05-30,"6' 0""",165,31,S,R,2B,72
670770,TJ Friedl,1995-08-14,"5' 8""",180,30,L,L,CF,68
666971,Lourdes Gurriel Jr.,1993-10-10,"6' 3""",215,32,R,R,LF,75
665926,Andrés Giménez,1998-09-04,"5' 11""",161,27,L,R,SS,71
621007,Nick Basto,1994-04-01,"6' 2""",210,32,R,R,LF,74
668673,Cassidy Brown,1994-07-21,"6' 3""",215,31,R,R,C,75
660731,Anderson Tejeda,1998-05-01,"6' 0""",200,28,S,R,SS,72
656431,Ti'Quan Forbes,1996-08-26,"6' 4""",225,29,R,R,3B,76
642851,Austin Wynns,1990-12-10,"6' 1""",190,35,R,R,C,73
656669,Jordan Luplow,1993-09-26,"5' 11""",195,32,R,R,LF,71
570479,Alex Monsalve,1992-04-22,"6' 2""",225,34,R,R,C,74
650883,Dennis Ortega,1997-06-11,"6' 3""",230,28,R,R,C,75
666784,Omar Estévez,1998-02-25,"5' 10""",185,28,R,R,2B,70
661533,Colby Woodmansee,1994-08-27,"6' 3""",206,31,R,R,SS,75
645305,Ali Sánchez,1997-01-20,"6' 0""",200,29,R,R,C,72
672350,Yanio Perez,1995-08-10,"6' 2""",205,30,R,R,OF,74
666211,Taylor Trammell,1997-09-13,"6' 1""",220,28,L,L,CF,73
621469,Tate Matheny,1994-02-09,"6' 0""",185,32,R,R,RF,72
608360,Chris Okey,1994-12-29,"5' 11""",200,31,R,R,C,71
657041,Lane Thomas,1995-08-23,"5' 11""",195,30,R,R,CF,71
643473,Matt Oberste,1991-08-09,"6' 2""",240,34,R,R,DH,74
606322,J.C. Rodriguez,1992-09-03,"6' 1""",190,33,S,R,2B,73
606240,Bryan Mejia,1994-03-02,"6' 1""",170,32,S,R,2B,73
656540,Tyler Hill,1996-03-04,"6' 0""",195,30,R,R,LF,72
592829,David Vidal,1989-10-23,"5' 11""",185,36,R,R,3B,71
592365,Angelo Gumbs,1992-10-13,"6' 0""",175,33,R,R,2B,72
670895,Alfredo Rodriguez,1994-06-17,"6' 0""",190,31,R,R,SS,72
666558,Eddy Martinez,1995-01-18,"6' 1""",195,31,R,R,RF,73
650701,Ricardo Cespedes,1997-08-24,"6' 1""",205,28,L,L,CF,73
621420,David Thompson,1993-08-28,"6' 2""",210,32,R,R,3B,74
641404,Brandon Brosher,1995-02-17,"6' 3""",225,31,R,R,P,75
624415,Cavan Biggio,1995-04-11,"6' 0""",200,31,L,R,1B,72
607741,Kevin Taylor,1991-07-13,"6' 0""",197,34,L,R,2B,72
669686,Michael Paez,1994-12-08,"5' 8""",175,31,R,R,2B,68
669723,Blake Tiberi,1995-02-16,"6' 0""",205,31,L,R,3B,72
614177,Franmil Reyes,1995-07-07,"6' 5""",265,30,R,R,RF,77
664120,Max McDowell,1994-01-12,"6' 1""",208,32,R,R,C,73
621016,Jose Cuas,1994-06-28,"6' 3""",195,31,R,R,P,75
624413,Pete Alonso,1994-12-07,"6' 3""",245,31,R,R,1B,75
664239,Logan Ratledge,1992-07-20,"5' 11""",190,33,R,R,3B,71
667416,Clark Eagan,1995-03-13,"6' 1""",195,31,L,R,CF,73
621443,Rhett Wiseman,1994-06-22,"6' 0""",200,31,L,R,RF,72
622210,Ian Parmley,1989-12-19,"5' 11""",175,36,L,L,CF,71
656449,Jake Gatewood,1995-09-25,"6' 5""",190,30,R,R,1B,77
656230,Arnaldo Berrios,1996-01-15,"5' 9""",154,30,S,R,RF,69
592120,Barrett Astin,1991-10-22,"6' 1""",225,34,R,R,P,73
571948,Hoby Milner,1991-01-13,"6' 3""",187,35,L,L,P,75
606114,Jeremias Pineda,1990-11-16,"5' 11""",190,35,L,R,CF,71
581680,Chantz Mack,1991-05-04,"5' 10""",205,35,L,L,LF,70
517629,Kelvin Marte,1987-11-24,"5' 9""",170,38,R,L,P,69
656821,Kevin Padlo,1996-07-15,"6' 0""",210,29,R,R,3B,72
663656,Kyle Tucker,1997-01-17,"6' 3""",212,29,L,R,RF,75
670053,Hosea Nelson,1996-11-22,"6' 0""",210,29,L,L,DH,72
621008,Alex De Goti,1994-08-19,"5' 10""",192,31,R,R,SS,70
665779,Carlos Rincon,1997-10-14,"6' 3""",190,28,R,R,RF,75
670047,Troy Montgomery,1994-08-13,"5' 10""",185,31,L,L,RF,70
600882,Rehiner Cordova,1994-01-11,"6' 0""",150,32,R,R,SS,72
669252,Jonah McReynolds,1995-12-16,"5' 11""",165,30,R,R,SS,71
622100,Taylor Jones,1993-12-06,"6' 5""",230,32,R,R,1B,77
607341,Khayyan Norfork,1989-01-19,"5' 10""",190,37,R,R,3B,70
664702,Myles Straw,1994-10-17,"5' 9""",178,31,R,R,RF,69
595871,Giovanny Alfonzo,1992-12-19,"5' 11""",185,33,R,R,2B,71
657020,Zach Sullivan,1995-11-26,"6' 3""",180,30,R,R,CF,75
642688,Jorma Rodriguez,1996-03-25,"5' 10""",150,30,R,R,2B,70
657064,Justin Twine,1995-10-07,"5' 11""",205,30,R,R,SS,71
669049,Connor Justus,1994-11-02,"6' 0""",190,31,R,R,SS,72
669257,Will Smith,1995-03-28,"5' 10""",195,31,R,R,C,70
656348,Andrew Daniel,1993-01-27,"6' 1""",195,33,R,R,2B,73
595115,Taylor Ard,1990-01-31,"6' 2""",230,36,R,R,1B,74
657254,Josh Rapacz,1990-07-10,"6' 1""",205,35,R,R,C,73
642271,Fernery Ozuna,1995-11-09,"5' 8""",170,30,R,R,P,68
662145,Mitch Ghelfi,1992-09-24,"5' 11""",185,33,S,R,C,71
664046,Roman Collins,1994-06-17,"6' 2""",210,31,L,L,LF,74
664860,Logan Landon,1993-02-17,"6' 2""",180,33,R,R,CF,74
622270,Alex D. Mejia,1991-01-18,"6' 1""",200,35,R,R,SS,73
666185,Dylan Carlson,1998-10-23,"6' 1""",200,27,S,L,LF,73
607389,Zach Houchins,1992-09-16,"6' 2""",210,33,R,R,3B,74
607536,Kyle Freeland,1993-05-14,"6' 4""",202,32,L,L,P,76
669222,Nick Senzel,1995-06-29,"6' 0""",217,30,R,R,3B,72
642461,Michael Beltre,1995-07-03,"6' 3""",220,30,S,R,LF,75
650971,Franklin Rollin,1995-08-26,"5' 11""",165,30,R,R,CF,71
554430,Zack Wheeler,1990-05-30,"6' 4""",195,35,L,R,P,76
669344,Vince Fernandez,1995-07-25,"6' 3""",210,30,L,R,DH,75
625439,B.J. López,1994-09-29,"5' 9""",202,31,R,R,C,69
656698,Dexture McCall,1994-01-29,"6' 1""",220,32,R,R,1B,73
592810,Daniel Torres,1992-05-29,"6' 0""",175,33,R,R,C,72
643466,Harrison Musgrave,1992-03-03,"6' 1""",206,34,L,L,P,73
664961,Vinny Siena,1993-12-24,"5' 10""",197,32,R,R,2B,70
663402,Anderson Miller,1994-05-06,"6' 3""",215,32,L,L,CF,75
660563,Joseph Rosa,1997-03-06,"5' 10""",165,29,S,R,2B,70
664956,Ricky Eusebio,1993-11-25,"5' 11""",195,32,R,R,CF,71
666969,Adolis García,1993-03-02,"6' 0""",205,33,R,R,RF,72
663630,Ryan McKenna,1997-02-14,"5' 10""",195,29,R,R,CF,70
666181,Will Benson,1998-06-16,"6' 4""",230,27,L,L,RF,76
656274,D.J. Burt,1995-10-13,"5' 9""",160,30,R,R,2B,69
663664,Desmond Lindsay,1997-01-15,"6' 0""",200,29,R,R,CF,72
613546,Angelo Castellano,1995-01-13,"5' 11""",165,31,R,R,SS,71
664959,Blake Butler,1993-10-29,"6' 3""",195,32,R,R,2B,75
664958,Kyle Barrett,1993-08-04,"5' 11""",185,32,L,R,LF,71
608217,Jonathan Martinez,1994-06-27,"6' 1""",205,31,R,R,P,73
621219,Alec Mills,1991-11-30,"6' 4""",205,34,R,R,P,76
650495,Gabriel Mejia,1995-07-30,"5' 11""",160,30,R,R,CF,71
543041,Zach Collier,1990-09-08,"6' 2""",200,35,L,L,CF,74
641505,Jonathan Davis,1992-05-12,"5' 8""",190,33,R,R,CF,68
670092,Trenton Brooks,1995-07-03,"5' 11""",195,30,L,L,LF,71
668681,Logan Ice,1995-05-27,"5' 10""",190,30,S,R,C,70
670128,Taylor Kohlwey,1994-07-20,"6' 2""",200,31,L,L,LF,74
622362,Chris Pieters,1994-09-21,"6' 3""",185,31,L,L,OF,75
656935,Brian Schales,1996-02-13,"6' 1""",170,30,R,R,3B,73
605353,Vimael Machín,1993-09-25,"5' 10""",196,32,L,R,SS,70
605380,Kewby Meyer,1992-10-27,"6' 1""",195,33,L,L,1B,73
600861,Jeffrey Baez,1993-10-30,"6' 0""",180,32,R,R,RF,72
641881,Ryan Miller,1992-11-17,"6' 2""",200,33,R,R,C,74
670433,Ian Strom,1994-12-12,"6' 2""",205,31,R,L,LF,74
595283,Dexter Kjerstad,1992-01-19,"6' 1""",210,34,R,R,RF,73
594740,Jeff Arnold,1988-01-13,"6' 2""",210,38,R,R,C,74
663757,Trent Grisham,1996-11-01,"5' 10""",221,29,L,L,CF,70
622568,Wander Franco,1994-12-13,"6' 2""",170,31,R,R,3B,74
664043,J.C. Cardenas,1994-06-27,"6' 0""",185,31,S,R,SS,72
573087,Noah Perio,1991-11-14,"6' 0""",170,34,L,R,2B,72
664731,P.J. Higgins,1993-05-10,"5' 10""",195,32,R,R,C,70
643351,Reed Harper,1990-12-21,"6' 2""",200,35,R,R,2B,74
657806,Christian Williams,1994-09-14,"6' 3""",210,31,L,R,1B,75
642731,Thairo Estrada,1996-02-22,"5' 10""",185,30,R,R,2B,70
670097,Zack Short,1995-05-29,"5' 10""",180,30,R,R,3B,70
607237,Amir Garrett,1992-05-03,"6' 5""",239,34,R,L,P,77
615697,Daniel Pinero,1994-05-02,"6' 5""",210,32,R,R,SS,77
642272,Erlin Cerda,1994-05-05,"5' 9""",170,32,R,R,2B,69
643220,Danny Bethea,1990-01-31,"6' 1""",210,36,R,R,P,73
640459,Brian Navarreto,1994-12-29,"6' 1""",233,31,R,R,1B,73
657267,Collin Theroux,1994-03-10,"6' 2""",220,32,R,R,C,74
665285,Peter Maris,1993-09-16,"5' 10""",175,32,L,R,SS,70
669262,Tyler Ramirez,1995-02-21,"5' 9""",185,31,L,L,RF,69
663791,D.J. Wilson,1996-10-08,"5' 8""",177,29,L,L,CF,68
670860,Lazaro Armenteros,1999-05-22,"6' 0""",182,26,R,R,LF,72
657568,Andrew Ely,1993-01-23,"5' 11""",180,33,L,R,2B,71
663889,Satchel McElroy,1996-08-13,"5' 10""",170,29,R,R,LF,70
596088,Mason Robbins,1993-02-01,"6' 0""",200,33,L,L,RF,72
669743,Alex Call,1994-09-27,"5' 11""",189,31,R,R,LF,71
664874,Seby Zavala,1993-08-28,"5' 11""",205,32,R,R,C,71
608383,Mikey White,1993-09-03,"6' 1""",200,32,R,R,SS,73
645801,Mike Ford,1992-07-04,"6' 0""",225,33,L,R,1B,72
592356,Conrad Gregor,1992-02-27,"6' 3""",225,34,L,R,1B,75
641599,Randolph Gassaway,1995-05-23,"6' 4""",210,30,R,R,LF,76
657446,Zack Zehner,1992-08-08,"6' 4""",215,33,R,R,LF,76
607219,Sal Romano,1993-10-12,"6' 5""",255,32,L,R,P,77
643418,Shed Long Jr.,1995-08-22,"5' 8""",184,30,L,R,2B,68
663527,Tyler Nevin,1997-05-29,"6' 4""",225,28,R,R,3B,76
623305,Ian Rice,1993-08-19,"6' 0""",200,32,R,R,C,72
668843,Conner Capel,1997-05-19,"6' 0""",185,28,L,L,LF,72
623501,Jeff Kemp,1990-03-23,"6' 0""",190,36,R,R,2B,72
665877,José Fermín,1999-03-29,"5' 10""",198,27,R,R,LF,70
644375,Kungkuan Giljegiljaw,1994-03-13,"5' 11""",220,32,R,R,C,71
664916,Drew Ferguson,1992-08-03,"5' 11""",188,33,R,R,LF,71
643488,Kyle Petty,1991-03-01,"6' 5""",215,35,R,R,1B,77
641898,Trever Morrison,1995-04-21,"6' 0""",175,31,L,R,SS,72
642457,Manny Sanchez,1995-10-06,"6' 2""",225,30,R,R,RF,74
605361,Nick Martini,1990-06-27,"5' 11""",205,35,L,L,RF,71
607706,Michael Roth,1990-02-15,"6' 1""",210,36,L,L,P,73
607200,Erick Fedde,1993-02-25,"6' 4""",205,33,R,R,P,76
663330,Jahmai Jones,1997-08-04,"5' 10""",210,28,R,R,RF,70
664774,LaMonte Wade Jr.,1994-01-01,"5' 11""",215,32,L,L,CF,71
457567,Carlos Fisher,1983-02-22,"6' 4""",220,43,R,R,P,76
643439,Chase McDonald,1992-06-02,"6' 4""",265,33,R,R,1B,76
596053,A.J. Murray,1993-04-04,"6' 2""",215,33,R,R,C,74
642183,Ryan Walker,1992-03-26,"6' 1""",157,34,L,R,2B,73
643515,Angel Rosa,1992-09-19,"6' 2""",185,33,R,R,SS,74
664035,John Schuknecht,1994-07-12,"6' 0""",200,31,R,R,RF,72
667443,Josh Vidales,1993-08-06,"5' 8""",164,32,S,R,2B,68
666922,Ryan Aguilar,1994-09-11,"6' 2""",168,31,L,L,RF,74
642215,Weston Wilson,1994-09-11,"6' 3""",215,31,R,R,3B,75
620449,Luis Castro,1995-09-19,"6' 1""",187,30,R,R,1B,73
646098,Antony Brito,1995-02-15,"5' 11""",180,31,L,R,2B,71
643529,Justin Seager,1992-05-15,"6' 1""",215,33,R,R,1B,73
602924,Elvis Rubio,1994-07-02,"6' 3""",215,31,R,R,RF,75
623925,Tim Remes,1992-06-17,"6' 0""",205,33,R,R,C,72
596132,Ty Washington,1993-09-01,"5' 9""",174,32,R,R,2B,69
607100,Boo Vazquez,1993-04-04,"6' 4""",220,33,L,R,LF,76
657061,Cole Tucker,1996-07-03,"6' 3""",200,29,S,R,SS,75
645308,Jhonny Santos,1996-10-02,"6' 0""",160,29,R,R,CF,72
650512,Ramon Marcelino,1996-12-23,"6' 1""",175,29,L,R,RF,73
645300,Anthony Pereira,1996-11-28,"6' 0""",195,29,R,R,SS,72
664059,Sam Haggerty,1994-05-26,"5' 11""",175,31,S,R,LF,71
657088,Forrest Wall,1995-11-20,"6' 0""",195,30,L,R,LF,72
645080,Radley Haddad,1990-05-11,"6' 1""",190,35,L,R,C,73
630034,David Rodríguez,1996-02-25,"6' 1""",215,30,R,R,C,73
621447,Andrew Calica,1994-03-05,"6' 1""",195,32,L,R,LF,73
670586,Tyler Selesky,1993-10-06,"6' 0""",192,32,L,R,LF,72
670280,David Bednar,1994-10-10,"6' 1""",250,31,L,R,P,73
663605,Garrett Whitley,1997-03-13,"6' 0""",195,29,R,R,CF,72
664894,Alex Perez,1992-10-24,"5' 10""",180,33,L,R,2B,70
467102,Jose Gonzalez,1987-06-23,"6' 1""",215,38,R,R,C,73
624416,Ryan Boldt,1994-11-22,"6' 2""",210,31,L,R,CF,74
664060,Kyle Holder,1994-05-25,"6' 1""",204,31,L,R,SS,73
607044,John Norwood,1992-09-24,"6' 1""",185,33,R,R,RF,73
608340,Chris  Harvey,1993-03-10,"6' 5""",220,33,R,R,C,77
656773,Hutton Moyer,1993-04-30,"6' 1""",185,33,S,R,2B,73
592803,Dickie Joe Thon,1991-11-16,"6' 2""",190,34,R,R,2B,74
666919,Cody Ramer,1993-11-24,"5' 8""",178,32,L,R,2B,68
621436,Vince Jackson,1994-02-04,"6' 4""",190,32,L,L,CF,76
650560,Osvaldo Duarte,1996-01-18,"5' 9""",177,30,R,R,SS,69
670368,Preston Scott,1993-11-15,"6' 2""",210,32,R,R,RF,74
645310,Junior Soto,1997-01-21,"6' 3""",175,29,R,R,CF,75
606939,Aaron Brown,1992-06-20,"6' 2""",223,33,L,L,P,74
666128,Mario Feliciano,1998-11-20,"5' 10""",200,27,R,R,C,70
661411,Lorenzo Cedrola,1998-01-12,"5' 8""",152,28,R,R,CF,68
642362,Brallan Perez,1996-01-27,"5' 10""",165,30,R,R,2B,70
663672,Zeek White,1997-01-07,"6' 0""",170,29,R,R,CF,72
657056,Mitch Trees,1995-07-18,"6' 2""",200,30,R,R,C,74
666915,Bobby Dalbec,1995-06-29,"6' 3""",225,30,R,R,1B,75
669949,Boomer White,1993-07-28,"5' 10""",195,32,R,R,3B,70
670315,Branden Berry,1993-05-19,"6' 4""",225,32,R,R,1B,76
650441,Leandro Santana,1997-02-19,"6' 2""",200,29,R,R,3B,74
665039,Andrew Guillotte,1993-03-30,"5' 8""",170,33,R,R,CF,68
276520,Bronson Arroyo,1977-02-24,"6' 4""",190,49,R,R,P,76
544836,Enny Romero,1991-01-24,"6' 3""",251,35,R,L,P,75
519322,Drew Storen,1987-08-11,"6' 1""",200,38,S,R,P,73
621295,Nick Wittgren,1991-05-29,"6' 2""",215,34,R,R,P,74
545346,Zach Lee,1991-09-13,"6' 3""",195,34,R,R,P,75
451192,James Adduci,1985-05-15,"6' 2""",210,40,L,L,1B,74
545363,Jacob Turner,1991-05-21,"6' 5""",215,34,R,R,P,77
518748,Justin Grimm,1988-08-16,"6' 3""",210,37,R,R,P,75
554374,Ariel Hernández,1992-03-02,"6' 4""",230,34,R,R,P,76
656756,Jordan Montgomery,1992-12-27,"6' 6""",228,33,L,L,P,78
570810,Lisalverto Bonilla,1990-06-18,"6' 0""",225,35,S,R,P,72
502171,Alex Cobb,1987-10-07,"6' 3""",205,38,R,R,P,75
601713,Nick Pivetta,1993-02-14,"6' 5""",210,33,R,R,P,77
592127,Johnny Barbato,1992-07-11,"6' 1""",231,33,R,R,P,73
596271,Casey Lawrence,1987-10-28,"6' 0""",180,38,R,R,P,72
571670,Dylan Floro,1990-12-27,"6' 2""",212,35,L,R,P,74
664641,Aríel Miranda,1989-01-10,"6' 2""",190,37,L,L,P,74
643410,Mark Leiter Jr.,1991-03-13,"6' 0""",210,35,R,R,P,72
623149,Paul Sewald,1990-05-26,"6' 3""",219,35,R,R,P,75
592741,Chasen Shreve,1990-07-12,"6' 4""",180,35,L,L,P,76
573244,Adam Wilk,1987-12-09,"6' 2""",180,38,L,L,P,74
570240,Félix Peña,1990-02-25,"6' 2""",220,36,R,R,P,74
592169,Austin Brice,1992-06-19,"6' 4""",238,33,R,R,P,76
448609,Tony Sipp,1983-07-12,"6' 0""",190,42,L,L,P,72
593140,Michael Feliz,1993-06-28,"6' 4""",250,32,R,R,P,76
605397,Joe Musgrove,1992-12-04,"6' 5""",230,33,R,R,P,77
595345,Steven Okert,1991-07-09,"6' 2""",202,34,L,L,P,74
571510,Matthew Boyd,1991-02-02,"6' 3""",223,35,L,L,P,75
641941,Emilio Pagán,1991-05-07,"6' 2""",208,34,L,R,P,74
471911,Carlos Carrasco,1987-03-21,"6' 4""",224,39,R,R,P,76
607352,Joe Biagini,1990-05-29,"6' 4""",230,35,R,R,P,76
489334,Craig Stammen,1984-03-09,"6' 2""",228,42,R,R,P,74
592229,Dylan Covey,1991-08-14,"6' 1""",215,34,R,R,P,73
453192,Andrew Miller,1985-05-21,"6' 7""",200,40,L,L,P,79
543542,Alex Meyer,1990-01-03,"6' 9""",225,36,R,R,P,81
502179,Paolo Espino,1987-01-10,"5' 10""",212,39,R,R,P,70
518693,Sam Freeman,1987-06-24,"5' 11""",180,38,R,L,P,71
572193,Ryan Tepera,1987-11-03,"6' 1""",195,38,R,R,P,73
543652,Tyler Pill,1990-05-29,"6' 1""",199,35,L,R,P,73
659275,Dinelson Lamet,1992-07-18,"6' 3""",228,33,R,R,P,75
477569,Fernando Salas,1985-05-30,"6' 2""",200,40,R,R,P,74
543208,Sam Gaviglio,1990-05-22,"6' 1""",215,35,R,R,P,73
600526,José Torres,1993-09-24,"6' 2""",175,32,L,L,P,74
519008,T.J. McFarland,1989-06-08,"6' 3""",200,36,L,L,P,75
500724,JC Ramírez,1988-08-16,"6' 3""",175,37,R,R,P,75
452666,Tom Wilhelmsen,1983-12-16,"6' 6""",220,42,R,R,P,78
594902,Ben Lively,1992-03-05,"6' 4""",235,34,R,R,P,76
620982,Ricardo Pinto,1994-01-20,"6' 0""",195,32,R,R,P,72
519166,Neil Ramírez,1989-05-25,"6' 4""",215,36,R,R,P,76
450306,Jason Vargas,1983-02-02,"6' 0""",215,43,L,L,P,72
605194,Jharel Cotton,1992-01-19,"5' 11""",200,34,R,R,P,71
502212,Austin Bibens-Dirkx,1985-04-29,"6' 1""",210,41,R,R,P,73
596001,Jakob Junis,1992-09-16,"6' 3""",238,33,R,R,P,75
543867,Nik Turley,1989-09-11,"6' 4""",230,36,L,L,P,76
518397,Scott Alexander,1989-07-10,"6' 2""",195,36,L,L,P,74
656794,Sean Newcomb,1993-06-12,"6' 5""",255,32,L,L,P,77
502051,Josh Ravin,1988-01-21,"6' 4""",215,38,R,R,P,76
622766,Miguel Díaz,1994-11-28,"6' 0""",221,31,R,R,P,72
605254,Daniel Gossett,1992-11-13,"6' 0""",185,33,R,R,P,72
592426,Luke Jackson,1991-08-24,"6' 2""",210,34,R,R,P,74
622491,Luis Castillo,1992-12-12,"6' 2""",200,33,R,R,P,74
502748,Brad Peacock,1988-02-02,"6' 1""",207,38,R,R,P,73
642231,Jimmy Yacabonis,1992-03-21,"6' 3""",225,34,R,R,P,75
623451,Jackson Stephens,1994-05-11,"6' 2""",220,31,R,R,P,74
592614,Dillon Overton,1991-08-17,"6' 2""",175,34,L,L,P,74
594840,Matt Grace,1988-12-14,"6' 4""",215,37,L,L,P,76
502706,Derek Holland,1986-10-09,"6' 2""",223,39,S,L,P,74
593969,Jayson Aquino,1992-11-22,"6' 1""",225,33,L,L,P,73
606965,Chris Devenski,1990-11-13,"6' 3""",208,35,R,R,P,75
643414,Kyle Lloyd,1990-10-16,"6' 4""",220,35,R,R,P,76
624586,James Hoyt,1986-09-30,"6' 6""",230,39,R,R,P,78
621112,Paul Blackburn,1993-12-04,"6' 1""",196,32,R,R,P,73
534812,Kevin Quackenbush,1988-11-28,"6' 4""",235,37,R,R,P,76
608371,Lucas Sims,1994-05-10,"6' 2""",213,31,R,R,P,74
623167,Chris Flexen,1994-07-01,"6' 3""",220,31,R,R,P,75
446399,Brett Cecil,1986-07-02,"6' 2""",200,39,R,L,P,74
434672,Chris Smith,1981-04-09,"6' 0""",190,45,R,R,P,72
572140,Tyler Skaggs,1991-07-13,"6' 4""",225,27,L,L,P,76
594992,Kevin Shackelford,1989-04-07,"6' 5""",210,37,R,R,P,77
608650,Dietrich Enns,1991-05-16,"6' 1""",230,34,L,L,P,73
452027,Andrew Albers,1985-10-06,"6' 1""",200,40,R,L,P,73
605540,Brandon Woodruff,1993-02-10,"6' 4""",241,33,L,R,P,76
607473,Chasen Bradford,1989-08-05,"6' 1""",229,36,R,R,P,73
641816,Tyler Mahle,1994-09-29,"6' 3""",212,31,R,R,P,75
592279,Jesen Therrien,1993-03-18,"6' 3""",221,33,R,R,P,75
608331,Max Fried,1994-01-18,"6' 4""",190,32,L,L,P,76
596071,Dillon Peters,1992-08-31,"5' 11""",195,33,L,L,P,71
656427,Jack Flaherty,1995-10-15,"6' 4""",225,30,R,R,P,76
627894,Luiz Gohara,1996-07-31,"6' 3""",265,29,L,L,P,75
457915,Javy Guerra,1985-10-31,"6' 1""",215,40,R,R,P,73
627500,Jen-Ho Tseng,1994-10-03,"6' 1""",210,31,L,R,P,73
592547,Deck McGuire,1989-06-23,"6' 6""",220,36,R,R,P,78
547749,Junichi Tazawa,1986-06-06,"5' 11""",200,39,R,R,P,71
605795,Angel Sánchez,1989-11-28,"6' 1""",190,36,R,R,P,73
658792,Aaron Wilkerson,1989-05-24,"6' 2""",230,36,R,R,P,74
606930,Jacob Barnes,1990-04-14,"6' 2""",231,36,R,R,P,74
640458,Óscar Mercado,1994-12-16,"6' 1""",197,31,R,R,RF,73
668800,Andrew Knizner,1995-02-03,"6' 0""",225,31,R,R,C,72
673357,Luis Robert Jr.,1997-08-03,"6' 2""",225,28,R,R,CF,74
663898,Brendan Rodgers,1996-08-09,"6' 0""",204,29,R,R,2B,72
664314,Estevan Florial,1997-11-25,"6' 1""",195,28,L,R,LF,73
606019,Esteban Quiroz,1992-02-17,"5' 5""",199,34,L,R,3B,65
641914,Sheldon Neuse,1994-12-10,"6' 0""",232,31,R,R,3B,72
668670,Jake Rogers,1995-04-18,"5' 11""",201,31,R,R,C,71
664926,Nick Dini,1993-07-27,"5' 7""",190,32,R,R,C,67
665227,Nash Knight,1992-09-20,"6' 0""",205,33,S,R,2B,72
670032,Nicky Lopez,1995-03-13,"5' 10""",186,31,L,R,3B,70
596069,Max Pentecost,1993-03-10,"6' 2""",205,33,R,R,DH,74
657225,Jeff Hendrix,1993-07-16,"6' 0""",200,32,L,R,CF,72
669008,Ronnie Dawson,1995-05-19,"6' 2""",217,30,L,R,LF,74
657011,Troy Stokes Jr.,1996-02-02,"5' 9""",205,30,R,R,LF,69
669374,Keston Hiura,1996-08-02,"5' 10""",208,29,R,R,1B,70
660271,Shohei Ohtani,1994-07-05,"6' 4""",210,31,L,R,TWP,76
606992,Eric Haase,1992-12-18,"5' 10""",201,33,R,R,C,70
676071,Brett Netzer,1996-06-04,"6' 0""",195,29,L,R,2B,72
669902,Ryne Birk,1994-11-11,"5' 10""",185,31,L,R,2B,70
657701,Antonio Nunez,1993-01-10,"5' 9""",165,33,R,R,SS,69
642201,Eli White,1994-06-26,"6' 2""",195,31,R,R,CF,74
607461,Matt Beaty,1993-04-28,"6' 0""",215,33,L,R,1B,72
668804,Bryan Reynolds,1995-01-27,"6' 2""",210,31,S,R,LF,74
641658,Garrett Hampson,1994-10-10,"5' 10""",196,31,R,R,2B,70
642227,Stephen Wrenn,1994-10-07,"6' 1""",202,31,R,R,CF,73
664954,Brett Sullivan,1994-02-22,"5' 11""",190,32,L,R,C,71
663545,Reggie Pruitt,1997-05-07,"6' 0""",180,28,R,R,CF,72
666923,Zach Gibbons,1993-10-14,"5' 8""",186,32,R,R,LF,68
664768,Connor Panas,1993-02-11,"6' 0""",218,33,L,R,LF,72
665776,Pedro Castellanos,1997-12-11,"6' 3""",244,28,R,R,1B,75
669288,Daniel Johnson,1995-07-11,"5' 10""",200,30,L,L,CF,70
660688,Keibert Ruiz,1998-07-20,"5' 11""",238,27,S,R,C,71
669256,Nick Solak,1995-01-11,"5' 9""",185,31,R,R,1B,69
668227,Randy Arozarena,1995-02-28,"5' 10""",185,31,R,R,LF,70
656494,Taylor Gushue,1993-12-19,"6' 1""",224,32,S,R,C,73
650854,Anthony Jimenez,1995-10-21,"5' 11""",165,30,R,R,CF,71
650619,Meibrys Viloria,1997-02-15,"5' 11""",225,29,L,R,C,71
657709,Michael Papierski,1996-02-26,"6' 3""",224,30,S,R,C,75
670037,Ryan Scott,1993-07-06,"6' 2""",195,32,L,R,LF,74
667605,Alay Lago,1991-07-21,"6' 0""",200,34,R,R,2B,72
642020,Chuckie Robinson,1994-12-14,"6' 0""",215,31,R,R,C,72
623300,Austin Rei,1993-10-27,"6' 0""",185,32,R,R,C,72
658061,Galli Cribbs Jr.,1992-10-08,"6' 0""",190,33,L,R,SS,72
669289,Santiago Espinal,1994-11-13,"5' 9""",185,31,R,R,3B,69
671271,Jeisson Rosario,1999-10-22,"6' 0""",205,26,L,L,OF,72
624636,Carlos Tocci,1995-08-23,"6' 2""",180,30,R,R,RF,74
595929,Dylan Davis,1993-07-20,"6' 0""",205,32,R,R,P,72
664119,Austin Allen,1994-01-16,"6' 1""",219,32,L,R,C,73
622689,Randy César,1995-01-11,"6' 2""",240,31,R,R,3B,74
672356,Gabriel Arias,2000-02-27,"6' 1""",217,26,R,R,SS,73
664014,Sean Miller,1994-10-10,"5' 11""",175,31,R,R,SS,71
605520,Mitch Walding,1992-09-10,"6' 3""",190,33,L,R,3B,75
656388,Joe Dunand,1995-09-20,"6' 1""",205,30,R,R,SS,73
671275,Luis Almanzar,1999-11-01,"6' 0""",205,26,R,R,SS,72
664133,Kyle Survance Jr.,1993-12-06,"6' 1""",190,32,L,R,RF,73
660632,Adrian Rondon,1998-07-07,"6' 1""",190,27,R,R,SS,73
671277,Luis García Jr.,2000-05-16,"6' 1""",216,25,L,R,1B,73
673985,Kameron Esthay,1994-12-05,"6' 0""",215,31,L,L,OF,72
671276,Yasel Antuna,1999-10-26,"6' 1""",198,26,S,R,SS,73
657108,Evan White,1996-04-26,"6' 1""",219,30,R,L,1B,73
672359,Tirso Ornelas,2000-03-11,"6' 3""",200,26,L,R,LF,75
675918,Mason House,1998-09-10,"6' 3""",190,27,L,L,CF,75
596012,Kevin Kramer,1993-10-03,"6' 0""",195,32,L,R,3B,72
660821,Jesús Sánchez,1997-10-07,"6' 3""",222,28,L,R,LF,75
670410,Nate Easley,1996-01-11,"5' 10""",170,30,R,R,2B,70
665923,Esteury Ruiz,1999-02-15,"5' 11""",169,27,R,R,CF,71
660639,Pedro Gonzalez,1997-10-27,"6' 5""",190,28,R,R,CF,77
656736,Kevin Merrell,1995-12-14,"6' 1""",180,30,L,R,SS,73
672358,Justin Lopez,2000-05-09,"6' 2""",195,25,S,R,P,74
623519,David Olmedo-Barrera,1994-06-22,"6' 1""",195,31,L,R,LF,73
641459,Kacy Clemens,1994-07-27,"6' 2""",200,31,L,R,1B,74
665506,Cristian Pache,1998-11-19,"6' 2""",215,27,R,R,OF,74
669745,Jordan Zimmerman,1994-11-21,"6' 1""",195,31,R,R,2B,73
669626,Corey Bird,1995-08-11,"6' 1""",185,30,L,L,CF,73
666198,Carter Kieboom,1997-09-03,"6' 1""",221,28,R,R,3B,73
592600,Chace Numata,1992-08-14,"6' 0""",200,27,S,R,C,72
664040,Brandon Lowe,1994-07-06,"5' 9""",181,31,L,R,2B,69
664031,Ryan Howard,1994-07-25,"6' 2""",195,31,R,R,SS,74
660758,Sandro Fabian,1998-03-06,"5' 11""",180,28,R,R,RF,71
642021,Errol Robinson,1994-10-01,"5' 10""",170,31,R,R,SS,70
669242,Tommy Edman,1995-05-09,"5' 10""",193,30,S,R,2B,70
660644,Vidal Bruján,1998-02-09,"5' 9""",180,28,S,R,3B,69
663692,Jalen Miller,1996-12-19,"6' 0""",190,29,R,R,2B,72
546999,Jeremy Martinez,1994-12-29,"5' 11""",195,31,R,R,C,71
664850,Patrick Mazeika,1993-10-14,"6' 1""",210,32,L,R,C,73
608339,Zach Green,1994-03-07,"6' 2""",224,32,R,R,3B,74
620453,Deivy Grullón,1996-02-17,"5' 11""",240,30,R,R,C,71
664686,Zach Coppola,1994-05-09,"5' 10""",160,31,L,R,RF,70
663897,Luke Williams,1996-08-09,"6' 1""",186,29,R,R,SS,73
664853,Chris Paul,1992-10-12,"6' 2""",200,33,R,R,3B,74
641431,Edgar Cabral,1995-09-12,"5' 11""",210,30,R,R,C,71
669667,Jay Jabs,1994-09-30,"6' 0""",195,31,L,R,LF,72
657075,Jeremy Vasquez,1996-07-17,"6' 1""",205,29,L,L,1B,73
595210,J.J. Franco,1992-02-02,"5' 9""",180,34,R,R,2B,69
670417,Brandon Montgomery,1996-02-12,"6' 0""",180,30,R,R,2B,72
675656,Kevin Smith,1996-07-04,"5' 11""",190,29,R,R,SS,71
657284,Jake Yacinich,1993-03-02,"6' 2""",195,33,L,R,SS,74
519432,Russell Wilson,1988-11-29,"5' 11""",195,37,R,R,2B,71
622561,Jhoan Urena,1994-09-01,"6' 1""",225,31,S,R,3B,73
655996,Cristian Santana,1997-02-24,"6' 2""",175,29,R,R,3B,74
665918,Miguel Aparicio,1999-03-17,"6' 0""",195,27,L,L,RF,72
641779,Charles Leblanc,1996-06-03,"6' 3""",195,29,R,R,3B,75
623517,Nick Lovullo,1993-12-01,"6' 0""",175,32,R,R,2B,72
661250,Izzy Wilson,1998-03-06,"6' 3""",185,28,L,R,RF,75
641891,Nelson Molina,1995-04-30,"6' 3""",175,31,L,R,3B,75
669397,Nick Allen,1998-10-08,"5' 7""",166,27,R,R,SS,67
660636,Diego Castillo,1997-10-28,"5' 11""",185,28,R,R,SS,71
657675,Rudy Martin Jr.,1996-01-31,"5' 8""",155,30,L,L,RF,68
593800,Gioskar Amaya,1992-12-13,"5' 11""",175,33,R,R,C,71
670712,Mike Brosseau,1994-03-15,"5' 10""",203,32,R,R,3B,70
670768,Luis González,1995-09-10,"5' 11""",185,30,L,L,RF,71
596048,Tyler Moore,1993-08-08,"6' 0""",209,32,L,R,C,72
666139,Josh Lowe,1998-02-02,"6' 3""",220,28,L,R,LF,75
665650,Lucius Fox,1997-07-02,"6' 0""",182,28,S,R,SS,72
676695,Cole Peterson,1995-08-02,"5' 11""",160,30,L,R,SS,71
607503,Kevin Cornelius,1992-08-28,"6' 1""",180,33,R,R,3B,73
623508,Trent Giambrone,1993-12-20,"5' 8""",175,32,R,R,2B,68
605487,Daniel Spingola,1993-05-05,"6' 1""",180,33,L,L,RF,73
592761,Caleb Smith,1991-07-28,"6' 0""",207,34,R,L,P,72
664045,Thomas Eshelman,1994-06-20,"6' 2""",225,31,R,R,P,74
657780,Will Toffey,1994-12-31,"6' 2""",205,31,L,R,3B,74
656364,Greg Deichmann,1995-05-31,"6' 0""",205,30,L,R,1B,72
622736,Roberto Caro,1993-09-25,"6' 0""",185,32,S,R,CF,72
656748,Kevonte Mitchell,1995-08-12,"6' 4""",185,30,R,R,RF,76
669157,Tristen Lutz,1998-08-22,"6' 1""",210,27,R,R,OF,73
645282,Marten Gasparini,1997-05-24,"6' 0""",165,28,L,R,SS,72
622541,Malquin Canelo,1994-09-05,"5' 10""",165,31,R,R,SS,70
641999,Corey Ray,1994-09-22,"6' 0""",196,31,L,L,CF,72
650635,Moises Perez,1997-07-18,"6' 0""",160,28,R,R,SS,72
663993,Nathaniel Lowe,1995-07-07,"6' 4""",220,30,L,R,1B,76
642488,Ademar Rifaela,1994-11-20,"5' 10""",180,31,L,L,LF,70
676927,Tre Gantt,1996-05-10,"5' 10""",180,29,L,L,CF,70
663647,Ke'Bryan Hayes,1997-01-28,"5' 11""",215,29,R,R,3B,71
641438,Shane Carle,1991-08-30,"6' 4""",210,34,R,R,P,76
666931,Jared Oliva,1995-11-27,"6' 2""",202,30,R,R,CF,74
664930,Logan Hill,1993-05-26,"6' 3""",226,32,R,R,LF,75
666815,T.J. Bennett,1992-07-22,"6' 3""",215,33,L,R,2B,75
643269,Will Craig,1994-11-16,"6' 3""",235,31,R,R,3B,75
657067,Austin Upshaw,1996-07-28,"6' 0""",175,29,L,R,SS,72
656275,Dylan Busby,1995-11-28,"6' 2""",196,30,R,R,3B,74
607082,Jordan Serena,1992-08-04,"6' 1""",220,33,R,R,3B,73
665009,Jordan George,1992-07-16,"6' 2""",200,33,S,R,1B,74
664858,Brendon Sanger,1993-09-11,"6' 0""",195,32,L,R,LF,72
676116,Ryan Noda,1996-03-30,"6' 1""",217,30,L,L,1B,73
670084,Nick Heath,1993-11-27,"6' 1""",190,32,L,L,CF,73
656896,Emmanuel Rivera,1996-06-29,"6' 0""",225,29,R,R,3B,72
664901,Danny Mendick,1993-09-28,"5' 10""",195,32,R,R,SS,70
666206,Delvin Pérez,1998-11-24,"6' 1""",175,27,R,R,SS,73
665489,Vladimir Guerrero Jr.,1999-03-16,"6' 0""",245,27,R,R,1B,72
666182,Bo Bichette,1998-03-05,"5' 11""",190,28,R,R,3B,71
615699,Jacob Robson,1994-11-20,"5' 10""",182,31,L,R,OF,70
657669,Riley Mahan,1995-12-31,"6' 2""",220,30,L,R,2B,74
623195,John Silviano,1994-07-11,"5' 11""",190,31,L,R,DH,71
621705,Arvicent Perez,1994-01-14,"5' 10""",180,32,R,R,C,70
670144,Mitch Roman,1995-03-22,"6' 0""",185,31,R,R,SS,72
601712,Gareth Morgan,1996-04-12,"6' 4""",265,30,R,R,CF,76
666164,Blake Rutherford,1997-05-02,"6' 1""",205,29,L,R,LF,73
657757,Gavin Sheets,1996-04-23,"6' 3""",235,30,L,L,1B,75
670286,Craig Dedelow,1994-11-15,"6' 4""",210,31,L,R,OF,76
664763,Will Albertson,1994-06-26,"5' 11""",190,31,R,R,C,71
657538,Ruben Castro,1996-07-10,"5' 10""",182,29,L,R,C,70
658531,Miguelangel Sierra,1997-12-02,"5' 11""",201,28,R,R,SS,71
623610,Luis Valenzuela,1993-08-25,"5' 10""",179,32,L,R,2B,70
664104,Tyler Neslony,1994-02-13,"5' 11""",190,32,L,R,RF,71
656976,Pavin Smith,1996-02-06,"6' 2""",208,30,L,L,1B,74
650528,Laz Rivera,1994-09-20,"5' 11""",185,31,R,R,2B,71
647351,Abraham Toro,1996-12-20,"6' 0""",223,29,S,R,1B,72
642711,Johan Cruz,1995-10-08,"6' 2""",188,30,R,R,SS,74
666712,Roberto Alvarez,1999-07-28,"6' 0""",151,26,R,R,C,72
624505,Anfernee Grier,1995-10-13,"6' 1""",180,30,R,R,OF,73
606213,Yermín Mercedes,1993-02-14,"5' 11""",245,33,R,R,C,71
669733,Zach Clark,1995-12-05,"6' 2""",198,30,R,R,LF,74
676788,Brett Pope,1996-05-28,"6' 0""",180,29,L,R,SS,72
641315,Trae Arbet,1994-07-01,"6' 0""",185,31,R,R,SS,72
623241,Mac Seibert,1993-11-17,"6' 0""",195,32,R,R,C,72
668872,Manny Jefferson,1995-03-05,"6' 3""",170,31,R,R,2B,75
670427,Camden Duzenack,1995-03-08,"5' 7""",170,31,R,R,SS,67
664571,Alexis Garcia,1997-07-01,"6' 2""",170,28,S,R,3B,74
670767,Devin Hairston,1996-04-07,"5' 8""",175,30,R,R,2B,68
663855,Jordan Hicks,1996-09-06,"6' 2""",217,29,R,R,P,74
666137,Khalil Lee,1998-06-26,"5' 10""",170,27,L,L,CF,70
675649,Brian Miller,1995-08-20,"6' 1""",196,30,L,R,OF,73
676842,Mikey Duarte,1994-04-08,"5' 11""",195,32,R,R,SS,71
664857,Blake Allemand,1992-07-01,"5' 8""",185,33,S,R,2B,68
641512,Ben DeLuzio,1994-08-09,"6' 3""",200,31,R,R,CF,75
676814,Lucas Tancas,1993-11-12,"6' 2""",220,32,R,R,RF,74
642551,Argenis Blanco,1996-05-23,"6' 1""",165,29,R,R,P,73
669638,Anthony Churlin,1997-05-27,"6' 1""",205,28,R,R,RF,73
676632,Bligh Madris,1996-02-29,"6' 1""",208,30,L,R,OF,73
676426,Chris Sharpe,1996-06-06,"6' 1""",195,29,R,R,CF,73
669113,Jacob Zanon,1995-06-25,"6' 1""",180,30,R,R,CF,73
664689,Joel Booker,1993-11-01,"6' 1""",190,32,R,R,CF,73
622758,Angel Aguilar,1995-06-13,"6' 0""",170,30,R,R,3B,72
620444,Alexander Palma,1995-10-18,"6' 0""",201,30,R,R,RF,72
664080,Luke Burch,1994-04-18,"6' 2""",185,32,L,L,CF,74
661541,Donovan Casey,1996-02-23,"6' 2""",223,30,R,R,RF,74
674161,Kyle Watson,1996-01-14,"6' 3""",195,30,R,R,OF,75
600982,Alberto Triunfel,1994-02-01,"5' 11""",160,32,R,R,SS,71
677367,Justin Jacobs,1995-10-25,"6' 1""",195,30,L,R,OF,73
621545,Zach Remillard,1994-02-21,"6' 1""",190,32,R,R,2B,73
670950,Trevor Richards,1993-05-15,"6' 2""",205,32,R,R,P,74
641740,Mark Karaviotis,1995-10-12,"6' 1""",185,30,R,R,SS,73
643423,Chris Madera,1992-08-23,"5' 10""",190,33,R,R,RF,70
657623,Jared James,1994-02-22,"6' 1""",185,32,L,R,LF,73
641807,Brennon Lund,1994-11-27,"5' 9""",185,31,L,R,LF,69
676900,Ryan Dorow,1995-08-21,"6' 0""",195,30,R,R,SS,72
622806,Juan Kelly,1994-07-16,"5' 10""",218,31,S,R,1B,70
670466,Chad Sedio,1994-03-30,"6' 3""",200,32,L,R,SS,75
677223,Jack Larsen,1995-01-13,"6' 1""",195,31,L,L,OF,73
675648,Austin Beck,1998-11-21,"6' 1""",200,27,R,R,CF,73
668942,Josh Rojas,1994-06-30,"6' 1""",200,31,L,R,3B,73
641301,Stephen Alemais,1995-04-12,"5' 11""",190,31,R,R,SS,71
670042,Luke Raley,1994-09-19,"6' 3""",235,31,L,R,RF,75
656944,Clark Scolamiero,1996-01-24,"6' 0""",175,30,L,L,OF,72
641938,Arden Pabst,1995-03-14,"6' 1""",205,31,R,R,C,73
641603,Stephen Gaylor,1991-10-04,"6' 1""",195,34,L,R,CF,73
676679,Luis Vázquez,1999-10-10,"6' 0""",165,26,R,R,SS,72
662098,Austin Athmann,1995-04-27,"6' 2""",210,31,R,R,C,74
667350,Fernando Kelli,1998-07-28,"6' 0""",180,27,R,R,CF,72
650892,Eleardo Cabrera,1995-11-08,"5' 11""",195,30,L,R,P,71
663662,Daz Cameron,1997-01-15,"6' 0""",185,29,R,R,RF,72
656607,Jeren Kendall,1996-02-04,"5' 11""",190,30,L,R,CF,71
666158,Gavin Lux,1997-11-23,"5' 11""",190,28,L,R,LF,71
660620,Jonathan Araúz,1998-08-03,"6' 0""",195,27,S,R,2B,72
669675,Mitch Longo,1995-01-12,"6' 0""",195,31,L,R,LF,72
642344,Jhon Nuñez,1994-12-05,"5' 9""",165,31,S,R,C,69
669129,Marcus Mooney,1994-01-20,"5' 7""",160,32,R,R,SS,67
650853,Eugene Helder,1996-02-26,"5' 11""",165,30,R,R,3B,71
650140,Miguel Eladio,1996-05-10,"6' 1""",160,29,R,R,SS,73
668472,Nick Pratto,1998-10-06,"6' 1""",225,27,L,L,1B,73
663905,Travis Blankenhorn,1996-08-03,"6' 1""",237,29,L,R,RF,73
605530,Zander Wiel,1993-01-11,"6' 3""",220,33,R,R,1B,75
641298,Tyler Alamo,1995-05-02,"6' 4""",200,31,R,R,C,76
668784,Ulysses Cantu,1998-05-01,"5' 11""",220,28,R,R,1B,71
650331,Lewin Díaz,1996-11-19,"6' 2""",232,29,L,L,1B,74
661552,Rougned Jose Odor,1997-10-17,"5' 8""",140,28,R,R,2B,68
600898,Jecksson Flores,1993-10-28,"5' 11""",145,32,R,R,SS,71
664312,Emilio Gustave,1995-01-26,"6' 2""",200,31,R,R,CF,74
670623,Isaac Paredes,1999-02-18,"5' 11""",213,27,R,R,3B,71
641567,Logan Farrar,1995-04-16,"5' 10""",180,31,L,R,OF,70
670148,Nate Mondou,1995-03-24,"5' 8""",205,31,L,R,2B,68
665069,Bobby Wernes,1994-07-04,"6' 3""",200,31,R,R,3B,75
571945,Miles Mikolas,1988-08-23,"6' 4""",230,37,R,R,P,76
670370,Andrew Young,1994-05-10,"6' 0""",196,31,R,R,2B,72
645261,Sandy Alcantara,1995-09-07,"6' 5""",200,30,R,R,P,77
650793,Jesus Alastre,1996-11-25,"6' 1""",155,29,R,R,CF,73
624506,Connor Heady,1994-07-03,"5' 11""",158,31,R,R,SS,71
623322,Ben Johnson,1994-05-04,"6' 0""",185,32,R,R,RF,72
660630,Romer Cuadrado,1997-09-12,"6' 4""",185,28,R,R,RF,76
621169,Tyler Eppler,1993-01-05,"6' 5""",230,33,R,R,P,77
671285,Terry Fuller,1998-12-05,"6' 4""",210,27,L,R,OF,76
663886,Tyler Stephenson,1996-08-16,"6' 3""",225,29,R,R,C,75
669106,Chris Baker,1994-11-29,"6' 1""",180,31,R,R,SS,73
670764,Taylor Walls,1996-07-10,"5' 9""",185,29,S,R,SS,69
666135,Alex Kirilloff,1997-11-09,"6' 2""",195,28,L,L,RF,74
668731,Akil Baddoo,1998-08-16,"5' 11""",216,27,L,L,LF,71
668904,Royce Lewis,1999-06-05,"6' 0""",200,26,R,R,3B,72
594027,Tayron Guerrero,1991-01-09,"6' 8""",225,35,R,R,P,80
670351,Jose Rojas,1993-02-24,"5' 10""",200,33,L,R,3B,70
624735,Luis Payano,1996-05-12,"6' 1""",175,29,R,R,CF,73
657243,Brayan Morales,1995-12-08,"6' 1""",170,30,R,L,CF,73
624736,Kristian Trompiz,1995-12-02,"6' 1""",184,30,R,R,SS,73
664106,DJ Jenkins,1994-02-11,"5' 8""",155,32,R,R,CF,68
676625,Rylan Bannon,1996-04-22,"5' 8""",180,30,R,R,3B,68
656484,Tristan Gray,1996-03-22,"6' 1""",215,30,L,R,3B,73
592769,D.J. Snelten,1992-05-29,"6' 6""",240,33,L,L,P,78
656309,Carl Chester,1995-12-12,"6' 0""",200,30,R,R,OF,72
656403,Drew Ellis,1995-12-01,"6' 1""",205,30,R,R,3B,73
665561,Rafael Marchán,1999-02-25,"5' 9""",170,27,S,R,C,69
661439,Raul Rivas,1996-10-27,"5' 10""",160,29,S,R,SS,70
665922,Símon Muzziotti,1998-12-27,"6' 0""",175,27,L,L,CF,72
680013,Jorge Solano,1994-10-21,"5' 10""",185,31,R,R,OF,70
623927,Jiandido Tromp,1993-09-27,"5' 11""",175,32,R,R,CF,71
677866,Kyle Cunningham,1994-10-05,"6' 0""",205,31,R,R,C,72
676756,Joey Bartosic,1994-07-29,"6' 0""",190,31,R,R,CF,72
676623,Billy Cooke,1995-09-26,"5' 10""",175,30,R,R,CF,70
676841,Danny Edgeworth,1995-07-26,"6' 3""",210,30,L,R,3B,75
670126,Tyler Bugner,1994-10-29,"6' 2""",195,31,L,R,LF,74
620988,Jhombeyker Morales,1994-07-17,"6' 0""",170,31,R,R,3B,72
607027,Emmanuel Marrero,1993-05-16,"5' 11""",169,32,S,R,SS,71
650818,Mikell Granberry,1995-08-19,"6' 1""",190,30,R,R,C,73
664683,Michael Smith,1997-05-30,"5' 11""",165,28,L,L,OF,71
623507,Josh Lester,1994-07-17,"6' 2""",225,31,L,R,1B,74
621421,Tyler Gaffney,1991-04-20,"6' 1""",225,35,R,R,RF,73
665975,Lolo Sanchez,1999-04-23,"5' 11""",186,27,R,R,CF,71
664866,Austin Bossart,1993-07-04,"6' 2""",210,32,R,R,C,74
664499,Paul Brands,1997-05-13,"6' 1""",185,28,R,R,C,73
660684,Daniel Brito,1998-01-23,"6' 1""",170,28,L,R,2B,73
678225,Ji Hwan Bae,1999-07-26,"5' 11""",185,26,L,R,CF,71
656695,J.J. Matijevic,1995-11-14,"6' 0""",206,30,L,R,1B,72
641913,Tucker Neuhaus,1995-06-18,"6' 3""",190,30,L,R,3B,75
676701,Alan Trejo,1996-05-30,"6' 0""",205,29,R,R,SS,72
543031,Tyler Cloyd,1987-05-16,"6' 3""",210,38,R,R,P,75
670374,Steven Linkous,1994-09-28,"6' 0""",171,31,L,R,LF,72
664963,Kyle Overstreet,1993-09-04,"5' 11""",205,32,R,R,C,71
676946,Matthew Batten,1995-06-22,"5' 10""",180,30,R,R,2B,70
670127,Luis Pintor,1995-06-06,"5' 9""",170,30,R,R,2B,69
656448,Stone Garrett,1995-11-22,"6' 1""",228,30,R,R,CF,73
622053,Jameson Fisher,1993-12-18,"6' 2""",210,32,L,R,LF,74
628450,Yadiel Hernandez,1987-10-09,"5' 9""",185,38,L,R,LF,69
660662,Edgardo Fermin,1998-05-28,"6' 0""",171,27,R,R,SS,72
656670,Colby Lusignan,1992-11-15,"6' 4""",230,33,L,R,1B,76
668725,Jaquez Williams,1997-11-16,"6' 3""",215,28,L,R,1B,75
670432,Troy Sieber,1995-06-22,"5' 11""",215,30,L,R,1B,71
650339,Jermaine Palacios,1996-07-19,"6' 0""",145,29,R,R,SS,72
595438,Damek Tomscha,1991-08-27,"6' 2""",200,34,R,R,3B,74
642014,Jake Ring,1994-08-11,"5' 11""",175,31,L,L,CF,71
602136,Arturo Nieto,1992-12-09,"6' 2""",195,33,R,R,C,74
665838,Reinaldo Ilarraza,1999-01-12,"5' 10""",150,27,S,R,2B,70
660817,Carlos Machado,1998-06-05,"6' 2""",170,27,R,R,LF,74
641288,Andres Sthormes,1996-08-07,"5' 10""",195,29,R,R,C,70
668950,Quentin Holmes,1999-07-07,"6' 2""",195,26,R,R,CF,74
666858,Junior Arrojo,1988-05-29,"5' 10""",195,37,R,R,SS,70
676635,T.J. Nichting,1995-01-13,"5' 11""",188,31,S,R,OF,71
641716,Torii Hunter Jr.,1995-06-07,"6' 2""",180,30,R,R,OF,74
669016,Brandon Marsh,1997-12-18,"6' 2""",215,28,L,R,LF,74
666176,Jo Adell,1999-04-08,"6' 2""",215,27,R,R,RF,74
657618,Tra Holmes,1996-07-10,"6' 0""",175,29,R,R,2B,72
660907,Elvis Perez,1996-01-10,"6' 0""",165,30,S,R,SS,72
666964,Mitch Reeves,1994-11-18,"6' 2""",210,31,R,R,OF,74
645444,Jose Herrera,1997-02-24,"5' 9""",217,29,S,R,C,69
664941,Adam Walton,1993-09-22,"6' 1""",190,32,R,R,2B,73
679727,Lorenzo Quintana,1989-03-01,"5' 10""",205,37,R,R,C,70
670797,Ernie De La Trinidad,1996-01-03,"5' 9""",165,30,L,L,OF,69
669916,Nate Nolan,1994-10-11,"6' 1""",210,31,R,R,C,73
666695,Jonathan Guzmán,1999-08-17,"6' 0""",156,26,R,R,SS,72
593522,Luis Villegas,1992-12-02,"5' 10""",170,33,R,R,C,70
671265,Freudis Nova,2000-01-12,"6' 0""",178,26,R,R,SS,72
645291,Kevin Josephina,1996-10-02,"6' 0""",170,29,S,R,2B,72
650346,Ramon Hernandez,1996-03-02,"6' 4""",195,30,R,R,IF,76
646404,Anderson Franco,1997-08-15,"6' 3""",190,28,R,R,3B,75
676748,Dylan Rosa,1996-06-27,"6' 0""",200,29,R,R,LF,72
660829,Hoy Park,1996-04-07,"6' 0""",200,30,L,R,SS,72
650385,Samuel Miranda,1997-08-21,"6' 1""",175,28,L,R,C,73
660844,Leo Rivas,1997-10-10,"5' 7""",150,28,S,R,3B,67
676639,Ryan Grotjohn,1995-04-25,"6' 2""",175,31,L,R,SS,74
676801,Chas McCormick,1995-04-19,"5' 11""",208,31,R,L,LF,71
642444,Michael De La Cruz,1996-07-10,"6' 1""",165,29,L,L,CF,73
664888,Tim Arakawa,1993-04-18,"5' 8""",175,33,L,R,2B,68
670468,Jack Sundberg,1993-07-21,"5' 11""",195,32,L,R,CF,71
642134,Robbie Tenerowicz,1995-01-06,"6' 1""",228,31,R,R,1B,73
595237,Ryan Halstead,1992-05-13,"6' 5""",220,33,L,R,P,77
656767,Matt Morgan,1996-01-27,"6' 1""",190,30,R,R,C,73
670049,Chris DeVito,1994-12-01,"6' 2""",220,31,L,R,1B,74
663708,Gabriel Cancel,1996-12-08,"6' 0""",205,29,R,R,2B,72
669738,Jake Noll,1994-03-08,"6' 1""",213,32,R,R,2B,73
622692,Arturo Michelena,1994-10-15,"5' 11""",165,31,R,R,2B,71
656765,Joey Morgan,1996-08-26,"6' 0""",185,29,R,R,C,72
656180,Riley Adams,1996-06-26,"6' 4""",263,29,R,R,C,76
650658,Keinner Piña,1997-02-12,"5' 10""",175,29,R,R,C,70
668671,Alex Dunlap,1994-10-06,"6' 2""",215,31,R,R,C,74
650494,Jose Medina,1995-02-14,"6' 1""",185,31,L,L,1B,73
650544,Isrrael De La Cruz,1997-06-15,"5' 11""",175,28,S,R,P,71
670113,Jim Haley,1995-02-23,"6' 1""",195,31,R,R,3B,73
642713,Edwin Lora,1995-09-14,"6' 1""",150,30,R,R,SS,73
656967,Evan Skoug,1995-10-21,"5' 9""",200,30,L,R,C,69
641468,Gavin Collins,1995-07-17,"5' 11""",205,30,R,R,C,71
631222,Michael De La Cruz,1993-05-15,"5' 10""",190,32,S,R,C,70
650825,Jeremias Portorreal,1997-08-07,"6' 3""",195,28,L,L,RF,75
663734,Nick Neidert,1996-11-20,"6' 1""",202,29,R,R,P,73
656072,Gabriel Bracamonte,1995-05-15,"5' 9""",165,30,R,R,C,69
666593,Jose King,1999-01-16,"5' 10""",182,27,L,R,SS,70
596122,Josh Tobias,1992-11-23,"5' 9""",195,33,S,R,2B,69
650559,Bryan De La Cruz,1996-12-16,"6' 0""",175,29,R,R,OF,72
670149,Brady Policelli,1995-06-24,"5' 10""",195,30,R,R,C,70
676694,Jake Meyers,1996-06-18,"6' 0""",200,29,R,L,CF,72
666643,Ronny Dominguez,1997-06-05,"6' 0""",175,28,R,R,CF,72
642045,Cord Sandberg,1995-01-02,"6' 3""",215,31,L,L,LF,75
641971,Luke Persico,1995-10-04,"6' 3""",180,30,R,R,LF,75
598271,Brian Johnson,1990-12-07,"6' 3""",250,35,L,L,P,75
521655,Wilmer Font,1990-05-24,"6' 4""",255,35,R,R,P,76
664192,Joey Lucchesi,1993-06-06,"6' 5""",228,32,L,L,P,77
606424,Jarlín García,1993-01-18,"6' 3""",240,33,L,L,P,75
543359,Dan Jennings,1987-04-17,"6' 3""",215,39,L,L,P,75
605498,Andrew Suárez,1992-09-11,"6' 0""",202,33,L,L,P,72
643256,Adam Cimber,1990-08-15,"6' 3""",195,35,R,R,P,75
595881,Tyler Beede,1993-05-23,"6' 2""",216,32,R,R,P,74
608638,JT Chargois,1990-12-03,"6' 3""",200,35,S,R,P,75
605280,Clay Holmes,1993-03-27,"6' 5""",245,33,R,R,P,77
643778,Tyler Webb,1990-07-20,"6' 5""",240,35,L,L,P,77
657681,Kyle McGrath,1992-07-31,"6' 2""",185,33,L,L,P,74
606625,Reyes Moronta,1993-01-06,"5' 10""",265,31,R,R,P,70
594577,Mike Mayers,1991-12-06,"6' 2""",220,34,R,R,P,74
642571,Merandy Gonzalez,1995-10-09,"6' 0""",216,30,R,R,P,72
599683,Warwick Saupold,1990-01-16,"6' 2""",223,36,R,R,P,74
621261,Corey Oswalt,1993-09-03,"6' 5""",250,32,R,R,P,77
641778,Eric Lauer,1995-06-03,"6' 3""",209,30,R,L,P,75
621111,Walker Buehler,1994-07-28,"6' 2""",185,31,R,R,P,74
593974,Wandy Peralta,1991-07-27,"6' 0""",227,34,L,L,P,72
518553,Steve Cishek,1986-06-18,"6' 6""",220,39,R,R,P,78
647336,Michael Soroka,1997-08-04,"6' 5""",250,28,R,R,P,77
593144,Richard Rodríguez,1990-03-04,"6' 4""",220,36,R,R,P,76
592468,Nick Kingham,1991-11-08,"6' 5""",235,34,R,R,P,77
592145,Jesse Biddle,1991-10-22,"6' 5""",220,34,L,L,P,77
596816,Roberto Gómez,1989-08-03,"6' 6""",200,35,R,R,P,78
642545,Jaime Barria,1996-07-18,"6' 1""",210,29,R,R,P,73
606995,Justin Hancock,1990-10-28,"6' 4""",185,35,R,R,P,76
664869,P.J. Conlon,1993-11-11,"5' 11""",192,32,L,L,P,71
622864,Fernando Romero,1994-12-24,"6' 0""",215,31,R,R,P,72
622694,Elieser Hernández,1995-05-03,"6' 1""",214,31,R,R,P,73
571473,Buddy Baumann,1987-12-09,"5' 11""",198,38,L,L,P,71
571476,Chris Beck,1990-09-04,"6' 3""",230,35,R,R,P,75
642547,Freddy Peralta,1996-06-04,"6' 0""",198,29,R,R,P,72
458677,Justin Wilson,1987-08-18,"6' 2""",205,38,L,L,P,74
644428,Troy Scribner,1991-07-02,"6' 3""",190,34,L,R,P,75
456696,David Hernandez,1985-05-13,"6' 3""",245,40,R,R,P,75
592865,Taylor Williams,1991-07-21,"5' 11""",185,34,S,R,P,71
592644,Adam Plutko,1991-10-03,"6' 3""",215,34,R,R,P,75
623402,Tim Peterson,1991-02-22,"6' 1""",215,35,R,R,P,73
605446,Dereck Rodríguez,1992-06-05,"6' 0""",208,33,R,R,P,72
600968,Randy Rosario,1994-05-18,"6' 1""",210,31,L,L,P,73
460283,Jerry Blevins,1983-09-06,"6' 4""",182,42,L,L,P,76
657571,Caleb Ferguson,1996-07-02,"6' 3""",225,29,R,L,P,75
621381,Matt Strahm,1991-11-12,"6' 2""",190,34,R,L,P,74
542289,Daniel Corcino,1990-08-26,"5' 11""",215,35,R,R,P,71
593334,Domingo Germán,1992-08-04,"6' 2""",181,33,R,R,P,74
593423,Frankie Montas,1993-03-21,"6' 2""",255,33,R,R,P,74
572403,Drew VerHagen,1990-10-22,"6' 6""",230,35,R,R,P,78
605276,David Hess,1993-07-10,"6' 1""",215,32,R,R,P,73
622446,Jefry Rodriguez,1993-07-26,"6' 6""",230,32,R,R,P,78
620454,José Castillo,1996-01-10,"6' 6""",252,30,L,L,P,78
605154,John Brebbia,1990-05-30,"6' 1""",219,35,L,R,P,73
669456,Shane Bieber,1995-05-31,"6' 3""",200,30,R,R,P,75
606149,Giovanny Gallegos,1991-08-14,"6' 2""",205,34,R,R,P,74
570666,Luis Cessa,1992-04-25,"6' 0""",222,34,R,R,P,72
656738,Ben Meyer,1993-01-30,"6' 6""",203,33,L,R,P,78
642528,Jonathan Loáisiga,1994-11-02,"5' 11""",195,31,R,R,P,71
621249,Duane Underwood Jr.,1994-07-20,"6' 2""",225,31,R,R,P,74
476454,Dellin Betances,1988-03-23,"6' 8""",265,38,R,R,P,80
607968,Drew Rucinski,1988-12-30,"6' 2""",190,37,R,R,P,74
608652,Luke Farrell,1991-06-07,"6' 6""",200,34,L,R,P,78
656354,Austin Davis,1993-02-03,"6' 4""",235,33,L,L,P,76
606162,Yefry Ramírez,1993-11-28,"6' 2""",215,32,R,R,P,74
592390,Heath Hembree,1989-01-13,"6' 4""",220,37,R,R,P,76
642232,Ryan Yarbrough,1991-12-31,"6' 5""",205,34,R,L,P,77
605255,Brett Graves,1993-01-30,"6' 1""",170,33,R,R,P,73
641154,Pablo López,1996-03-07,"6' 4""",225,30,L,R,P,76
543483,Matt Magill,1989-11-10,"6' 3""",210,36,R,R,P,75
435043,Zach Duke,1983-04-19,"6' 2""",210,43,L,L,P,74
605441,Yacksel Ríos,1993-06-27,"6' 3""",215,32,R,R,P,75
660853,Enyel De Los Santos,1995-12-25,"6' 3""",235,30,R,R,P,75
593833,Wander Suero,1991-09-15,"6' 4""",216,34,R,R,P,76
608723,Austin Voth,1992-06-26,"6' 2""",215,33,R,R,P,74
596295,Austin Gomber,1993-11-23,"6' 5""",220,32,L,L,P,77
594965,Daniel Ponce de Leon,1992-01-16,"6' 3""",200,34,R,R,P,75
656803,James Norwood,1993-12-24,"6' 2""",215,32,R,R,P,74
656725,Alex McRae,1993-04-06,"6' 2""",220,33,R,R,P,74
663465,Kolby Allard,1997-08-13,"6' 1""",195,28,L,L,P,73
642008,Jacob Rhame,1993-03-16,"6' 1""",215,33,R,R,P,73
624133,Ranger Suarez,1995-08-26,"6' 1""",217,30,L,L,P,73
664028,Brett Kennedy,1994-08-04,"6' 0""",200,31,R,R,P,72
673633,Yoshihisa Hirano,1984-03-08,"6' 1""",185,42,R,R,P,73
488984,Tommy Hunter,1986-07-03,"6' 3""",250,39,R,R,P,75
621141,Walker Lockett,1994-05-03,"6' 5""",225,32,R,R,P,77
641712,Dakota Hudson,1994-09-15,"6' 5""",215,31,R,R,P,77
622554,Seranthony Domínguez,1994-11-25,"6' 1""",225,31,R,R,P,73
657053,Touki Toussaint,1996-06-20,"6' 3""",215,29,R,R,P,75
656977,Chad Sobotka,1993-07-10,"6' 7""",225,32,R,R,P,79
656798,Jacob Nix,1996-01-09,"6' 4""",220,30,R,R,P,76
669060,Bryse Wilson,1997-12-20,"6' 2""",255,28,R,R,P,74
606273,Roenis Elías,1988-08-01,"6' 1""",205,37,L,L,P,73
656222,Jalen Beeks,1993-07-10,"5' 11""",215,32,L,L,P,71
650895,Diego Castillo,1994-01-18,"6' 3""",268,32,R,R,P,75
630023,Yonny Chirinos,1993-12-26,"6' 2""",225,32,R,R,P,74
584171,Hector Velázquez,1988-11-26,"6' 0""",218,37,R,R,P,72
656887,Sean Reid-Foley,1995-08-30,"6' 3""",230,30,R,R,P,75
641571,Heath Fillmyer,1994-05-16,"6' 1""",195,31,R,R,P,73
607215,Eric Skoglund,1992-10-26,"6' 7""",215,33,L,L,P,79
641745,Brad Keller,1995-07-27,"6' 5""",255,30,R,R,P,77
501985,Mike Minor,1987-12-26,"6' 4""",210,38,R,L,P,76
642558,Ariel Jurado,1996-01-30,"6' 2""",240,30,R,R,P,74
622795,Yohander Méndez,1995-01-17,"6' 4""",230,31,L,L,P,76
623454,Drew Anderson,1994-03-22,"6' 3""",205,32,R,R,P,75
641851,Kyle McGowin,1991-11-27,"6' 3""",202,34,R,R,P,75
657612,Tim Hill,1990-02-10,"6' 4""",210,36,R,L,P,76
543169,Brian Flynn,1990-04-19,"6' 8""",245,36,L,L,P,80
656257,Jeff Brigham,1992-02-16,"6' 0""",195,34,R,R,P,72
664196,Tanner Anderson,1993-05-27,"6' 2""",203,32,R,R,P,74
543193,Drew Gagnon,1990-06-26,"6' 4""",215,35,R,R,P,76
628318,Kazuhisa Makita,1984-11-10,"5' 10""",181,41,R,R,P,70
605513,Spencer Turnbull,1992-09-18,"6' 3""",210,33,R,R,P,75
669203,Corbin Burnes,1994-10-22,"6' 3""",245,31,R,R,P,75
425492,Ryan Madson,1980-08-28,"6' 6""",234,45,L,R,P,78
608349,Corey Knebel,1991-11-26,"6' 3""",225,34,R,R,P,75
676391,Ernie Clement,1996-03-22,"6' 0""",170,30,R,R,2B,72
641786,Kyle Lewis,1995-07-13,"6' 4""",222,30,R,R,CF,76
663610,Daniel Amaral,1997-03-07,"6' 0""",190,29,R,R,OF,72
656514,Adam Haseley,1996-04-12,"6' 1""",190,30,L,L,CF,73
666160,Mickey Moniak,1998-05-13,"6' 1""",209,27,L,R,LF,73
677965,Jimmy Kerrigan,1994-03-16,"6' 1""",215,32,R,R,OF,73
669742,Darick Hall,1995-07-25,"6' 4""",250,30,L,R,1B,76
670541,Yordan Alvarez,1997-06-27,"6' 4""",237,28,L,R,LF,76
672361,Agustin Ruiz,1999-09-23,"6' 2""",215,26,L,R,RF,74
657779,Dom Thompson-Williams,1995-04-21,"6' 0""",190,31,L,L,CF,72
663538,Nico Hoerner,1997-05-13,"5' 11""",200,28,R,R,2B,71
667670,Brent Rooker,1994-11-01,"6' 3""",225,31,R,R,RF,75
676730,Austin Listi,1993-11-05,"6' 0""",214,32,R,R,RF,72
667576,Kevin Santa,1995-03-09,"5' 11""",175,31,L,R,SS,71
660634,Yonny Hernández,1998-05-04,"5' 8""",140,28,S,R,SS,68
663524,Cornelius Randolph,1997-06-02,"5' 11""",205,28,L,R,OF,71
650333,Luis Arraez,1997-04-09,"5' 10""",186,29,L,R,2B,70
672566,José Sánchez,2000-07-12,"5' 11""",197,25,R,R,SS,71
650660,Franklin Torres,1996-10-27,"6' 0""",175,29,R,R,C,72
665862,Jazz Chisholm Jr.,1998-02-01,"5' 11""",184,28,L,R,2B,71
666163,Ben Rortvedt,1997-09-25,"5' 10""",210,28,L,R,C,70
660614,Arquímedes Gamboa,1997-09-23,"5' 11""",190,28,S,R,SS,71
668930,Brice Turang,1999-11-21,"6' 0""",190,26,L,R,2B,72
663743,Nick Fortes,1996-11-11,"5' 11""",198,29,R,R,C,71
641453,C.J. Chatham,1994-12-22,"6' 4""",185,31,R,R,SS,76
666213,Colton Welker,1997-10-09,"6' 0""",235,28,R,R,3B,72
621429,LeDarious Clark,1993-12-17,"5' 9""",185,32,R,R,CF,69
677941,Jordyn Adams,1999-10-18,"6' 1""",181,26,R,R,CF,73
676825,Brandon Sandoval,1995-06-24,"6' 1""",180,30,R,R,CF,73
650702,Anthony Dirocie,1997-04-24,"5' 11""",175,29,R,R,CF,71
678636,Orlando Martinez,1998-02-17,"5' 11""",185,28,L,L,OF,71
641511,Jason Delay,1995-03-07,"5' 11""",200,31,R,R,C,71
668721,Payton Henry,1997-06-24,"6' 1""",229,28,R,R,C,73
665836,Antonio Pinero,1999-03-15,"6' 2""",195,27,R,R,SS,74
642031,Jake Romanski,1990-12-22,"5' 11""",200,35,R,R,C,71
669236,Jeremiah Jackson,2000-03-26,"5' 11""",200,26,R,R,2B,71
670143,Danny Woodrow,1995-01-26,"5' 10""",155,31,L,R,CF,70
680683,Jameson Hannah,1997-08-10,"5' 9""",185,28,L,L,OF,69
669308,Sean Reynolds,1998-04-19,"6' 8""",250,28,L,R,P,80
670392,Griffin Benson,1997-09-28,"6' 5""",210,28,S,R,1B,77
681909,Justin Dean,1996-12-06,"5' 8""",185,29,R,R,CF,68
661531,Brian Serven,1995-05-05,"6' 0""",207,31,R,R,C,72
661388,William Contreras,1997-12-24,"5' 10""",217,28,R,R,C,70
641385,Bret Boswell,1994-10-04,"5' 10""",198,31,L,R,SS,70
680575,Brett Kinneman,1996-08-28,"6' 1""",195,29,L,L,OF,73
659407,Tristan Pompey,1997-03-23,"6' 4""",200,29,S,R,OF,76
660564,Wilkerman Garcia,1998-04-01,"6' 0""",176,28,S,R,SS,72
680571,Greyson Jenista,1996-12-07,"6' 2""",210,29,L,R,1B,74
663445,James Nelson,1997-10-18,"6' 0""",180,28,R,R,3B,72
673859,Garrison Schwartz,1996-01-22,"6' 0""",205,30,L,L,OF,72
663375,Jagger Rusconi,1996-07-18,"5' 11""",165,29,S,R,2B,71
656568,Scott Hurst,1996-03-25,"5' 9""",175,30,L,R,OF,69
548431,Martin Cervenka,1992-08-03,"6' 4""",225,33,R,R,C,76
672779,Tucupita Marcano,1999-09-16,"6' 0""",170,26,L,R,SS,72
680911,Owen Miller,1996-11-15,"5' 11""",197,29,R,R,2B,71
656666,Drew Lugbauer,1996-08-23,"6' 4""",220,29,L,R,1B,76
656361,Brock Deatherage,1995-09-12,"6' 1""",175,30,L,L,OF,73
665861,Sebastián Rivero,1998-11-16,"6' 1""",210,27,R,R,C,73
665019,Kody Clemens,1996-05-15,"6' 0""",200,29,L,R,1B,72
669905,Michael Hernandez,1995-05-24,"5' 10""",195,30,R,R,C,70
665828,Oswaldo Cabrera,1999-03-01,"6' 0""",200,27,S,R,3B,72
650362,Alejandro Salazar,1996-10-05,"6' 0""",170,29,R,R,SS,72
671191,Jefrey Ramos,1999-02-10,"6' 1""",185,27,R,R,LF,73
671221,Drew Waters,1998-12-30,"6' 1""",185,27,S,R,LF,73
680776,Jarren Duran,1996-09-05,"6' 0""",205,29,L,R,LF,72
663698,Joey Bart,1996-12-15,"6' 2""",242,29,R,R,C,74
656734,Evan Mendoza,1996-06-28,"6' 0""",205,29,R,R,3B,72
674677,Trey Harris,1996-01-15,"5' 9""",220,30,R,R,2B,69
655316,Andruw Monasterio,1997-05-30,"5' 11""",195,28,R,R,SS,71
676629,Riley Delgado,1995-02-22,"5' 10""",175,31,R,R,SS,70
662139,Daulton Varsho,1996-07-02,"5' 8""",207,29,L,R,CF,68
656950,Anfernee Seymour,1995-06-24,"5' 11""",165,30,S,R,SS,71
656308,Michael Chavis,1995-08-11,"5' 10""",190,30,R,R,2B,70
663611,Nick Madrigal,1997-03-05,"5' 7""",175,29,R,R,3B,67
602104,Ramón Urías,1994-06-03,"5' 9""",185,31,R,R,3B,69
664690,AJ Graffanino,1997-07-16,"6' 2""",170,28,L,R,SS,74
663845,Alfonso Rivas III,1996-09-13,"5' 11""",200,29,L,L,1B,71
664334,Aaron Whitefield,1996-09-02,"6' 4""",210,29,R,R,LF,76
676724,Jared Young,1995-07-09,"6' 2""",200,30,L,R,1B,74
676718,Tyler Frost,1995-11-21,"5' 10""",183,30,L,R,CF,70
650626,Johnny Adams,1994-09-02,"6' 0""",200,31,R,R,SS,72
672802,Jean Carmona,1999-10-31,"6' 1""",183,26,S,R,SS,73
663728,Cal Raleigh,1996-11-26,"6' 2""",235,29,S,R,C,74
666127,Luis Curbelo,1997-11-10,"6' 3""",185,28,R,R,SS,75
676378,Cody Bohanek,1995-07-02,"6' 1""",195,30,R,R,SS,73
669866,Tony Pena,1997-09-24,"5' 11""",180,28,R,R,CF,71
670301,Jordan Wren,1994-09-23,"6' 1""",195,31,L,L,OF,73
641945,Preston Palmeiro,1995-01-22,"5' 10""",180,31,L,R,1B,70
683554,Gerson Molina,1996-03-13,"6' 3""",186,30,R,R,OF,75
667452,Corey Julks,1996-02-27,"5' 11""",220,30,R,R,LF,71
656260,Quinn Brodey,1995-12-01,"6' 1""",195,30,L,L,P,73
681679,Stanley Consuegra,2000-09-24,"6' 3""",167,25,R,R,OF,75
669352,Bubba Thompson,1998-06-09,"6' 2""",197,27,R,R,OF,74
675980,Matt Winaker,1995-11-29,"6' 1""",195,30,L,L,1B,73
660842,Juan Uriarte,1997-09-17,"6' 0""",182,28,R,R,C,72
650380,Roldani Baldwin,1996-03-16,"5' 11""",211,30,R,R,C,71
666179,Seth Beer,1996-09-18,"6' 2""",225,29,L,R,1B,74
669447,Cole Brannen,1998-08-04,"6' 0""",170,27,L,R,OF,72
669087,Sam Huff,1998-01-14,"6' 4""",242,28,R,R,C,76
680777,Ryan Jeffers,1997-06-03,"6' 2""",235,28,R,R,C,74
665921,Henry Pujols,1998-12-10,"6' 3""",195,27,R,R,3B,75
650907,René Pinto,1996-11-02,"5' 10""",195,29,R,R,C,70
671289,Tyler Freeman,1999-05-21,"5' 11""",200,26,R,R,RF,71
656551,Bobby Honeyman,1996-05-25,"6' 1""",185,29,L,R,SS,73
664041,Jaylin Davis,1994-07-01,"5' 11""",205,31,R,R,RF,71
656462,Isiah Gilliam,1996-07-23,"6' 1""",220,29,S,R,OF,73
664332,Moisés Gómez,1998-08-27,"6' 0""",200,27,R,R,OF,72
641720,Jhalan Jackson,1993-02-12,"6' 4""",240,33,R,R,RF,76
681807,David Fry,1995-11-20,"6' 1""",215,30,R,R,RF,73
670054,Mitchell Kranson,1994-01-11,"5' 9""",210,32,L,R,3B,69
663837,Matt Vierling,1996-09-16,"6' 1""",205,29,R,R,CF,73
676595,Jake Scheiner,1995-08-13,"6' 1""",200,30,R,R,3B,73
623222,Ryan Ripken,1993-07-26,"6' 3""",215,32,L,L,1B,75
642456,Luis Barrera,1995-11-15,"6' 0""",195,30,L,L,OF,72
660650,Dérmis Garcia,1998-01-07,"6' 1""",200,28,R,R,3B,73
665945,Kervin Suarez,1998-12-19,"5' 11""",165,27,S,R,2B,71
672761,Wenceel Pérez,1999-10-30,"5' 11""",203,26,S,R,RF,71
677690,Diosbel Arias,1996-07-21,"6' 2""",190,29,R,R,1B,74
663799,Curtis Terry,1996-10-06,"6' 1""",265,29,R,R,1B,73
656708,Keegan McGovern,1995-09-13,"6' 3""",200,30,L,R,OF,75
665482,Gilberto Celestino,1999-02-13,"6' 0""",170,27,R,L,CF,72
665804,Miguel Amaya,1999-03-09,"6' 1""",230,27,R,R,C,73
680710,Grant Witherspoon,1996-09-27,"6' 1""",200,29,L,L,OF,73
600902,Wilson Garcia,1994-01-11,"5' 10""",227,32,S,R,1B,70
676913,Zach Jarrett,1994-12-08,"6' 4""",220,31,R,R,OF,76
643268,Jordan Cowan,1995-04-13,"6' 0""",160,31,L,R,2B,72
671218,Heliot Ramos,1999-09-07,"5' 11""",235,26,R,R,LF,71
670352,Ben Ruta,1994-06-08,"6' 3""",195,31,L,R,RF,75
641555,J.C. Escarra,1995-04-24,"6' 2""",220,31,L,R,C,74
667428,Grant Koch,1997-02-05,"5' 10""",195,29,R,R,C,70
676198,Chase Pinder,1996-03-16,"5' 10""",185,30,R,R,CF,70
641797,Morgan Lofstrom,1995-08-17,"6' 1""",185,30,L,R,C,73
663609,Luken Baker,1997-03-10,"6' 4""",285,29,R,R,1B,76
670156,Miles Mastrobuoni,1995-10-31,"5' 9""",185,30,L,R,3B,69
669945,Chavez Young,1997-07-08,"5' 10""",200,28,S,R,CF,70
657089,Logan Warmoth,1995-09-06,"5' 11""",195,30,R,R,SS,71
668751,Cal Mitchell,1999-03-08,"6' 0""",195,27,L,L,LF,72
666801,Rodolfo Castro,1999-05-21,"6' 0""",205,26,R,R,SS,72
643590,Brandon Wagner,1995-08-24,"6' 0""",210,30,L,R,1B,72
656716,Zach McKinstry,1995-04-29,"5' 11""",180,31,L,R,2B,71
669399,Deon Stafford,1996-03-17,"5' 11""",211,30,R,R,C,71
665833,Oneil Cruz,1998-10-04,"6' 7""",248,27,L,R,CF,79
669792,JC Encarnacion,1998-01-17,"6' 3""",195,28,R,R,3B,75
680552,Travis Swaggerty,1997-08-19,"5' 11""",200,28,L,L,LF,71
667727,Steele Walker,1996-07-30,"5' 11""",209,29,L,L,OF,71
641741,Gosuke Katoh,1994-10-08,"6' 1""",200,31,L,R,2B,73
682007,Connor Kopach,1994-08-04,"6' 0""",170,31,R,R,2B,72
676896,Chris Roller,1996-10-08,"5' 11""",186,29,R,R,CF,71
665987,Leonel Valera,1999-07-09,"6' 2""",206,26,R,R,SS,74
656668,Brock Lundquist,1996-01-23,"5' 11""",190,30,L,R,OF,71
657136,Connor Wong,1996-05-19,"5' 10""",190,29,R,R,C,70
670462,Hunter Owen,1993-09-22,"5' 11""",200,32,R,R,LF,71
663749,Zack Kone,1996-11-05,"6' 3""",202,29,R,R,SS,75
676733,Mason Martin,1999-06-02,"6' 0""",220,26,L,R,1B,72
657086,Jared Walker,1996-02-04,"6' 2""",198,30,L,R,3B,74
679881,J.P. Martínez,1996-03-21,"5' 8""",174,30,L,L,RF,68
665820,Wander Javier,1998-12-29,"6' 1""",165,27,R,R,SS,73
669023,Jeter Downs,1998-07-27,"5' 10""",197,27,R,R,SS,70
669413,Frainyer Chavez,1999-05-24,"5' 8""",170,26,S,R,2B,68
663937,Deacon Liput,1996-06-27,"5' 10""",185,29,L,R,2B,70
650957,Andretty Cordero,1997-05-03,"6' 1""",170,29,R,R,IF,73
679701,Ben Aklinski,1996-06-03,"5' 11""",210,29,R,R,OF,71
641685,Jan Hernandez,1995-01-03,"6' 1""",195,31,R,R,3B,73
641336,Nick Banks,1994-11-18,"6' 0""",215,31,L,L,RF,72
680715,Jawuan Harris,1996-11-03,"5' 9""",190,29,R,R,OF,69
681546,James Outman,1997-05-14,"6' 2""",215,28,L,R,CF,74
663550,Trey Cabbage,1997-05-03,"6' 2""",204,29,L,R,3B,74
663616,Trevor Larnach,1997-02-26,"6' 3""",223,29,L,R,LF,75
625506,Aldrem Corredor,1995-10-27,"6' 0""",202,30,L,L,1B,72
660647,Mariel Bautista,1997-10-15,"6' 3""",194,28,R,R,CF,75
656413,Stuart Fairchild,1996-03-17,"5' 11""",205,30,R,R,RF,71
669245,Jacob Pearson,1998-06-01,"5' 10""",185,27,L,R,OF,70
660830,Shard Munroe,1996-06-15,"6' 0""",189,29,L,L,LF,72
656713,Brendan McKay,1995-12-18,"6' 2""",220,30,L,L,P,74
676646,Zach Reks,1993-11-12,"6' 0""",190,32,L,R,OF,72
621456,Daniel Sweet,1994-12-28,"6' 0""",190,31,S,L,LF,72
670869,Livan Soto,2000-06-22,"5' 10""",160,25,L,R,SS,70
656508,K.J. Harrison,1996-08-11,"6' 0""",208,29,R,R,C,72
670867,Kevin Maitan,2000-02-12,"6' 2""",190,26,R,R,3B,74
676439,Hunter Feduccia,1997-06-05,"6' 1""",215,28,L,R,C,73
677593,Luis García,2000-10-01,"5' 11""",195,25,S,R,SS,71
676809,Tyler Friis,1996-02-12,"5' 9""",180,30,S,R,2B,69
660757,Oscar Gonzalez,1998-01-10,"6' 5""",240,28,R,R,LF,77
672284,Jarred Kelenic,1999-07-16,"5' 11""",206,26,L,L,RF,71
665161,Jeremy Peña,1997-09-22,"6' 0""",202,28,R,R,SS,72
680963,Cody Wilson,1996-07-04,"6' 0""",200,29,R,R,OF,72
677594,Julio Rodríguez,2000-12-29,"6' 4""",228,25,R,R,CF,76
642137,Cody Thomas,1994-10-08,"6' 4""",211,31,L,R,CF,76
669232,Chad McClanahan,1997-12-22,"6' 5""",200,28,L,R,3B,77
592464,Mike Kickham,1988-12-12,"6' 4""",220,37,L,L,P,76
649955,Hendrik Clementina,1997-06-17,"6' 2""",250,28,R,R,C,74
682040,Jordan Qsar,1995-12-02,"6' 2""",195,30,L,R,OF,74
670298,Kramer Robertson,1994-09-20,"5' 10""",166,31,R,R,2B,70
656718,Matt McLaughlin,1996-02-02,"6' 1""",185,30,R,R,SS,73
682205,Tyler Depreta-Johnson,1996-05-10,"5' 9""",180,29,R,R,SS,69
657629,Travis Jones,1995-09-29,"6' 4""",210,30,R,R,OF,76
663369,Jeremy Eierman,1996-09-10,"6' 0""",205,29,R,R,SS,72
660613,Ronaldo Hernández,1997-11-11,"6' 1""",248,28,R,R,C,73
623319,Wes Rogers,1994-03-07,"6' 4""",180,32,R,R,CF,76
672820,Lenyn Sosa,2000-01-25,"5' 11""",210,26,R,R,2B,71
667442,Connor Hollis,1994-11-18,"5' 8""",170,31,R,R,2B,68
682063,Cal Hernandez,1996-01-09,"6' 0""",185,30,S,R,3B,72
669235,Aaron Knapp,1994-11-04,"5' 10""",175,31,L,R,RF,70
676920,Todd Czinege,1994-07-28,"6' 2""",204,31,R,R,2B,74
682012,Ryan Ramiz,1996-01-13,"6' 1""",185,30,L,L,OF,73
657247,Brian O'Keefe,1993-07-15,"6' 0""",210,32,R,R,C,72
667719,Renae Martinez,1994-04-15,"6' 1""",185,32,R,R,C,73
674466,Julio Meza,1999-05-04,"6' 0""",165,27,R,R,C,72
641973,Ryan Peurifoy,1995-03-26,"6' 2""",206,31,R,R,OF,74
657431,Ryan Metzler,1993-03-20,"6' 3""",190,33,R,R,2B,75
668680,Casey Golden,1994-09-01,"6' 2""",185,31,R,R,OF,74
680890,Jax Biggers,1997-04-07,"5' 9""",175,29,L,R,2B,69
666918,Ryan Haug,1994-12-29,"6' 0""",165,31,R,R,C,72
608422,José Godoy,1994-10-13,"5' 9""",200,31,L,R,C,69
681927,Jacob Rhinesmith,1996-05-23,"6' 2""",195,29,L,L,OF,74
676864,Robbie Podorsky,1995-01-27,"5' 8""",170,31,R,R,CF,68
647228,Adam Hall,1999-05-22,"5' 11""",165,26,R,R,2B,71
669357,Nolan Gorman,2000-05-10,"6' 0""",225,25,L,R,3B,72
682119,Levi Jordan,1995-09-24,"5' 8""",170,30,R,R,CF,68
630063,Joe Cronin,1994-05-15,"5' 10""",185,31,R,R,3B,70
667372,Julio E. Rodriguez,1997-06-11,"6' 4""",245,28,R,R,C,76
670461,Connor Myers,1994-02-03,"5' 10""",185,32,R,R,CF,70
681581,Andy Weber,1997-07-25,"6' 0""",190,28,L,R,2B,72
656378,Christian Donahue,1995-05-04,"5' 6""",180,31,L,R,2B,66
650513,Manuel Melendez,1997-01-10,"5' 11""",165,29,L,L,CF,71
669450,Cooper Hummel,1994-11-28,"5' 9""",198,31,S,R,LF,69
661437,Jhonny Bethencourt,1997-02-12,"5' 11""",160,29,R,R,2B,71
641625,Jordan Gore,1994-08-03,"6' 0""",180,31,S,R,P,72
681893,Tyler Durna,1996-11-13,"6' 0""",205,29,L,L,1B,72
666620,Aramis Ademan,1998-09-13,"5' 11""",160,27,L,R,SS,71
664728,Kyle Isbel,1997-03-03,"5' 10""",190,29,L,R,CF,70
660707,Elehuris Montero,1998-08-17,"6' 3""",235,27,R,R,1B,75
676935,Jesse Medrano,1995-03-27,"5' 11""",200,31,R,R,3B,71
669004,MJ Melendez,1998-11-29,"6' 0""",190,27,L,R,LF,72
668696,Grant Little,1997-07-08,"6' 1""",185,28,R,R,OF,73
669364,Xavier Edwards,1999-08-09,"5' 9""",175,26,S,R,2B,69
675925,Cullen Large,1996-01-22,"6' 0""",175,30,S,R,2B,72
664761,Alec Bohm,1996-08-03,"6' 4""",218,29,R,R,3B,76
518876,Merrill Kelly,1988-10-14,"6' 2""",202,37,R,R,P,74
663495,Jonah Davis,1997-07-02,"5' 9""",181,28,L,R,OF,69
669400,Michael Tinsley,1995-05-10,"6' 0""",195,30,L,R,LF,72
656989,Chad Spanberger,1995-11-01,"6' 3""",235,30,L,R,1B,75
670276,Cal Stevenson,1996-09-12,"5' 9""",175,29,L,L,OF,69
675662,Matt Whatley,1996-01-07,"5' 8""",200,30,R,R,C,68
670435,Bruce Yari,1994-12-09,"6' 3""",224,31,L,L,1B,75
680837,Ryan Fitzgerald,1994-06-17,"5' 10""",186,31,L,R,3B,70
642686,Jose Martinez,1996-08-15,"5' 10""",185,29,S,R,SS,70
594985,Ben Rowen,1988-11-15,"6' 4""",200,37,R,R,P,76
641689,Jacob Heyward,1995-08-01,"6' 1""",215,30,R,R,LF,73
640902,Jhonny Pereda,1996-04-18,"6' 1""",202,30,R,R,C,73
657566,Montana DuRapau,1992-03-27,"5' 10""",190,34,R,R,P,70
677950,Alek Thomas,2000-04-28,"5' 9""",175,26,L,L,CF,69
642203,Taylor Widener,1994-10-24,"6' 0""",203,31,L,R,P,72
669160,Dustin May,1997-09-06,"6' 6""",180,28,R,R,P,78
664983,Jake McCarthy,1997-07-30,"6' 0""",213,28,L,L,LF,72
672695,Geraldo Perdomo,1999-10-22,"6' 2""",203,26,S,R,SS,74
680757,Steven Kwan,1997-09-05,"5' 8""",170,28,L,L,CF,68
682177,Daniel Schneemann,1997-01-23,"6' 0""",185,29,L,R,CF,72
664083,Ryan Hissey,1994-04-08,"6' 0""",190,32,L,R,C,72
676698,Angel Lopez,1997-03-14,"5' 8""",180,29,R,R,C,68
663744,Nick Shumpert,1996-11-11,"5' 9""",180,29,R,R,SS,69
657128,Billy Wilson,1996-05-28,"5' 11""",185,29,L,R,OF,71
671272,David García,2000-02-06,"5' 10""",211,26,S,R,C,70
621323,Gio Brusa,1993-07-26,"6' 3""",235,32,S,R,LF,75
659079,Julio Garcia,1997-07-31,"6' 0""",175,28,S,R,SS,72
676602,Jonah Todd,1995-09-18,"6' 0""",185,30,L,L,OF,72
676606,Nick Margevicius,1996-06-18,"6' 5""",235,29,L,L,P,77
642235,Nick Zammarelli III,1994-07-30,"6' 1""",195,31,L,R,3B,73
624408,Willie Abreu,1995-03-21,"6' 4""",225,31,L,L,RF,76
669342,Zach Rutherford,1996-03-13,"6' 2""",180,30,R,R,SS,74
681976,John Valente,1995-06-23,"5' 11""",190,30,R,R,3B,71
680711,Cole Roederer,1999-09-24,"5' 9""",180,26,L,L,OF,69
641149,Wes Parsons,1992-09-06,"6' 5""",206,33,R,R,P,77
672733,Marcos Gonzalez,1999-10-12,"5' 11""",195,26,R,R,SS,71
660690,Pablo Olivares,1998-01-27,"6' 0""",160,28,R,R,CF,72
665047,Dillon Persinger,1996-01-31,"5' 11""",180,30,R,R,2B,71
676774,Dyla Burdeaux,1994-02-21,"6' 2""",215,32,R,R,1B,74
657668,Will Maddox,1992-06-11,"5' 10""",180,33,L,R,1B,70
677928,LJ Hatch,1994-05-18,"5' 9""",175,31,R,R,SS,69
607635,David Masters,1993-04-23,"6' 1""",185,33,R,R,SS,73
657066,Armond Upshaw,1996-06-20,"5' 10""",190,29,R,L,CF,70
668663,Tres Barrera,1994-09-15,"6' 0""",215,31,R,R,C,72
631227,Rodrigo Orozco,1995-04-02,"5' 11""",155,31,S,R,CF,71
671213,Triston Casas,2000-01-15,"6' 4""",244,26,L,R,1B,76
664670,Alejo Lopez,1996-05-05,"5' 8""",170,30,S,R,2B,68
650995,Norberto Obeso,1995-07-09,"6' 0""",175,30,L,R,OF,72
681827,Brett Langhorne,1996-06-14,"6' 3""",210,29,L,R,3B,75
678009,Parker Meadows,1999-11-02,"6' 5""",205,26,L,R,CF,77
642062,Steven Sensley,1995-09-06,"6' 1""",220,30,L,L,1B,73
665066,Tyler Payne,1992-10-25,"5' 10""",210,33,R,R,C,70
667651,Kort Peterson,1994-04-29,"6' 1""",195,32,L,R,RF,73
682578,Jimmy Smith,1995-08-27,"6' 1""",210,30,R,R,OF,73
657140,Kyle Wright,1995-10-02,"6' 4""",215,30,R,R,P,76
676605,Jake Adams,1995-12-23,"6' 2""",250,30,R,R,1B,74
663531,Logan Allen,1997-05-23,"6' 3""",200,28,R,L,P,75
677048,Rob Henry,1995-05-19,"6' 1""",195,30,R,R,CF,73
677826,Brandon Grudzielanek,1995-05-26,"6' 0""",205,30,R,R,SS,72
665782,Luis De Los Santos,1998-06-09,"6' 2""",160,27,R,R,3B,74
657521,Devyn Bolasky,1993-01-24,"5' 11""",185,33,L,L,CF,71
657672,Scott Manea,1995-12-21,"5' 11""",237,30,R,R,C,71
672640,Otto Lopez,1998-10-01,"5' 10""",185,27,R,R,SS,70
665890,Seuly Matias,1998-09-04,"6' 3""",225,27,R,R,OF,75
676761,Irving Lopez,1995-06-30,"5' 7""",175,30,L,R,2B,67
650443,Andy Sugilio,1996-10-26,"6' 2""",170,29,L,R,CF,74
681822,Jake Brodt,1996-01-23,"6' 5""",235,30,R,R,1B,77
670150,Dan Rizzie,1993-11-26,"6' 2""",200,32,R,R,C,74
670290,Dane Hutcheon,1994-07-14,"5' 9""",177,31,L,R,2B,69
659366,Miles Gordon,1997-12-03,"6' 1""",175,28,L,R,CF,73
669219,Je'Von Ward,1999-10-25,"6' 2""",190,26,L,R,RF,74
665155,Nick Maton,1997-02-18,"6' 1""",190,29,L,R,1B,73
665913,Kelvin Melean,1998-09-05,"5' 10""",195,27,R,R,3B,70
641899,Ryan Moseley,1994-10-06,"6' 3""",190,31,R,R,P,75
681550,Nick Patten,1996-09-12,"6' 4""",205,29,R,R,1B,76
682109,Justin Toerner,1996-08-11,"5' 9""",185,29,L,L,OF,69
622482,Alberti Chavez,1995-07-21,"5' 10""",170,30,R,R,2B,70
676569,Logan Taylor,1994-06-21,"5' 9""",175,31,R,R,OF,69
667230,Victor Ngoepe,1998-02-09,"5' 8""",161,28,R,R,SS,68
666777,Alfredo Angarita,1996-11-16,"5' 10""",155,29,S,R,2B,70
671224,Danny Lantigua,1999-03-07,"6' 1""",165,27,S,R,OF,73
669174,Zach Jackson,1998-05-24,"6' 3""",215,27,L,R,C,75
678010,Nick Schnell,2000-03-27,"6' 1""",180,26,L,R,RF,73
682162,Kaleo Johnson,1996-08-26,"6' 3""",220,29,R,R,3B,75
663541,Tanner Dodson,1997-05-09,"6' 1""",160,28,S,R,P,73
680690,Korey Holland,2000-01-01,"5' 11""",170,26,R,R,OF,71
667611,Tyler Frank,1997-01-15,"6' 0""",185,29,L,R,SS,72
676940,Ryan Costello,1996-06-13,"6' 2""",215,23,L,R,3B,74
641884,Dominic Miroglio,1995-03-10,"5' 10""",205,31,R,R,C,70
643549,Taylor Snyder,1994-09-28,"6' 1""",165,31,R,R,3B,73
675910,Chris Williams,1996-11-23,"5' 11""",225,29,R,R,C,71
642315,Joel Diaz,1995-09-18,"6' 1""",195,30,R,R,1B,73
664306,Malvin Matos,1996-08-19,"6' 3""",170,29,R,R,CF,75
676627,Tyreque Reed,1997-06-06,"6' 1""",250,28,R,R,1B,73
650438,Carlos Rivero,1997-04-30,"6' 0""",175,29,L,R,2B,72
661555,Randy Ventura,1997-07-11,"5' 9""",165,28,S,R,CF,69
669451,Chris Seise,1999-01-06,"6' 1""",196,27,R,R,SS,73
672600,Claudio Finol,2000-04-13,"5' 11""",171,26,R,R,SS,71
680737,Michael Helman,1996-05-23,"6' 0""",195,29,R,R,CF,72
669623,Carmen Benedetti,1994-10-29,"6' 2""",215,31,L,L,P,74
676919,Brent Diaz,1996-03-22,"6' 1""",205,30,R,R,C,73
676857,Jancarlos Cintron,1994-12-01,"5' 8""",170,31,R,R,SS,68
665883,Yeison Coca,1999-05-22,"5' 11""",182,26,S,R,SS,71
676616,Olivier Basabe,1997-07-15,"5' 11""",195,28,R,R,SS,71
676882,Chandler Seagle,1996-05-23,"5' 11""",190,29,R,R,C,71
672832,Israel Pineda,2000-04-03,"5' 10""",226,26,R,R,C,70
681526,Bryan Lavastida,1998-11-27,"5' 11""",200,27,R,R,C,71
680964,Reece Hampton,1996-07-19,"5' 10""",170,29,S,R,OF,70
663857,Brandt Stallings,1996-09-05,"6' 4""",215,29,R,R,OF,76
656653,Stuart Levy,1992-08-21,"6' 2""",185,33,R,R,C,74
680693,Grant Lavigne,1999-08-27,"6' 3""",220,26,L,R,1B,75
665914,Daniel Montano,1999-03-31,"6' 0""",204,27,L,R,LF,72
677578,Carlos Rodríguez,2000-12-07,"5' 9""",186,25,L,L,RF,69
681023,Brian Rey,1998-02-22,"5' 11""",170,28,R,R,OF,71
664051,Mitchell Tolman,1994-06-08,"5' 10""",195,31,L,R,2B,70
669392,Samad Taylor,1998-07-11,"5' 8""",160,27,R,R,2B,68
477054,Trayvon Robinson,1987-09-01,"5' 10""",200,38,S,R,LF,70
650954,Jose Almonte,1996-09-09,"6' 3""",205,29,R,R,RF,75
677595,Ronny Mauricio,2001-04-04,"6' 3""",166,25,S,R,SS,75
680716,Jonathan Ornelas,2000-05-26,"6' 1""",196,25,R,R,SS,73
665947,Sherten Apostel,1999-03-11,"6' 4""",235,27,R,R,3B,76
672764,Pablo Abreu,1999-10-19,"6' 0""",170,26,R,R,OF,72
650968,Yohel Pozo,1997-06-14,"5' 11""",201,28,R,R,C,71
682022,Corbin Williams,1998-01-19,"6' 2""",170,28,R,R,OF,74
666310,Bo Naylor,2000-02-21,"5' 9""",205,26,L,R,C,69
665798,Ronny Brito,1999-03-22,"6' 0""",165,27,R,R,SS,72
663697,Jonathan India,1996-12-15,"5' 10""",200,29,R,R,2B,70
642701,Dennis Santana,1996-04-12,"6' 2""",202,30,R,R,P,74
663796,Coco Montes,1996-10-07,"6' 0""",215,29,R,R,2B,72
656248,Sean Bouchard,1996-05-16,"6' 2""",215,29,R,R,RF,74
660749,Wladimir Pinto,1998-02-12,"5' 11""",170,28,R,R,P,71
628366,Ariel Sandoval,1995-11-06,"6' 2""",180,30,R,R,RF,74
642462,Ibandel Isabel,1995-06-20,"6' 4""",225,30,R,R,1B,76
656208,Logan Baldwin,1996-04-09,"6' 0""",190,30,L,L,CF,72
682075,Ian Dawkins,1995-07-06,"5' 11""",205,30,R,R,OF,71
669121,Spencer Griffin,1996-10-24,"6' 1""",170,29,R,R,OF,73
677587,Brayan Rocchio,2001-01-13,"5' 9""",170,25,S,R,SS,69
649700,Melvin Novoa,1996-06-17,"5' 11""",200,29,R,R,C,71
621462,Cole Billingsley,1994-05-29,"5' 10""",165,31,L,L,RF,70
656229,Jesse Berardi,1996-01-13,"5' 9""",185,30,L,R,SS,69
680719,Niko Decolati,1997-08-12,"6' 0""",215,28,R,R,OF,72
670232,Ramón Rodríguez,1998-10-30,"5' 10""",220,27,R,R,C,70
676369,Nelson Velázquez,1998-12-26,"5' 11""",190,27,R,R,OF,71
641541,Jon Duplantier,1994-07-11,"6' 4""",229,31,L,R,P,76
664208,Phil Maton,1993-03-25,"6' 2""",206,33,R,R,P,74
663978,Chris Paddack,1996-01-08,"6' 5""",217,30,R,R,P,77
658648,Pedro Avila,1997-01-14,"5' 11""",210,29,R,R,P,71
448281,Sean Doolittle,1986-09-26,"6' 2""",218,39,L,L,P,74
542960,Brad Brach,1986-04-12,"6' 6""",215,40,R,R,P,78
598264,Matt Barnes,1990-06-17,"6' 4""",208,35,R,R,P,76
622075,Yency Almonte,1994-06-04,"6' 5""",223,31,R,R,P,77
519393,Marcus Walden,1988-09-13,"5' 10""",198,37,R,R,P,70
664854,Ryan Helsley,1994-07-18,"6' 2""",235,31,R,R,P,74
592102,Cody Allen,1988-11-20,"6' 1""",210,37,R,R,P,73
657024,Erik Swanson,1993-09-04,"6' 3""",225,32,R,R,P,75
623364,Brad Wieck,1991-10-14,"6' 8""",257,34,L,L,P,80
605288,Adrian Houser,1993-02-02,"6' 4""",227,33,R,R,P,76
664199,Taylor Clarke,1993-05-13,"6' 3""",210,32,R,R,P,75
615698,Cal Quantrill,1995-02-10,"6' 3""",195,31,L,R,P,75
622103,Gerardo Reyes,1993-05-13,"5' 11""",195,32,R,R,P,71
592716,Adrian Sampson,1991-10-07,"6' 2""",210,34,R,R,P,74
543883,Nick Vincent,1986-07-12,"5' 10""",185,39,R,R,P,70
605135,Chris Bassitt,1989-02-22,"6' 5""",220,37,R,R,P,77
641312,Shaun Anderson,1994-10-29,"6' 6""",228,31,R,R,P,78
663423,Trent Thornton,1993-09-30,"6' 0""",190,32,R,R,P,72
572143,Burch Smith,1990-04-12,"6' 4""",225,36,R,R,P,76
608344,Cole Irvin,1994-01-31,"6' 4""",225,32,L,L,P,76
642073,James Sherfy,1991-12-27,"6' 0""",175,34,R,R,P,72
657097,Jacob Webb,1993-08-15,"6' 2""",210,32,R,R,P,74
650893,Génesis Cabrera,1996-10-10,"6' 2""",180,29,L,L,P,74
656605,Mitch Keller,1996-04-04,"6' 3""",213,30,R,R,P,75
543001,Ryan Carpenter,1990-08-22,"6' 5""",230,35,L,L,P,77
663567,Peter Lambert,1997-04-18,"6' 2""",208,29,R,R,P,74
672773,Elvis Luciano,2000-02-15,"6' 3""",210,26,R,R,P,75
668678,Zac Gallen,1995-08-03,"6' 2""",189,30,R,R,P,74
640470,Adbert Alzolay,1995-03-01,"6' 1""",208,31,R,R,P,73
657141,Jordan Yamamoto,1996-05-11,"6' 0""",185,29,R,R,P,72
622786,Jesus Tinoco,1995-04-30,"6' 4""",258,31,R,R,P,76
642607,Dario Agrazal,1994-12-28,"6' 2""",225,31,R,R,P,74
622065,Alex Young,1993-09-09,"6' 3""",220,32,L,L,P,75
664062,Tony Gonsolin,1994-05-14,"6' 3""",205,31,R,R,P,75
571539,Matt Carasiti,1991-07-23,"6' 2""",205,34,R,R,P,74
592346,Chi Chi González,1992-01-15,"6' 3""",210,34,R,R,P,75
613534,Austin Adams,1991-05-05,"6' 3""",220,35,R,R,P,75
656288,Griffin Canning,1996-05-11,"6' 2""",180,29,R,R,P,74
596825,Robel García,1993-03-28,"6' 0""",195,33,S,R,2B,72
664353,José Urquidy,1995-05-01,"6' 0""",225,31,R,R,P,72
607391,Chris Mazza,1989-10-17,"6' 4""",190,36,R,R,P,76
642098,Glenn Sparkman,1992-05-11,"6' 2""",215,33,R,R,P,74
670456,JD Hammer,1994-07-12,"6' 3""",202,31,R,R,P,75
543351,Jay Jackson,1987-10-27,"6' 1""",195,38,R,R,P,73
554340,Yimi García,1990-08-18,"6' 1""",230,35,R,R,P,73
650813,Luis Escobar,1996-05-30,"6' 1""",205,29,R,R,P,73
607644,John Means,1993-04-24,"6' 4""",230,33,L,L,P,76
669214,Conner Menez,1995-05-29,"6' 2""",206,30,L,L,P,74
670970,Adrian Morejon,1999-02-27,"5' 11""",224,27,L,L,P,71
650671,José Quijada,1995-11-09,"5' 11""",215,30,L,L,P,71
668683,Jeremy Walker,1995-06-12,"6' 5""",235,30,R,R,P,77
642207,Devin Williams,1994-09-21,"6' 2""",193,31,R,R,P,74
660761,José Suarez,1998-01-03,"5' 10""",225,28,L,L,P,70
456051,Hector Noesí,1987-01-26,"6' 4""",220,39,R,R,P,76
663776,Patrick Sandoval,1996-10-18,"6' 3""",190,29,L,L,P,75
667498,Robert Dugger,1995-07-03,"6' 0""",198,30,R,R,P,72
571917,Parker Markel,1990-09-15,"6' 5""",240,35,R,R,P,77
643493,Austin Pruitt,1989-08-31,"5' 10""",185,36,R,R,P,70
543118,Oliver Drake,1987-01-13,"6' 4""",220,39,R,R,P,76
594311,Jandel Gustave,1992-10-12,"6' 3""",220,33,R,R,P,75
519293,Will Smith,1989-07-10,"6' 5""",255,36,R,L,P,77
622797,Pedro Payano,1994-09-27,"6' 2""",170,31,R,R,P,74
650644,Aaron Civale,1995-06-12,"6' 1""",245,30,R,R,P,73
621097,Jacob Waguespack,1993-11-05,"6' 6""",228,32,R,R,P,78
657277,Logan Webb,1996-11-18,"6' 2""",221,29,R,R,P,74
663432,Tanner Rainey,1992-12-25,"6' 3""",245,33,R,R,P,75
669270,Joel Kuhnel,1995-02-19,"6' 5""",290,31,R,R,P,77
670329,Rico Garcia,1994-01-10,"5' 9""",215,32,R,R,P,69
671790,Ronald Bolaños,1996-08-23,"6' 2""",230,29,R,R,P,74
643615,T.J. Zeuch,1995-08-01,"6' 7""",245,30,R,R,P,79
656954,Justus Sheffield,1996-05-13,"5' 10""",224,29,L,L,P,70
622772,Jimmy Cordero,1991-10-19,"6' 4""",245,34,R,R,P,76
621086,James Marvel,1993-09-17,"6' 4""",215,32,R,R,P,76
579328,Yusei Kikuchi,1991-06-17,"6' 0""",210,34,L,L,P,72
643290,Justin Dunn,1995-09-22,"6' 2""",210,30,R,R,P,74
572070,Garrett Richards,1988-05-27,"6' 2""",210,37,R,R,P,74
622492,Keury Mella,1993-08-02,"6' 2""",234,32,R,R,P,74
453284,Blake Parker,1985-06-19,"6' 3""",225,40,R,R,P,75
607572,Sam Howard,1993-03-05,"6' 4""",195,33,R,L,P,76
595798,R.J. Alaniz,1991-06-14,"6' 4""",220,34,R,R,P,76
668676,Zach Plesac,1995-01-21,"6' 3""",220,31,R,R,P,75
677610,D'Shawn Knowles,2001-01-16,"5' 10""",181,25,S,R,OF,70
669137,Armando Alvarez,1994-07-14,"6' 0""",189,31,R,R,3B,72
642769,Victor Acosta,1996-06-02,"5' 11""",160,29,R,R,3B,71
673451,Shogo Akiyama,1988-04-16,"6' 0""",190,38,L,R,OF,72
682998,Corbin Carroll,2000-08-21,"5' 10""",165,25,L,L,RF,70
663604,Brandon Lockridge,1997-03-14,"6' 0""",197,29,R,R,LF,72
680695,Brennen Davis,1999-11-02,"6' 1""",210,26,R,R,CF,73
667493,Zach Davis,1994-06-29,"5' 9""",175,31,S,R,CF,69
676480,José Barrero,1998-04-05,"6' 4""",211,28,R,R,SS,76
677565,Kristian Robinson,2000-12-11,"6' 3""",190,25,R,R,LF,75
677592,Everson Pereira,2001-04-10,"5' 11""",203,25,R,R,RF,71
677605,Luis Verdugo,2000-10-12,"6' 2""",160,25,R,R,3B,74
665154,Ford Proctor,1996-12-04,"6' 1""",195,29,L,R,SS,73
650428,Ernesto Liberatore,1996-03-26,"6' 0""",210,30,R,R,C,72
665834,Jeison Guzmán,1998-10-08,"6' 0""",205,27,S,R,SS,72
660294,Yoshi Tsutsugo,1991-11-26,"6' 0""",225,34,L,R,LF,72
661733,Max Burt,1996-08-28,"6' 1""",220,29,R,R,2B,73
680932,Pedro Martinez,2001-01-28,"5' 9""",165,25,S,R,SS,69
668901,Mark Vientos,1999-12-11,"6' 3""",185,26,R,R,1B,75
676070,Jacob Amaya,1998-09-03,"5' 10""",180,27,R,R,SS,70
677551,Wander Franco,2001-03-01,"5' 10""",189,25,S,R,SS,70
683734,Andrew Vaughn,1998-04-03,"5' 10""",215,28,R,R,1B,70
666152,David Hamilton,1997-09-29,"5' 10""",192,28,L,R,3B,70
666150,Dominic Fletcher,1997-09-02,"5' 8""",183,28,L,L,RF,68
686765,Nick Sogard,1997-09-09,"6' 1""",189,28,S,R,1B,73
672701,José Devers,1999-12-07,"6' 0""",174,26,L,R,SS,72
666452,Eduardo Diaz,1997-07-19,"6' 2""",175,28,R,R,CF,74
671083,Buddy Kennedy,1998-10-05,"5' 10""",213,27,R,R,1B,70
672460,Daniel Ozoria,2000-08-24,"5' 9""",165,25,S,R,SS,69
676613,Tyler Esplin,1999-07-06,"6' 2""",230,26,L,R,OF,74
670870,Yunior Severino,1999-10-03,"6' 0""",189,26,S,R,1B,72
664960,Jerry Downs,1993-12-22,"6' 2""",215,32,L,L,1B,74
673962,Josh Jung,1998-02-12,"6' 1""",214,28,R,R,3B,73
666141,Drew Mendoza,1997-10-10,"6' 4""",225,28,L,R,3B,76
666464,Jerar Encarnacion,1997-10-22,"6' 4""",265,28,R,R,RF,76
678362,Gilberto Jimenez,2000-07-08,"6' 0""",212,25,S,R,OF,72
657098,Tyler Webb,1996-04-15,"6' 0""",175,30,R,R,SS,72
669274,Edmond Americaan,1997-03-26,"6' 1""",170,29,L,L,OF,73
687714,Jackson Cluff,1996-12-03,"5' 11""",181,29,L,R,SS,71
669200,Mason McCoy,1995-03-31,"5' 11""",185,31,R,R,2B,71
666624,Christopher Morel,1999-06-24,"6' 0""",200,26,R,R,LF,72
643599,Harrison Wenson,1995-04-21,"6' 3""",235,31,R,R,C,75
672386,Alejandro Kirk,1998-11-06,"5' 8""",245,27,R,R,C,68
670242,Matt Wallner,1997-12-12,"6' 4""",220,28,L,R,RF,76
664279,Wagner Lagrange,1995-09-06,"5' 11""",187,30,R,R,RF,71
668709,JJ Bleday,1997-11-10,"6' 2""",205,28,L,L,LF,74
669127,Shea Langeliers,1997-11-18,"5' 11""",205,28,R,R,C,71
686773,Max Smith,1997-03-10,"6' 1""",210,29,L,R,RF,73
681987,Nate Eaton,1996-12-22,"5' 11""",200,29,R,R,OF,71
680118,Dairon Blanco,1993-04-26,"6' 0""",200,33,R,R,CF,72
670868,Abrahan Gutierrez,1999-10-31,"6' 1""",230,26,R,R,C,73
669741,Bryant Packard,1997-10-06,"6' 3""",200,28,L,R,LF,75
680799,Seth Gray,1998-05-30,"6' 3""",205,27,L,R,3B,75
665953,Andrés Chaparro,1999-05-04,"6' 0""",200,27,R,R,1B,72
669722,Logan Davidson,1997-12-26,"6' 3""",185,28,S,R,1B,75
672544,César Izturis Jr.,1999-11-11,"5' 11""",145,26,S,R,SS,71
676782,Mickey McDonald,1995-06-02,"6' 2""",175,30,L,R,CF,74
668952,Ryan Kreidler,1997-11-12,"6' 3""",208,28,R,R,3B,75
656495,Dalton Guthrie,1995-12-23,"5' 11""",160,30,R,R,LF,71
677347,Kyren Paris,2001-11-11,"5' 10""",180,24,R,R,2B,70
676609,José Caballero,1996-08-30,"5' 9""",190,29,R,R,SS,69
666728,Carlos Soto,1999-04-27,"6' 1""",225,27,L,R,C,73
686780,Pedro Pagés,1998-09-17,"5' 11""",245,27,R,R,C,71
656029,Alexis Wilson,1996-08-13,"5' 10""",200,29,R,R,C,70
687867,Clay Dungan,1996-06-02,"6' 0""",190,29,L,R,2B,72
678545,Osleivis Basabe,2000-09-13,"5' 11""",197,25,R,R,SS,71
669471,Devin Mann,1997-02-11,"6' 2""",180,29,R,R,3B,74
677588,José Tena,2001-03-20,"5' 10""",195,25,L,R,2B,70
677649,Ezequiel Duran,1999-05-22,"5' 10""",185,26,R,R,LF,70
657728,Isaias Quiroz,1996-10-22,"5' 10""",234,29,R,R,C,70
666197,Grae Kessinger,1997-08-25,"6' 1""",204,28,R,R,3B,73
668939,Adley Rutschman,1998-02-06,"6' 1""",230,28,S,R,C,73
689577,Aaron Antonini,1998-07-27,"5' 11""",200,27,L,R,C,71
676939,Jimmy Herron,1996-07-27,"6' 0""",201,29,R,L,LF,72
668723,Ryan Vilade,1999-02-18,"6' 1""",226,27,R,R,RF,73
663618,Josh Stowers,1997-02-25,"6' 0""",200,29,R,R,RF,72
664222,John Cresto,1996-12-15,"6' 3""",225,29,R,R,3B,75
680577,DaShawn Keirsey Jr.,1997-05-13,"6' 0""",195,28,L,L,CF,72
673995,Davis Wendzel,1997-05-23,"5' 11""",210,28,R,R,3B,71
691503,Yolbert Sanchez,1997-03-03,"5' 10""",176,29,R,R,SS,70
671056,Iván Herrera,2000-06-01,"5' 11""",220,25,R,R,C,71
666023,Freddy Fermin,1995-05-16,"5' 10""",200,30,R,R,C,70
656024,Carlos Pérez,1996-09-10,"5' 10""",210,29,R,R,C,70
682985,Riley Greene,2000-09-28,"6' 2""",200,25,L,L,LF,74
670224,Kameron Misner,1998-01-09,"6' 3""",220,28,L,L,CF,75
663731,Connor Kaiser,1996-11-20,"6' 3""",195,29,R,R,SS,75
668787,Bryce Ball,1998-07-08,"6' 6""",240,27,L,R,1B,78
678926,Carlos De La Cruz,1999-10-06,"6' 8""",208,26,R,R,OF,80
663760,Cadyn Grenier,1996-10-31,"5' 8""",188,29,R,R,SS,68
673516,Victor Mesa,1996-07-20,"5' 11""",200,29,R,R,OF,71
669699,Braden Shewmake,1997-11-19,"6' 3""",200,28,L,R,2B,75
679032,Johan Rojas,2000-08-14,"5' 11""",165,25,R,R,CF,71
665560,Jhailyn Ortiz,1998-11-18,"6' 3""",215,27,R,R,RF,75
683227,Cody Freeman,2001-01-05,"5' 9""",180,25,R,R,3B,69
675915,David Bañuelos,1996-10-01,"5' 9""",205,29,R,R,C,69
666183,Hunter Bishop,1998-06-25,"6' 3""",210,27,L,R,OF,75
661539,Jake Palomaki,1995-07-17,"5' 10""",175,30,S,R,2B,70
671655,George Valera,2000-11-13,"5' 10""",195,25,L,L,LF,70
686531,Andre Lipcius,1998-05-22,"6' 0""",200,27,R,R,2B,72
669384,Raynel Delgado,2000-04-04,"6' 0""",210,26,L,R,2B,72
663834,Jonathan Engelmann,1996-09-18,"6' 3""",205,29,R,R,OF,75
672724,Oswald Peraza,2000-06-15,"5' 11""",200,25,R,R,2B,71
672555,Wilfred Astudillo,2000-03-14,"5' 11""",209,26,S,R,C,71
672279,Michael Siani,1999-07-16,"5' 11""",195,26,L,L,CF,71
643348,Caleb Hamilton,1995-02-05,"6' 0""",212,31,R,R,CF,72
683011,Anthony Volpe,2001-04-28,"5' 10""",197,25,R,R,SS,70
681831,Willie Joe Garry Jr.,2000-05-29,"6' 0""",187,25,L,L,OF,72
682079,Chase Calabuig,1995-12-10,"5' 10""",185,30,L,L,OF,70
669737,Henri Lartigue,1995-02-24,"6' 0""",205,31,S,R,C,72
681962,Vinny Capra,1996-07-07,"5' 8""",188,29,R,R,3B,68
666598,Jose Bermudez,1997-07-09,"6' 2""",160,28,S,R,LF,74
665180,Ruben Cardenas,1997-10-10,"6' 1""",185,28,R,R,OF,73
663668,DJ Neal,1997-01-11,"6' 3""",220,29,R,R,RF,75
660686,Jason Lopez,1998-03-16,"5' 9""",160,28,R,R,C,69
676628,Mark Contreras,1995-01-24,"5' 11""",195,31,L,R,OF,71
664753,Marty Costes,1995-12-18,"5' 9""",200,30,R,R,OF,69
687231,Darell Hernaiz,2001-08-03,"5' 11""",190,24,R,R,3B,71
680938,Andrew Moritz,1996-12-22,"5' 9""",180,29,L,R,OF,69
665780,Franklin Labour,1998-05-11,"6' 1""",190,27,R,R,LF,73
687331,Quincy McAfee,1997-09-16,"5' 10""",185,28,R,R,SS,70
676759,Korry Howell,1998-09-01,"6' 2""",180,27,R,R,SS,74
669336,Joe Gray Jr.,2000-03-12,"6' 1""",214,26,R,R,OF,73
665912,Miguel Hernandez,1999-04-13,"6' 0""",194,27,R,R,2B,72
664848,Donny Sands,1996-05-16,"6' 0""",190,29,R,R,C,72
666126,Carlos Cortes,1997-06-30,"5' 7""",197,28,L,S,RF,67
680769,CJ Alexander,1996-07-17,"6' 3""",215,29,L,R,1B,75
665052,Griffin Conine,1997-07-11,"6' 1""",210,28,L,R,LF,73
663968,Jake Mangum,1996-03-08,"5' 11""",191,30,S,L,LF,71
666655,Rubendy Jaquez,1999-02-13,"5' 11""",174,27,S,R,2B,71
681260,Grant Williams,1995-10-03,"5' 10""",180,30,L,R,2B,70
668568,Miguel Jerez,1997-10-24,"6' 1""",178,28,R,R,C,73
647309,Demi Orimoloye,1997-01-06,"6' 4""",225,29,R,R,RF,76
663821,Cody Farhat,1996-09-26,"6' 1""",185,29,R,R,OF,73
669717,Will Wilson,1998-07-21,"5' 9""",184,27,R,R,3B,69
663526,Kole Cottam,1997-05-30,"6' 3""",235,28,R,R,C,75
664171,Joey Roach,1993-08-27,"6' 0""",205,32,L,R,C,72
676376,Gabe Snyder,1995-03-04,"6' 5""",235,31,L,L,1B,77
669065,Kyle Stowers,1998-01-02,"6' 2""",215,28,L,L,LF,74
656627,Mark Kolozsvary,1995-09-04,"5' 7""",185,30,R,R,C,67
687478,Cam Devanney,1997-04-13,"6' 1""",195,29,R,R,SS,73
670429,Charlie Madden,1995-09-01,"6' 3""",205,30,R,R,C,75
680894,Lency Delgado,1999-06-20,"6' 3""",215,26,R,R,SS,75
671739,Michael Harris II,2001-03-07,"5' 11""",195,25,L,L,CF,71
677951,Bobby Witt Jr.,2000-06-14,"6' 1""",200,25,R,R,SS,73
681351,Logan O'Hoppe,2000-02-09,"6' 2""",225,26,R,R,C,74
669134,Luis Campusano,1998-09-29,"5' 10""",232,27,R,R,C,70
694175,Pedro León,1998-05-28,"5' 8""",170,27,R,R,RF,68
679529,Spencer Torkelson,1999-08-26,"6' 1""",220,26,R,R,1B,73
680814,Peyton Burdick,1997-02-26,"6' 0""",205,29,R,R,CF,72
672515,Gabriel Moreno,2000-02-14,"5' 9""",195,26,R,R,C,69
691718,Pete Crow-Armstrong,2002-03-25,"6' 0""",184,24,L,L,CF,72
679631,Terrin Vavra,1997-05-12,"5' 11""",185,28,L,R,2B,71
663341,Chris Betts,1997-03-10,"6' 2""",215,29,L,R,C,74
681082,Bryson Stott,1997-10-06,"6' 0""",200,28,L,R,2B,72
668664,Chase Strumpf,1998-03-08,"6' 0""",170,28,R,R,3B,72
675986,Canaan Smith-Njigba,1999-04-30,"5' 11""",230,27,L,R,CF,71
694377,Nick Yorke,2002-04-02,"5' 11""",220,24,R,R,3B,71
673490,Ha-Seong Kim,1995-10-17,"5' 10""",200,30,R,R,SS,70
693307,Dillon Dingler,1998-09-17,"6' 1""",210,27,R,R,C,73
668832,Kyle McCann,1997-12-02,"6' 2""",243,28,L,R,C,74
668824,Logan Wyatt,1997-11-15,"6' 4""",230,28,L,R,1B,76
660710,Rodolfo Durán,1998-02-19,"5' 8""",181,28,R,R,C,68
683002,Gunnar Henderson,2001-06-29,"6' 3""",230,24,L,R,SS,75
682617,Marco Luciano,2001-09-10,"6' 1""",215,24,R,R,OF,73
693306,Aaron Sabato,1999-06-04,"6' 0""",230,26,R,R,1B,72
682928,CJ Abrams,2000-10-03,"6' 0""",191,25,L,R,SS,72
690987,Robert Hassell III,2001-08-15,"6' 1""",186,24,L,L,CF,73
683146,Brett Baty,1999-11-13,"6' 3""",210,26,L,R,RF,75
675448,Blake Hunt,1998-11-10,"6' 4""",215,27,R,R,C,76
681804,Chris Bec,1995-12-30,"5' 9""",195,30,R,R,C,69
669394,Jake Burger,1996-04-10,"6' 0""",230,30,R,R,1B,72
669003,Garrett Mitchell,1998-09-04,"6' 2""",229,27,L,R,CF,74
665648,Ricardo Genovés,1999-05-14,"6' 2""",190,26,R,R,C,74
682210,Kody Hoese,1997-07-13,"6' 2""",200,28,R,R,3B,74
676059,Jordan Westburg,1999-02-18,"6' 1""",215,27,R,R,3B,73
671113,Zach Daniels,1999-01-23,"6' 1""",220,27,R,R,OF,73
656340,Brett Cumberland,1995-06-25,"5' 10""",200,30,S,R,C,70
683145,Colin Barber,2000-12-04,"5' 11""",200,25,L,L,LF,71
677954,Jordan Groshans,1999-11-10,"6' 2""",200,26,R,R,SS,74
677870,Leo Jiménez,2001-05-17,"5' 10""",215,24,R,R,2B,70
677599,Miguel Hiraldo,2000-09-05,"5' 9""",197,25,R,R,3B,69
688226,Anthony Mulrine,1998-03-30,"6' 0""",205,28,R,R,C,72
685277,Nick Kahle,1998-02-28,"5' 9""",210,28,R,R,C,69
691179,Erick Peña,2003-02-20,"6' 1""",205,23,L,R,CF,73
684576,Alex Isola,1998-07-22,"6' 0""",215,27,R,R,C,72
672275,Patrick Bailey,1999-05-29,"6' 0""",223,26,S,R,C,72
683737,Michael Busch,1997-11-09,"5' 11""",210,28,L,R,1B,71
686676,Korey Lee,1998-07-25,"6' 0""",225,27,R,R,C,72
669224,Austin Wells,1999-07-12,"6' 1""",220,26,L,R,C,73
687084,Joshua Mears,2001-02-21,"6' 3""",230,25,R,R,RF,75
679845,Nick Loftin,1998-09-25,"5' 11""",180,27,R,R,3B,71
670190,Carter Bins,1998-10-07,"5' 11""",215,27,R,R,C,71
682619,Orelvis Martinez,2001-11-19,"5' 11""",200,24,R,R,2B,71
677007,Josh Breaux,1997-10-07,"6' 0""",230,28,R,R,C,72
668965,Freddy Zamora,1998-11-01,"6' 0""",186,27,R,R,SS,72
675659,Greg Jones,1998-03-07,"6' 0""",189,28,S,R,LF,72
693304,Nick Gonzales,1999-05-27,"5' 8""",193,26,R,R,3B,68
682626,Francisco Alvarez,2001-11-19,"5' 10""",233,24,R,R,C,70
663457,Lars Nootbaar,1997-09-08,"6' 1""",205,28,L,R,LF,73
668715,Spencer Steer,1997-12-07,"5' 9""",185,28,R,R,LF,69
678246,Miguel Vargas,1999-11-17,"6' 2""",225,26,R,R,3B,74
669002,Connor Scott,1999-10-08,"6' 3""",208,26,L,L,LF,75
677319,Cameron Barstad,2000-11-29,"6' 0""",195,25,L,R,C,72
679822,Justin Foscue,1999-03-02,"5' 11""",205,27,R,R,1B,71
667749,Juan Fernandez,1999-03-07,"5' 7""",205,27,R,R,C,67
671287,Phil Clarke,1998-03-24,"5' 10""",190,28,L,R,C,70
680722,Nick Meyer,1997-02-18,"6' 1""",200,29,R,R,C,73
669304,Jose Miranda,1998-06-29,"6' 1""",210,27,R,R,3B,73
681624,Andy Pages,2000-12-08,"6' 1""",212,25,R,R,CF,73
686619,Kyle Schmidt,1997-07-13,"6' 0""",205,28,R,R,C,72
683083,Nasim Nuñez,2000-08-18,"5' 8""",165,25,S,R,2B,68
670281,Stevie Berman,1994-11-28,"6' 2""",225,31,R,R,C,74
668885,Austin Martin,1999-03-23,"5' 10""",185,27,R,R,LF,70
678011,Anthony Seigler,1999-06-20,"5' 9""",192,26,L,S,2B,69
691016,Tyler Soderstrom,2001-11-24,"6' 2""",200,24,L,R,LF,74
676443,Demetrius Sims,1995-07-14,"6' 3""",220,30,R,R,SS,75
656953,Colton Shaver,1995-09-18,"6' 1""",249,30,R,R,C,73
668974,Maverick Handley,1998-03-10,"5' 9""",210,28,R,R,C,69
669432,Trevor Rogers,1997-11-13,"6' 5""",230,28,L,L,P,77
691616,Hedbert Perez,2003-04-04,"5' 10""",160,23,L,L,LF,70
678894,Liover Peguero,2000-12-31,"6' 0""",200,25,R,R,SS,72
678487,Andres Melendez,2001-05-21,"5' 10""",150,20,R,R,C,70
680700,Richie Palacios,1997-05-16,"5' 8""",185,28,L,R,2B,68
663753,Reiss Knehr,1996-11-03,"6' 2""",205,29,L,R,P,74
660623,Huascar Ynoa,1998-05-28,"6' 2""",220,27,R,R,P,74
681068,Jayce Easley,1999-08-02,"5' 8""",151,26,R,R,SS,68
640444,Wil Crowe,1994-09-09,"6' 1""",240,31,R,R,P,73
691949,Jake Vogel,2001-10-12,"5' 11""",165,24,R,R,OF,71
656849,David Peterson,1995-09-03,"6' 6""",240,30,L,L,P,78
677960,Ryan Weathers,1999-12-17,"6' 1""",230,26,R,L,P,73
596027,Dillon Maples,1992-05-09,"6' 2""",230,33,R,R,P,74
666120,Ian Anderson,1998-05-02,"6' 3""",170,28,R,R,P,75
664141,JT Brubaker,1993-11-17,"6' 4""",197,32,R,R,P,76
669022,MacKenzie Gore,1999-02-24,"6' 2""",193,27,L,L,P,74
571676,Seth Frankoff,1988-08-27,"6' 5""",206,37,R,R,P,77
676074,Jonny Homza,1999-06-13,"6' 0""",185,26,R,R,3B,72
622088,Tejay Antone,1993-12-05,"6' 4""",230,32,R,R,P,76
663765,Jake Woodford,1996-10-28,"6' 4""",215,29,R,R,P,76
669294,Paul Campbell,1995-07-26,"6' 0""",215,30,L,R,P,72
642092,Riley Smith,1995-01-15,"6' 1""",207,31,R,R,P,73
672335,Cionel Pérez,1996-04-21,"6' 0""",175,30,R,L,P,72
677570,Aaron Bracho,2001-04-24,"5' 9""",193,25,L,R,2B,69
547942,Kwang Hyun Kim,1988-07-22,"6' 2""",195,37,L,L,P,74
663474,Triston McKenzie,1997-08-02,"6' 5""",165,28,R,R,P,77
641447,Daniel Castano,1994-09-17,"6' 3""",231,31,L,L,P,75
608334,Carson Fulmer,1993-12-13,"6' 0""",210,32,R,R,P,72
622503,Nabil Crismatt,1994-12-25,"6' 1""",220,31,R,R,P,73
666200,Jesús Luzardo,1997-09-30,"6' 0""",218,28,L,L,P,72
595928,John Curtiss,1993-04-05,"6' 5""",220,33,R,R,P,77
656876,Drew Rasmussen,1995-07-27,"6' 1""",240,30,R,R,P,73
669145,Bruce Zimmermann,1995-02-09,"6' 3""",236,31,L,L,P,75
677651,Luis Garcia,1996-12-13,"6' 1""",248,29,R,R,P,73
676424,Alec Bettinger,1995-07-13,"6' 2""",210,30,R,R,P,74
664076,Garrett Cleavinger,1994-04-23,"6' 1""",225,32,R,L,P,73
669952,Mitch White,1994-12-28,"6' 3""",210,31,R,R,P,75
670955,Edwin Uceta,1998-01-09,"6' 0""",210,28,R,R,P,72
670912,Johan Oviedo,1998-03-02,"6' 6""",275,28,R,R,P,78
664092,Sean Poppen,1994-03-15,"6' 3""",210,32,R,R,P,75
676604,Tyler Zuber,1995-06-16,"5' 11""",195,30,R,R,P,71
624522,Keegan Thompson,1995-03-13,"6' 1""",197,31,R,R,P,73
656548,Jordan Holloway,1996-06-13,"6' 6""",230,29,R,R,P,78
656302,Dylan Cease,1995-12-28,"6' 2""",200,30,R,R,P,74
624418,Ryan Castellani,1996-04-01,"6' 4""",218,30,R,R,P,76
614179,José Ruiz,1994-10-21,"6' 1""",245,31,R,R,P,73
681911,Alex Vesia,1996-04-11,"6' 1""",209,30,L,L,P,73
666129,Braxton Garrett,1997-08-05,"6' 2""",202,28,R,L,P,74
641793,Zack Littell,1995-10-05,"6' 4""",250,30,R,R,P,76
547001,Cody Poteet,1994-07-30,"6' 1""",190,31,R,R,P,73
647315,Zach Pop,1996-09-20,"6' 4""",220,29,R,R,P,76
664337,Miguel Yajure,1998-05-01,"6' 1""",215,28,R,R,P,73
676840,Matt Peacock,1994-02-27,"6' 1""",185,32,R,R,P,73
542947,Richard Bleier,1987-04-16,"6' 3""",238,39,L,L,P,75
670056,Caleb Baragar,1994-04-09,"6' 3""",215,32,R,L,P,75
572125,Sam Selman,1990-11-14,"6' 2""",198,35,R,L,P,74
675921,Spencer Howard,1996-07-28,"6' 3""",210,29,R,R,P,75
676477,Garrett Whitlock,1996-06-11,"6' 5""",222,29,R,R,P,77
641682,Ryan Hendrix,1994-12-16,"6' 3""",215,31,R,R,P,75
657006,Justin Steele,1995-07-11,"6' 2""",205,30,L,L,P,74
656686,Corbin Martin,1995-12-28,"6' 2""",225,30,R,R,P,74
656353,Tucker Davidson,1996-03-25,"6' 2""",215,30,L,L,P,74
608328,Chase De Jong,1993-12-29,"6' 4""",230,32,L,R,P,76
661269,Vladimir Gutierrez,1995-09-18,"6' 1""",205,30,R,R,P,73
664074,Cody Ponce,1994-04-25,"6' 6""",255,32,R,R,P,78
621076,James Kaprielian,1994-03-02,"6' 3""",225,32,R,R,P,75
667297,Tommy Nance,1991-03-19,"6' 6""",235,35,R,R,P,78
640464,Kohl Stewart,1994-10-07,"6' 3""",200,31,R,R,P,75
676220,Seth Elledge,1996-05-20,"6' 3""",240,29,R,R,P,75
658551,Junior Fernández,1997-03-02,"6' 3""",215,29,R,R,P,75
518858,Nate Jones,1986-01-28,"6' 5""",230,40,R,R,P,77
641540,Dane Dunning,1994-12-20,"6' 4""",225,31,R,R,P,76
665621,Rony García,1997-12-19,"6' 3""",200,28,R,R,P,75
667463,John King,1994-09-14,"6' 2""",215,31,L,L,P,74
663574,Tony Santillan,1997-04-15,"6' 3""",285,29,R,R,P,75
605507,Zach Thompson,1993-10-23,"6' 7""",250,32,R,R,P,79
641482,Nestor Cortes,1994-12-10,"5' 10""",225,31,R,L,P,70
622250,Josh Sborz,1993-12-17,"6' 3""",215,32,R,R,P,75
669674,Sam Long,1995-07-08,"6' 1""",185,30,L,L,P,73
656529,Sam Hentges,1996-07-18,"6' 8""",255,29,L,L,P,80
547176,Daniel Camarena,1992-11-09,"6' 0""",210,33,L,L,P,72
650496,J.C. Mejía,1996-08-26,"6' 6""",250,29,R,R,P,78
476594,Robert Stock,1989-11-21,"6' 1""",260,36,L,R,P,73
666205,Kyle Muller,1997-10-07,"6' 7""",250,28,R,L,P,79
668820,Max Kranick,1997-07-21,"6' 3""",220,28,R,R,P,75
656731,Tylor Megill,1995-07-28,"6' 7""",230,30,R,R,P,79
669212,Eli Morgan,1996-05-13,"5' 10""",190,29,R,R,P,70
663399,Brandon Waddell,1994-06-03,"6' 3""",180,31,L,L,P,75
641360,Phil Bickford,1995-07-10,"6' 4""",200,30,R,R,P,76
607188,Jake Faria,1993-07-30,"6' 4""",238,32,R,R,P,76
669622,Anthony Bender,1995-02-03,"6' 4""",205,31,R,R,P,76
667376,Miguel Sánchez,1993-12-31,"6' 3""",205,32,R,R,P,75
663378,Thomas Szapucki,1996-06-12,"6' 2""",210,29,R,L,P,74
571521,Rex Brothers,1987-12-18,"6' 0""",205,38,L,L,P,72
607560,Ryne Harper,1989-03-27,"6' 3""",217,37,R,R,P,75
596049,Shawn Morimando,1992-11-20,"6' 0""",206,33,L,L,P,72
607374,Nick Tropeano,1990-08-27,"6' 4""",205,35,R,R,P,76
528748,Humberto Castellanos,1998-04-03,"5' 11""",222,28,R,R,P,71
622098,Drew Smith,1993-09-24,"6' 2""",190,32,R,R,P,74
676596,Josh Fleming,1996-05-18,"6' 2""",220,29,L,L,P,74
680686,Josiah Gray,1997-12-21,"6' 1""",209,28,R,R,P,73
656629,Michael Kopech,1996-04-30,"6' 3""",220,30,R,R,P,75
670766,Darren McCaughan,1996-03-18,"6' 1""",200,30,R,R,P,73
668665,Stephen Nogosek,1995-01-11,"6' 2""",205,31,R,R,P,74
623485,Ashton Goudeau,1992-07-23,"6' 6""",220,33,R,R,P,78
641927,Bailey Ober,1995-07-12,"6' 9""",260,30,R,R,P,81
664285,Framber Valdez,1993-11-19,"5' 11""",230,32,R,L,P,71
643377,Griffin Jax,1994-11-22,"6' 2""",195,31,R,R,P,74
660546,Yennsy Díaz,1996-11-15,"6' 1""",210,29,R,R,P,73
621348,Sam Clay,1993-06-21,"6' 3""",238,32,L,L,P,75
650828,Edgar Santana,1991-10-16,"6' 2""",205,34,R,R,P,74
663460,Kris Bubic,1997-08-19,"6' 3""",220,28,L,L,P,75
672282,Reid Detmers,1999-07-08,"6' 2""",210,26,L,L,P,74
656212,Charlie Barnes,1995-10-01,"6' 2""",190,30,L,L,P,74
596082,Jake Reed,1992-09-29,"6' 2""",195,33,R,R,P,74
676879,Aaron Ashby,1998-05-24,"6' 0""",194,27,R,L,P,72
656457,Tyler Gilbert,1993-12-22,"6' 3""",225,32,L,L,P,75
683232,Nick Mears,1996-10-07,"6' 3""",217,29,R,R,P,75
543594,Sean Nolin,1989-12-26,"6' 4""",250,36,L,L,P,76
623437,Justin Topa,1991-03-07,"6' 4""",200,35,R,R,P,76
657228,Jake Jewell,1993-05-16,"6' 2""",217,32,R,R,P,74
621074,Michael Rucker,1994-04-27,"6' 1""",195,32,R,R,P,73
660813,Brusdar Graterol,1998-08-26,"6' 1""",265,27,R,R,P,73
677865,Justin Bruihl,1997-06-26,"6' 2""",215,28,L,L,P,74
453343,Mark Melancon,1985-03-28,"6' 1""",215,41,R,R,P,73
672578,Carlos Hernández,1997-03-11,"6' 4""",255,29,R,R,P,76
641394,Jake Brentz,1994-09-14,"6' 1""",205,31,L,L,P,73
623465,Evan Phillips,1994-09-11,"6' 2""",215,31,R,R,P,74
655889,Manuel Rodríguez,1996-08-06,"5' 11""",205,29,R,R,P,71
666201,Alek Manoah,1998-01-09,"6' 6""",285,28,R,R,P,78
650668,Humberto Mejía,1997-03-03,"6' 4""",244,29,R,R,P,76
656578,Andre Jackson,1996-05-01,"6' 3""",210,30,R,R,P,75
669373,Tarik Skubal,1996-11-20,"6' 3""",240,29,R,L,P,75
665795,Edward Cabrera,1998-04-13,"6' 5""",217,28,R,R,P,77
663554,Casey Mize,1997-05-01,"6' 3""",212,29,R,R,P,75
663559,Bailey Falter,1997-04-24,"6' 4""",205,29,R,L,P,76
642028,Josh Rogers,1994-07-10,"6' 3""",211,31,L,L,P,75
663853,Romy Gonzalez,1996-09-06,"6' 0""",215,29,R,R,1B,72
641302,Tyler Alexander,1994-07-14,"6' 1""",214,31,R,L,P,73
656322,Sam Coonrod,1992-09-22,"6' 1""",225,33,R,R,P,73
657376,Clarke Schmidt,1996-02-20,"6' 1""",210,30,R,R,P,73
663372,Ryan Feltner,1996-09-02,"6' 4""",200,29,R,R,P,76
664123,Scott Effross,1993-12-28,"6' 2""",202,32,R,R,P,74
685503,Kohei Arihara,1992-08-11,"6' 2""",210,33,R,R,P,74
666159,Matt Manning,1998-01-28,"6' 6""",195,28,R,R,P,78
641907,Patrick Murphy,1995-06-10,"6' 5""",211,30,R,R,P,77
676050,Packy Naughton,1996-04-16,"6' 2""",200,30,R,L,P,74
665759,Ramón Rosso,1996-06-09,"6' 4""",240,29,R,R,P,76
656818,Connor Overton,1993-07-24,"6' 0""",205,32,L,R,P,72
669211,Keegan Akin,1995-04-01,"6' 0""",235,31,L,L,P,72
657746,Joe Ryan,1996-06-05,"6' 2""",205,29,R,R,P,74
658431,Adonis Medina,1996-12-18,"6' 1""",187,29,R,R,P,73
453268,Daniel Bard,1985-06-25,"6' 4""",215,40,R,R,P,76
675911,Spencer Strider,1998-10-28,"6' 0""",195,27,R,R,P,72
672851,Joan Adon,1998-08-12,"6' 2""",247,27,R,R,P,74
665665,Reiver Sanmartin,1996-04-15,"6' 1""",188,30,L,L,P,73
656557,Tanner Houck,1996-06-29,"6' 5""",226,29,R,R,P,77
668968,Hans Crouse,1998-09-15,"6' 4""",180,27,L,R,P,76
621345,A.J. Minter,1993-09-02,"6' 0""",215,32,L,L,P,72
676265,Cory Abbott,1995-09-20,"6' 2""",217,30,R,R,P,74
650347,Luís Madero,1997-04-15,"6' 1""",195,29,R,R,P,73
676113,Zach DeLoach,1998-08-18,"6' 1""",215,27,L,R,RF,73
668667,Daniel Cabrera,1998-09-05,"6' 0""",200,27,L,L,OF,72
663714,Matt Kroon,1996-12-05,"6' 1""",195,29,R,R,3B,73
647378,Andy Yerzy,1998-07-05,"6' 3""",224,27,L,R,C,75
665908,Eduardo Torrealba,1999-03-26,"5' 8""",185,27,R,R,SS,68
672580,Maikel Garcia,2000-03-03,"6' 1""",180,26,R,R,3B,73
678662,Ezequiel Tovar,2001-08-01,"6' 0""",192,24,R,R,SS,72
666149,Tyler Fitzgerald,1997-09-15,"6' 2""",214,28,R,R,2B,74
700242,Trey Sweeney,2000-04-24,"6' 2""",212,26,L,R,SS,74
683021,Michael Stefanic,1996-02-24,"5' 9""",180,30,R,R,2B,69
670208,Matt Fraizer,1998-01-12,"6' 1""",220,28,L,R,CF,73
670582,Yariel Gonzalez,1994-06-01,"6' 1""",190,31,S,R,3B,73
680763,Eric De La Rosa,1997-06-03,"6' 3""",186,28,R,R,OF,75
669701,Josh Smith,1997-08-07,"5' 9""",172,28,L,R,2B,69
686894,Joey Wiemer,1999-02-11,"6' 4""",226,27,R,R,RF,76
686798,Yordys Valdes,2001-08-16,"5' 11""",170,24,S,R,SS,71
676475,Alec Burleson,1998-11-25,"6' 0""",225,27,L,L,1B,72
680977,Brendan Donovan,1997-01-16,"5' 11""",210,29,L,R,3B,71
675966,Jesse Franklin V,1998-12-01,"6' 1""",215,27,L,L,OF,73
695780,Jake Fox,2003-02-12,"5' 11""",185,23,L,R,OF,71
688760,Blaine Crim,1997-06-17,"5' 10""",223,28,R,R,1B,70
682622,Noelvi Marte,2001-10-16,"6' 2""",216,24,R,R,RF,74
694368,Jimmy Glowenke,1999-06-05,"5' 10""",200,26,R,R,SS,70
676205,Tyler Hardman,1999-01-27,"6' 2""",228,27,R,R,1B,74
687588,Micah Pries,1998-02-27,"6' 4""",210,28,L,R,1B,76
686555,Isaac Collins,1997-07-22,"5' 8""",188,28,S,R,LF,68
664097,Braxton Martinez,1994-03-03,"6' 3""",220,32,R,R,3B,75
688005,Francisco Urbaez,1997-10-13,"5' 9""",195,28,R,R,2B,69
682641,Luis Matos,2002-01-28,"5' 11""",205,24,R,R,RF,71
675628,Darius Hill,1997-08-17,"6' 0""",190,28,L,L,OF,72
687398,J.D. Mundy,1998-05-14,"6' 0""",210,27,L,R,1B,72
682266,Brett Auerbach,1998-08-27,"5' 8""",185,27,R,R,C,68
686217,Sal Frelick,2000-04-19,"5' 9""",191,26,L,R,RF,69
687401,Joey Ortiz,1998-07-14,"5' 10""",192,27,R,R,SS,70
682621,Gabriel Rodriguez,2002-02-22,"6' 1""",215,24,R,R,SS,73
682848,Endy Rodríguez,2000-05-26,"6' 0""",207,25,S,R,1B,72
660659,Leobaldo Cabrera,1998-01-21,"6' 1""",170,28,R,R,RF,73
673461,Yoelqui Céspedes,1997-09-24,"5' 7""",205,28,R,R,OF,67
660766,Juan Yepez,1998-02-19,"6' 0""",235,28,R,R,1B,72
687529,Grant McCray,2000-12-07,"6' 1""",195,25,L,R,CF,73
680971,Jake Anchia,1997-03-05,"5' 11""",210,29,R,R,C,71
676551,Brewer Hicklen,1996-02-09,"6' 2""",215,30,R,R,OF,74
672642,Steward Berroa,1999-06-05,"5' 9""",193,26,S,R,RF,69
657741,Mike Rivera,1995-12-12,"5' 9""",200,30,R,R,C,69
665651,Diego Rincones,1999-06-14,"5' 11""",175,26,R,R,RF,71
669911,Michael Toglia,1998-08-16,"6' 5""",226,27,S,L,1B,77
682653,Warming Bernabel,2002-06-06,"6' 1""",180,23,R,R,3B,73
691023,Jordan Walker,2002-05-22,"6' 6""",250,23,R,R,RF,78
680574,Matt McLain,1999-08-06,"5' 8""",180,26,R,R,2B,68
668860,Kale Emshoff,1998-05-02,"6' 2""",228,28,R,R,C,74
657510,Andrew Bechtold,1996-04-18,"6' 1""",185,30,R,R,P,73
669702,Armani Smith,1998-07-19,"6' 2""",215,27,R,R,OF,74
681297,Colton Cowser,2000-03-20,"6' 3""",220,26,L,R,RF,75
678391,Jorbit Vivas,2001-03-09,"5' 9""",171,25,L,R,3B,69
683770,Will Robertson,1997-12-26,"6' 0""",215,28,L,L,LF,72
686469,Vinnie Pasquantino,1997-10-10,"6' 3""",245,28,L,L,1B,75
686601,Drew Campbell,1997-11-10,"5' 11""",180,28,L,L,CF,71
672635,Luis Mieses,2000-05-31,"6' 3""",180,25,L,L,OF,75
690984,Petey Halpin,2002-05-26,"5' 11""",200,23,L,R,CF,71
687093,Vaughn Grissom,2001-01-05,"6' 2""",210,25,R,R,2B,74
663600,D.J. Artis,1997-03-20,"5' 9""",165,29,L,L,OF,69
685121,Beau Philip,1998-10-23,"5' 11""",200,27,R,R,SS,71
669707,Jared Triolo,1998-02-08,"6' 3""",212,28,R,R,SS,75
691011,Drew Romo,2001-08-29,"6' 0""",205,24,S,R,C,72
668845,Aaron Schunk,1997-07-24,"6' 1""",205,28,R,R,SS,73
678554,Curtis Mead,2000-10-26,"6' 1""",225,25,R,R,1B,73
686668,Brenton Doyle,1998-05-14,"6' 3""",223,27,R,R,CF,75
678323,Allan Cerda,1999-11-24,"6' 2""",230,26,R,R,OF,74
677060,Chad Stevens,1999-02-03,"6' 3""",218,27,R,R,SS,75
682687,Frank Perez,2001-12-13,"6' 2""",180,24,R,R,OF,74
665173,Alex McKenna,1997-09-06,"6' 0""",204,28,R,R,OF,72
680244,Ross Adolph,1996-12-17,"5' 11""",190,29,L,R,OF,71
682182,J.C. Correa,1998-09-15,"5' 10""",200,27,R,R,SS,70
691728,Zac Veen,2001-12-12,"6' 3""",243,24,L,R,LF,75
676572,Eric Wagaman,1997-08-14,"6' 4""",210,28,R,R,1B,76
680862,Willie MacIver,1996-10-28,"6' 2""",205,29,R,R,C,74
691513,Roilan Machandy,2001-05-18,"6' 0""",170,24,R,R,OF,72
672653,Diego Infante,1999-10-22,"6' 3""",178,26,R,R,OF,75
663967,César Salazar,1996-03-15,"5' 8""",198,30,L,R,C,68
680810,Quincy Hamilton,1998-06-12,"5' 9""",190,27,L,L,OF,69
680438,Robert Neustrom,1996-11-12,"6' 1""",210,29,L,L,OF,73
666124,Luke Berryhill,1998-05-28,"6' 0""",227,27,R,R,C,72
671117,Darren Baker,1999-02-11,"5' 10""",167,27,L,R,2B,70
681901,Alex Holderbach,1996-12-26,"6' 0""",205,29,R,R,C,72
687882,Hill Alexander,1996-06-13,"6' 2""",200,29,R,R,RF,74
676598,Nathan Perry,1999-07-07,"6' 2""",207,26,L,R,C,74
681584,David Villar,1997-01-27,"5' 11""",216,29,R,R,1B,71
701538,Jackson Merrill,2003-04-19,"6' 2""",195,23,L,R,CF,74
666018,Jonathan Aranda,1998-05-23,"6' 0""",215,27,L,R,1B,72
686823,Will Brennan,1998-02-02,"5' 11""",205,28,L,L,LF,71
679563,José Rodríguez,2001-05-13,"5' 10""",200,24,R,R,SS,70
682073,David Hensley,1996-03-28,"6' 6""",219,30,R,R,OF,78
685084,Jordan Brewer,1997-08-01,"6' 0""",204,28,R,L,CF,72
682204,Logan Brown,1996-09-14,"6' 0""",195,29,L,R,C,72
680869,Zack Gelof,1999-10-19,"6' 2""",205,26,R,R,CF,74
687626,Simon Whiteman,1997-01-28,"5' 10""",165,29,R,R,SS,70
672517,Johan Lopez,2000-07-28,"5' 11""",167,25,R,R,IF,71
663529,AJ Lee,1997-05-26,"6' 0""",200,28,R,R,SS,72
669208,Ryan Bliss,1999-12-13,"5' 7""",165,26,R,R,2B,67
679754,Alberto Rodriguez,2000-10-06,"5' 11""",227,25,L,L,OF,71
663584,Hayden Senger,1997-04-03,"6' 1""",210,29,R,R,C,73
683494,Euribiel Angeles,2002-05-11,"5' 10""",175,23,R,R,3B,70
678681,Luis Toribio,2000-09-28,"6' 1""",185,25,L,R,SS,73
686527,Dominic Canzone,1997-08-16,"6' 0""",190,28,L,R,RF,72
677942,Blaze Alexander,1999-06-11,"5' 11""",200,26,R,R,3B,71
669369,Bryce Johnson,1995-10-27,"5' 11""",190,30,S,R,RF,71
679718,Kyle Lovelace,1998-08-03,"5' 10""",163,27,R,R,C,70
678877,Jhonkensy Noel,2001-07-15,"6' 4""",250,24,R,R,RF,76
678489,Jorge Barrosa,2001-02-17,"5' 6""",165,25,S,L,LF,66
678760,Eddys Leonard,2000-11-10,"5' 10""",201,25,R,R,SS,70
691184,Dauri Lorenzo,2002-10-29,"5' 10""",186,23,S,R,SS,70
663944,Cody Roberts,1996-06-16,"6' 0""",195,29,R,R,C,72
681159,Ethan Wilson,1999-11-07,"6' 1""",210,26,L,L,OF,73
686551,Christian Cairo,2001-06-11,"5' 8""",185,24,R,R,SS,68
687462,Spencer Horwitz,1997-11-14,"5' 10""",204,28,L,R,1B,70
683766,Christian Koss,1998-01-27,"6' 1""",185,28,R,R,2B,73
657562,Patrick Dorrian,1996-06-26,"6' 1""",188,29,L,R,2B,73
683172,Joe Naranjo,2001-05-11,"5' 10""",205,24,L,L,1B,70
682695,Yohander Martinez,2002-01-08,"5' 10""",175,24,R,R,SS,70
665839,Enmanuel Valdez,1998-12-28,"5' 8""",202,27,L,R,1B,68
702416,Leosdany Molina,2000-01-09,"6' 0""",182,26,R,R,IF,72
676073,Scott Schreiber,1995-10-13,"6' 3""",230,30,R,R,OF,75
690571,Peter Zimmermann,1997-07-08,"6' 3""",225,28,R,R,1B,75
678592,Rainier Rivas,2001-06-29,"6' 3""",220,24,L,L,OF,75
672760,Nerio Rodriguez,1999-09-21,"6' 0""",230,26,R,R,C,72
666776,Ramiro Rodriguez,1998-02-02,"5' 10""",145,28,L,L,LF,70
680779,Henry Davis,1999-09-21,"5' 11""",225,26,R,R,C,71
681334,Justin Williams,2000-06-26,"6' 1""",215,25,R,R,3B,73
691183,Kevin Made,2002-09-10,"5' 11""",160,23,R,R,SS,71
687859,Troy Johnston,1997-06-22,"5' 11""",206,28,L,L,RF,71
672478,Jordan Diaz,2000-08-13,"5' 9""",175,25,R,R,2B,69
691466,Juan Santander,2002-12-09,"6' 2""",265,23,R,R,C,74
672744,Alexander Canario,2000-05-07,"6' 0""",215,25,R,R,LF,72
678882,Ceddanne Rafaela,2000-09-18,"5' 10""",165,25,R,R,CF,70
677800,Wilyer Abreu,1999-06-24,"5' 10""",215,26,L,L,RF,70
673476,Norel González,1994-06-26,"6' 1""",240,31,L,R,OF,73
665972,Yeuris Ramirez,1998-11-28,"6' 0""",170,27,R,R,SS,72
676280,Tyler Dearden,1998-07-06,"6' 2""",185,27,L,R,LF,74
667521,Johnny Rizer,1996-11-07,"6' 0""",192,29,L,L,OF,72
687382,Chad Bell,1997-03-04,"6' 2""",210,29,L,R,3B,74
685313,Elijah Dunham,1998-05-29,"5' 11""",220,27,L,L,OF,71
685744,Kenedy Corona,2000-03-21,"5' 10""",189,26,R,R,CF,70
681481,Kerry Carpenter,1997-09-02,"6' 1""",220,28,L,R,RF,73
666524,Cristian Perez,1998-10-26,"5' 10""",170,27,R,R,SS,70
701634,Connor Kokx,2000-02-24,"6' 0""",195,26,R,R,OF,72
696264,Tyler Whitaker,2002-08-02,"6' 2""",190,23,R,R,OF,74
678218,Brandon Valenzuela,2000-10-02,"6' 0""",225,25,S,R,C,72
657010,Madison Stokes,1996-04-25,"6' 2""",200,30,R,R,SS,74
680672,Luke Waddell,1998-07-13,"5' 7""",180,27,L,R,SS,67
682685,Cristian Gonzalez,2001-10-22,"6' 4""",210,24,R,R,SS,76
660681,Leandro Cedeño,1998-08-22,"6' 2""",264,27,R,R,1B,74
691478,Richi Gonzalez,2002-12-29,"6' 3""",182,23,R,R,RF,75
681488,Logan Cerny,1999-09-28,"6' 1""",185,26,R,R,CF,73
688403,Michael Sandle,1998-09-21,"5' 9""",200,27,R,R,OF,69
681146,Jonah Bride,1995-12-27,"5' 11""",200,30,R,R,3B,71
657212,Evan Edwards,1997-06-21,"6' 0""",200,28,L,L,1B,72
665091,Delvin Zinn,1997-05-29,"5' 10""",170,28,R,R,2B,70
680881,Niko Hulsizer,1997-02-01,"6' 1""",225,29,R,R,OF,73
695758,Hector Nieves,2003-07-08,"6' 2""",185,22,L,R,SS,74
671495,Channy Ortiz,1999-04-11,"5' 10""",165,27,S,R,SS,70
670919,Luis Santana,1999-07-20,"5' 8""",196,26,R,R,2B,68
688869,Justin Dirden,1997-07-16,"6' 3""",209,28,L,R,RF,75
678849,Rolando Espinosa,2001-01-05,"5' 10""",177,25,R,R,SS,70
690702,Roby Enriquez,1997-03-21,"6' 0""",210,29,L,L,RF,72
665846,Jesús Bastidas,1998-09-14,"5' 8""",188,27,R,R,SS,68
687957,Dustin Harris,1999-07-08,"6' 2""",185,26,L,R,LF,74
669326,Bryce Teodosio,1999-06-18,"6' 2""",220,26,R,L,LF,74
691277,Deyvison De Los Santos,2003-06-21,"6' 1""",185,22,R,R,1B,73
682692,Miguel Palma,2002-01-04,"5' 8""",170,24,R,R,C,68
681370,Hudson Haskin,1998-12-31,"6' 0""",200,27,R,R,OF,72
682504,Leonardo Seminati,1999-01-02,"6' 2""",210,27,R,R,1B,74
686977,Bradlee Beesley,1998-02-21,"5' 10""",180,28,R,R,OF,70
663503,Elih Marrero,1997-06-21,"5' 7""",185,28,S,R,C,67
678689,Neyfy Castillo,2001-03-02,"6' 2""",175,25,R,R,SS,74
678021,Nicholas Northcut,1999-06-13,"5' 10""",206,26,R,R,3B,70
682868,Bryan Ramos,2002-03-12,"6' 2""",225,24,R,R,3B,74
693049,Oscar Colás,1998-09-17,"6' 0""",230,27,L,L,RF,72
656282,Grayson Byrd,1996-06-16,"6' 3""",205,29,L,R,IF,75
663891,Nelson Maldonado,1996-08-13,"5' 9""",195,29,R,R,OF,69
685087,Jordan Nwogu,1999-03-10,"6' 2""",230,27,R,R,OF,74
683357,Owen Caissie,2002-07-08,"6' 4""",190,23,L,R,RF,76
690992,Ed Howard,2002-01-28,"6' 1""",185,24,R,R,SS,73
681047,Christian Franklin,1999-11-30,"5' 9""",195,26,R,R,LF,69
666632,Yonathan Perlaza,1998-11-10,"5' 9""",170,27,S,R,2B,69
694208,Moisés Ballesteros,2003-11-08,"5' 8""",195,22,L,R,C,68
682196,Miguel Pabon,2000-08-30,"5' 9""",165,25,R,R,C,69
684712,Wilber Sanchez,2002-02-21,"5' 10""",160,24,R,R,SS,70
689047,Jacob Wetzel,2000-03-26,"5' 10""",215,26,L,L,CF,70
660741,Edwin Figuera,1997-09-02,"5' 10""",160,28,R,R,SS,70
673045,Josue Huma,2000-03-17,"5' 11""",175,26,S,R,SS,71
686781,Brandon Lewis,1998-10-23,"6' 2""",222,27,R,R,3B,74
688682,Cooper Bowman,2000-01-25,"6' 1""",205,26,R,R,2B,73
677295,Micah Bello,2000-07-21,"5' 10""",165,25,R,R,OF,70
682192,Paul McIntosh,1997-11-20,"5' 10""",220,28,R,R,C,70
666177,Carter Aldrete,1997-10-12,"6' 1""",205,28,R,R,2B,73
669398,Gage Workman,1999-10-24,"6' 4""",202,26,L,R,3B,76
680785,J.D. Orr,1996-09-11,"5' 10""",185,29,L,L,CF,70
691262,Reginald Preciado,2003-05-16,"6' 3""",185,22,R,R,SS,75
695578,James Wood,2002-09-17,"6' 6""",234,23,L,R,RF,78
679733,Raimfer Salinas,2000-12-31,"5' 11""",175,25,R,R,RF,71
680474,Max Schuemann,1997-06-11,"6' 0""",198,28,R,R,3B,72
676722,Marcus Chiu,1997-01-13,"6' 2""",208,29,R,R,2B,74
702331,Noah Mendlinger,2000-08-09,"5' 7""",180,25,L,R,3B,67
681862,Matt Pita,1997-04-21,"5' 8""",175,29,R,R,OF,68
691410,Jose Devers,2003-05-17,"5' 10""",173,22,R,R,SS,70
676827,JJ Muno,1993-12-21,"5' 10""",190,32,L,R,SS,70
682657,Angel Martínez,2002-01-27,"5' 11""",200,24,S,R,LF,71
679788,Jack Rogers,1999-04-05,"6' 0""",205,27,L,L,LF,72
673893,Trevor Schwecke,1997-12-18,"6' 1""",185,28,R,R,SS,73
676075,Abdiel Layer,1998-08-09,"6' 2""",170,27,R,R,SS,74
680418,Tyler Cropley,1995-12-10,"5' 9""",185,30,R,R,C,69
680756,Mat Nelson,1999-01-14,"5' 11""",209,27,R,R,C,71
669377,Michael Gigliotti,1996-02-14,"6' 0""",180,30,L,L,OF,72
686659,Julian Escobedo,1998-06-10,"6' 0""",190,27,L,L,CF,72
680718,Addison Barger,1999-11-12,"5' 11""",210,26,L,R,RF,71
670394,Ryan Gold,1997-10-10,"5' 10""",215,28,L,R,C,70
682829,Elly De La Cruz,2002-01-11,"6' 6""",200,24,S,R,SS,78
687799,Cade Marlowe,1997-06-24,"5' 11""",210,28,L,R,OF,71
656369,Alex Destino,1995-10-24,"6' 2""",215,30,L,L,OF,74
695490,Edwin Arroyo,2003-08-25,"5' 11""",173,22,S,R,SS,71
666638,J.V. Martinez,1998-11-08,"6' 0""",219,27,R,R,3B,72
672012,Tyler Black,2000-07-26,"6' 0""",208,25,L,R,3B,72
676509,Josh Crouch,1998-12-07,"6' 0""",200,27,R,R,C,72
679734,Julio Carreras,2000-01-12,"6' 2""",190,26,R,R,3B,74
696281,Wyatt Young,1999-12-05,"5' 6""",160,26,L,R,SS,66
695744,Ian Moller,2002-10-26,"6' 0""",190,23,R,R,C,72
687997,Garrett Hiott,1997-07-07,"5' 11""",175,28,L,R,CF,71
681715,Heriberto Hernández,1999-12-16,"5' 11""",195,26,R,R,LF,71
673548,Seiya Suzuki,1994-08-18,"5' 11""",182,31,R,R,RF,71
689909,Jadiel Sanchez,2001-05-10,"6' 2""",185,24,S,R,OF,74
688410,Hunter Markwardt,1997-08-22,"6' 1""",185,28,L,L,CF,73
672823,Sebastian Espino,2000-05-29,"6' 3""",176,25,R,R,P,75
687518,Patrick Frick,1997-02-14,"6' 0""",200,29,R,R,SS,72
676762,Frankie Tostado,1998-03-31,"6' 1""",205,28,L,L,RF,73
667663,Hunter Stovall,1996-09-05,"5' 6""",170,29,R,R,2B,66
686681,Michael Massey,1998-03-22,"6' 0""",195,28,L,R,2B,72
678837,Bladimir Restituyo,2001-07-02,"6' 0""",151,24,R,R,SS,72
689070,Spencer Packard,1997-10-12,"5' 11""",210,28,L,R,OF,71
695603,Benny Montgomery,2002-09-09,"6' 5""",200,23,R,R,OF,77
669899,Ryan Ward,1998-02-23,"5' 10""",200,28,L,R,1B,70
691783,Jordan Lawlar,2002-07-17,"6' 0""",190,23,R,R,LF,72
674441,Jacob Hurtubise,1997-12-11,"5' 11""",180,28,L,R,LF,71
688500,Stephen Paolini,2000-11-23,"6' 1""",195,25,L,L,CF,73
657144,Justin Yurchak,1996-09-17,"6' 0""",204,29,L,R,3B,72
687066,Eric Yang,1998-03-26,"5' 10""",185,28,R,R,C,70
689172,Brett Wisely,1999-05-08,"5' 9""",185,26,L,R,2B,69
687347,Vito Friscia,1996-12-19,"6' 3""",225,29,R,R,C,75
682679,Dayan Frias,2002-06-25,"5' 9""",140,23,S,R,3B,69
681466,James Parker,2000-03-26,"6' 2""",200,26,R,R,SS,74
690443,Mike Antico,1998-02-16,"5' 9""",205,28,L,R,OF,69
676847,Shane Matheny,1996-06-05,"6' 1""",205,29,L,R,3B,73
682947,Jose Ramos,2001-01-01,"6' 0""",200,25,R,R,CF,72
675528,Victor Nova,2000-01-06,"5' 11""",194,26,L,R,SS,71
673983,Josh Bissonette,1996-11-01,"5' 10""",185,29,R,R,2B,70
669898,Andrew Daschbach,1997-10-22,"6' 3""",225,28,R,R,1B,75
669360,Trei Cruz,1998-07-05,"6' 0""",204,27,S,R,CF,72
676356,Jonny DeLuca,1998-07-10,"5' 10""",195,27,R,R,RF,70
683500,Maikol Escotto,2002-06-04,"5' 11""",180,23,R,R,SS,71
682515,Logan Porter,1995-07-12,"5' 11""",212,30,R,R,C,71
694070,Yhoswar Garcia,2001-09-13,"5' 9""",150,24,R,R,CF,69
695595,Cody Orr,1999-04-02,"6' 2""",212,27,R,R,OF,74
681143,Kyle Kasser,1995-10-12,"5' 10""",191,30,L,R,SS,70
686673,Will Bartlett,2001-02-02,"6' 2""",215,25,R,R,1B,74
694812,Tyler McDonough,1999-04-02,"5' 8""",180,27,S,R,2B,68
695336,Thomas Saggese,2002-04-10,"5' 10""",185,24,R,R,LF,70
682796,Eddinson Paulino,2002-07-02,"5' 10""",155,23,L,R,3B,70
691186,Arol Vera,2002-09-12,"6' 2""",230,23,S,R,SS,74
687019,Andrés Alvarez,1997-03-29,"5' 8""",175,29,R,R,SS,68
592714,Josh Sale,1991-07-05,"5' 11""",215,34,L,R,LF,71
668876,Zach Humphreys,1997-10-09,"5' 9""",195,28,R,R,C,69
682183,Drew Avans,1996-06-13,"5' 9""",182,29,L,L,LF,69
687526,Marcus Smith,2000-09-11,"5' 11""",185,25,L,L,CF,71
696100,Hunter Goodman,1999-10-08,"5' 11""",220,26,R,R,C,71
694203,Denzer Guzman,2004-02-08,"6' 1""",190,22,R,R,SS,73
687981,John Rhodes,2000-08-15,"6' 0""",200,25,R,R,OF,72
694388,Joey Loperfido,1999-05-11,"6' 3""",220,26,L,R,LF,75
679628,Jacob Teter,1999-02-26,"6' 4""",225,27,L,L,1B,76
668789,Zach Watson,1997-06-25,"5' 10""",160,28,R,R,CF,70
681941,Jaylen Palmer,2000-07-31,"6' 3""",208,25,R,R,SS,75
671088,Tanner Morris,1997-09-13,"5' 11""",190,28,L,R,SS,71
681323,Alex Binelas,2000-05-26,"6' 2""",225,25,L,R,1B,74
663979,Kyle Datres,1996-01-05,"5' 10""",205,30,R,R,3B,70
701649,James Triantos,2003-01-29,"5' 11""",195,23,R,R,2B,71
669309,Joe Perez,1999-08-12,"6' 2""",198,26,R,R,3B,74
690924,Braxton Fulford,1998-12-09,"5' 10""",205,27,R,R,C,70
670200,Wil Dalton,1997-08-27,"6' 0""",182,28,R,R,CF,72
671732,Lawrence Butler,2000-07-10,"6' 3""",210,25,L,R,RF,75
669069,Cam Cannon,1997-10-16,"5' 10""",205,28,R,R,SS,70
683090,Matthew Lugo,2001-05-09,"6' 0""",190,24,R,R,LF,72
691785,Marcelo Mayer,2002-12-12,"6' 3""",188,23,L,R,2B,75
675455,Milan Tolentino,2001-11-17,"5' 11""",185,24,L,R,SS,71
680518,Zavier Warren,1999-01-08,"5' 11""",215,27,S,R,1B,71
676309,Zach Britton,1998-09-09,"6' 1""",200,27,L,R,C,73
669227,Kendall Simmons,2000-04-11,"6' 0""",180,26,R,R,SS,72
691723,Coby Mayo,2001-12-10,"6' 5""",225,24,R,R,3B,77
694930,Carson Taylor,1999-06-02,"5' 11""",205,26,L,R,1B,71
663544,LJ Talley,1997-05-07,"6' 3""",203,28,L,R,2B,75
672463,Rafael Lantigua,1998-04-28,"5' 7""",153,28,R,R,2B,67
685298,Cade Bunnell,1997-05-14,"5' 11""",190,28,L,R,2B,71
702250,Jared Carr,1999-05-24,"6' 0""",180,26,L,R,OF,72
691777,Max Muncy,2002-08-25,"6' 0""",180,23,R,R,3B,72
683414,Freddy Guilamo,2000-12-10,"5' 11""",160,25,R,R,C,71
678006,Nick Decker,1999-10-02,"6' 0""",207,26,L,L,OF,72
672018,Dasan Brown,2001-09-25,"6' 0""",205,24,R,R,CF,72
680771,Mateo Gil,2000-07-24,"6' 0""",180,25,R,R,SS,72
693850,Kala'i Rosario,2002-07-02,"6' 0""",205,23,R,R,OF,72
691284,Juan Corniel,2002-10-02,"6' 1""",150,23,S,R,SS,73
694374,Tim Tawa,1999-04-07,"5' 11""",196,27,R,R,LF,71
695521,Gavin Conticello,2003-06-11,"6' 3""",195,22,L,R,3B,75
699912,Jose Fernandez,2003-09-22,"6' 3""",165,22,R,R,1B,75
676327,Kyle Marinconz,1996-05-24,"5' 10""",185,29,L,R,SS,70
683389,Danyer Sanabria,2002-03-07,"6' 1""",155,24,L,L,CF,73
677602,Antoni Flores,2000-10-14,"6' 1""",207,25,R,R,SS,73
701778,Jace Avina,2003-06-06,"6' 0""",180,22,R,R,LF,72
678637,Luis Baez,2000-11-23,"5' 11""",170,25,R,R,CF,71
678865,Christopher De La Cruz,2001-03-29,"5' 11""",145,25,L,L,OF,71
694192,Jackson Chourio,2004-03-11,"6' 1""",199,22,R,R,CF,73
678534,Rixon Wingrove,2000-05-23,"6' 4""",260,25,L,R,1B,76
692405,Jeremy Rivas,2003-03-04,"6' 0""",200,23,R,R,SS,72
683447,Gabriel Martinez,2002-07-24,"5' 9""",170,23,R,R,CF,69
692046,Axel Sanchez,2002-12-10,"6' 0""",185,23,R,R,SS,72
696160,Jake Rucker,1999-09-14,"6' 0""",195,26,R,R,3B,72
694206,Daniel Guilarte,2003-10-29,"6' 0""",160,22,R,R,SS,72
682218,Tyler Reichenborn,1998-07-23,"5' 9""",180,27,R,R,CF,69
692497,Estiven Machado,2002-10-04,"5' 9""",170,23,S,R,SS,69
691907,Tsung-Che Cheng,2001-07-26,"5' 8""",180,24,L,R,SS,68
691181,Emmanuel Rodriguez,2003-02-28,"5' 11""",210,23,L,L,CF,71
671913,Damiano Palmegiani,2000-01-24,"6' 0""",195,26,R,R,3B,72
678742,Rainer Nunez,2000-12-04,"6' 3""",180,25,R,R,1B,75
695653,Noah Miller,2002-11-12,"5' 11""",190,23,S,R,SS,71
694976,Osvaldo Tovalin,1999-10-31,"6' 1""",225,26,L,R,3B,73
691789,Izaac Pacheco,2002-11-18,"6' 3""",225,23,L,R,SS,75
700685,Paul Witt,1997-10-29,"5' 11""",170,28,R,R,C,71
694224,Gabriel Gonzalez,2004-01-04,"5' 10""",165,22,R,R,RF,70
682658,Estanli Castillo,2001-10-07,"6' 3""",195,24,R,R,OF,75
691617,Beyker Pastran,2003-04-01,"5' 10""",162,23,R,R,SS,70
694184,Cristian Santana,2003-11-25,"5' 11""",165,22,R,R,SS,71
676278,Willy Yahn,1995-11-07,"5' 11""",185,30,R,R,3B,71
701703,Quinton Low,2002-09-05,"6' 4""",215,23,L,R,P,76
682674,Victor Bericoto,2001-12-03,"6' 1""",210,24,R,R,CF,73
677584,Wilfri Peralta,2000-12-10,"6' 0""",155,25,S,R,SS,72
694213,Yemal Flores,2003-11-22,"5' 11""",206,22,R,R,CF,71
691968,Zion Bannister,2001-09-09,"6' 3""",189,24,S,R,CF,75
680607,Daiwer Castellanos,2000-08-16,"5' 11""",155,25,L,R,OF,71
643534,David Sheaffer,1995-05-09,"6' 2""",170,30,R,R,C,74
691437,Adrian Pinto,2002-09-22,"5' 6""",156,23,R,R,2B,66
673882,Freddvil Chevez,2000-03-13,"6' 4""",200,26,R,R,1B,76
691449,Roberto Campos,2003-06-14,"6' 3""",200,22,R,R,RF,75
699130,Jadher Areinamo,2003-11-28,"5' 9""",160,22,R,R,2B,69
701424,JoJo Blackmon,2003-03-31,"6' 0""",183,23,L,L,OF,72
692416,Christian Cerda,2002-12-27,"6' 1""",190,23,R,R,C,73
702208,Dillon Tatum,2000-05-24,"6' 0""",220,25,R,R,C,72
665989,Shervyen Newton,1999-04-24,"6' 3""",209,27,S,R,SS,75
694200,Ariel Almonte,2003-12-01,"6' 4""",219,22,L,R,OF,76
682631,Eduarqui Fernandez,2001-11-20,"6' 1""",176,24,R,R,OF,73
686742,Leodany Perez,2000-05-13,"5' 10""",160,25,R,R,CF,70
682927,Ronny Simon,2000-04-17,"5' 8""",196,26,S,R,2B,68
674671,Robbie Glendinning,1995-10-06,"6' 0""",196,30,R,R,SS,72
669363,Jacob Gonzalez,1998-06-26,"6' 4""",220,27,R,R,3B,76
680852,Wilfredo Flores,2000-05-14,"5' 8""",170,25,L,R,SS,68
694193,Victor Acosta,2004-06-10,"5' 9""",170,21,S,R,SS,69
684109,Jesus Bugarin,2001-12-02,"5' 9""",180,24,R,R,OF,69
682636,Alejandro Pie,2002-01-31,"6' 4""",175,24,R,R,SS,76
682005,Rusber Estrada,1995-06-05,"6' 0""",216,30,R,R,C,72
692446,Miguel Villarroel,2001-12-23,"5' 11""",165,24,R,R,SS,71
691645,Jefrey De Los Santos,2003-05-30,"6' 0""",154,22,L,R,SS,72
673765,Mason Janvrin,1998-03-03,"6' 2""",180,28,R,R,CF,74
678851,Manuel Garcia,2000-01-28,"6' 1""",170,26,R,R,C,73
687257,Christian Johnson,2001-06-04,"5' 11""",180,24,R,R,CF,71
670237,Jake Slaughter,1996-10-24,"6' 1""",200,29,R,R,SS,73
680636,Ramon Mendoza,2000-08-31,"5' 11""",174,25,R,R,3B,71
676976,Trey Hair,1995-04-21,"5' 10""",185,31,L,R,2B,70
678828,Dereck Salom,2001-02-22,"5' 10""",135,25,R,R,SS,70
691598,Uziel Viloria,2001-10-06,"5' 9""",155,24,S,R,SS,69
672775,Ghordy Santos,1999-09-02,"6' 1""",177,26,S,R,SS,73
695508,Cameron Cauley,2003-02-06,"5' 9""",170,23,R,R,SS,69
686577,Keoni Cavaco,2001-06-02,"6' 0""",195,24,R,R,SS,72
669687,Elvis Peralta,1996-12-07,"5' 9""",160,29,L,R,SS,69
682634,Kevin Alcántara,2002-07-12,"6' 6""",188,23,R,R,RF,78
694760,Jackson Coutts,1998-09-01,"6' 3""",230,27,L,R,1B,75
699114,Leo Balcazar,2004-06-17,"5' 10""",190,21,R,R,SS,70
699115,Carlos Jorge,2003-09-22,"5' 9""",160,22,L,R,SS,69
678747,Robert Gonzalez,2001-06-19,"6' 0""",175,24,R,R,CF,72
680918,Brady Allen,1999-09-03,"6' 0""",218,26,R,L,RF,72
687052,Javeon Cody,1999-07-29,"6' 3""",205,26,R,R,CF,75
677341,Osiris Johnson,2000-10-18,"6' 0""",198,25,R,R,SS,72
687036,Zach Zubia,1997-11-04,"6' 4""",230,28,R,R,1B,76
689763,Kyler Castillo,1997-10-29,"5' 9""",185,28,R,R,RF,69
696135,Kahlil Watson,2003-04-16,"5' 9""",178,23,L,R,LF,69
675961,Alika Williams,1999-03-12,"6' 1""",183,27,R,R,2B,73
691191,Jose Salas,2003-04-26,"6' 0""",191,23,S,R,2B,72
694025,Felix Reyes,2001-03-26,"6' 3""",195,25,R,R,LF,75
683536,Jose Escorche,2002-04-29,"5' 8""",145,24,R,R,SS,68
680589,Felix Valerio,2000-12-26,"5' 5""",165,25,R,R,SS,65
682830,Ilvin Fernandez,2001-09-08,"6' 1""",160,24,R,R,SS,73
671082,Ashton McGee,1998-11-19,"6' 1""",215,27,L,R,2B,73
687020,Mason Auer,2001-03-01,"6' 0""",210,25,R,R,OF,72
689235,Yassel Pino,2001-10-04,"6' 0""",244,24,R,R,3B,72
692036,Andres Mesa,2002-10-16,"5' 11""",170,23,R,R,SS,71
700824,Freylin Minyety,1999-10-22,"5' 7""",185,26,R,R,SS,67
683061,Alexander Vargas,2001-10-29,"5' 11""",184,24,S,R,SS,71
681453,Daneurys De La Cruz,2001-04-27,"5' 10""",160,25,R,R,C,70
663446,Garrett Wolforth,1997-10-13,"6' 2""",220,28,R,R,C,74
682633,Eduardo Garcia,2002-07-10,"6' 3""",206,23,R,R,SS,75
683550,Marcos Cabrera,2001-10-10,"6' 3""",189,24,R,R,SS,75
683735,Will Holland,1998-04-18,"5' 10""",181,28,R,R,SS,70
688359,Deion Walker,2001-08-20,"6' 3""",180,24,R,R,CF,75
694182,Armando Cruz,2004-01-16,"5' 9""",160,22,R,R,SS,69
685096,Scott McKeon,1997-10-30,"6' 0""",185,28,R,R,SS,72
677581,Cesar Idrogo,2001-03-26,"5' 11""",170,25,S,R,C,71
691190,Ismael Mena,2002-11-30,"6' 3""",185,23,L,L,CF,75
694222,Ambioris Tavarez,2003-11-12,"5' 11""",168,22,R,R,SS,71
689328,Ashton Creal,1999-03-23,"6' 1""",205,27,R,R,CF,73
694186,Shalin Polanco,2004-02-06,"6' 0""",168,22,L,L,OF,72
691926,Jeral Toledo,2003-01-22,"5' 10""",135,23,S,R,SS,70
689374,Jake Means,1996-04-14,"6' 0""",215,30,R,R,3B,72
679552,Arturo Guerrero,2000-09-21,"6' 3""",165,25,R,R,CF,75
678413,Alexfri Planez,2001-08-17,"6' 3""",180,24,R,R,OF,75
687136,Spencer Henson,1997-11-03,"6' 0""",235,28,R,R,1B,72
692031,George Feliz,2002-09-21,"5' 10""",160,23,R,R,OF,70
676811,Quincy Nieporte,1994-07-29,"6' 1""",225,31,R,R,1B,73
681333,Dru Baker,2000-03-22,"5' 10""",205,26,R,R,CF,70
685382,Andrew Navigato,1998-05-28,"5' 11""",188,27,R,R,SS,71
668905,Cole Zabowski,1997-11-05,"6' 5""",240,28,L,L,1B,77
694661,Riley Tirotta,1998-08-21,"6' 2""",195,27,R,R,3B,74
672656,Abiezel Ramirez,2000-01-26,"5' 10""",160,26,S,R,SS,70
691021,A.J. Vukovich,2001-07-20,"6' 3""",210,24,R,R,OF,75
668794,Straton Podaras,1997-12-09,"6' 1""",200,28,R,R,C,73
683549,Alexander Mojica,2002-08-02,"6' 1""",250,23,R,R,3B,73
700932,Kyle Manzardo,2000-07-18,"5' 11""",205,25,L,R,1B,71
666635,Jonathan Willems,1998-11-07,"5' 11""",190,27,R,R,3B,71
688658,Ernny Ordonez,1999-01-17,"6' 0""",210,27,R,R,3B,72
703715,Wyatt Hoffman,1999-03-16,"5' 8""",170,27,R,R,SS,68
678682,Skeiling Rodriguez,2001-02-26,"6' 0""",175,25,L,R,OF,72
651016,Matt Lloyd,1996-03-17,"6' 0""",205,30,L,R,3B,72
663555,Beau Brundage,1997-04-29,"6' 3""",170,29,L,R,OF,75
687005,Kellen Strahm,1997-04-25,"6' 0""",215,29,R,R,RF,72
667803,Ernesto Martinez Jr.,1999-06-20,"6' 6""",254,26,L,L,1B,78
689822,Matt Rudick,1998-07-02,"5' 7""",170,27,L,L,OF,67
690841,Matt O'Neill,1997-08-20,"5' 10""",205,28,R,R,C,70
641896,Roy Morales,1995-06-25,"6' 2""",195,30,R,R,C,74
687952,Christian Encarnacion-Strand,1999-12-01,"6' 1""",224,26,R,R,1B,73
680685,Ryder Green,2000-05-05,"6' 0""",200,26,R,R,OF,72
683469,Warren Saunders,1998-12-15,"6' 1""",205,27,R,R,SS,73
672692,Jose Peroza,2000-06-15,"6' 1""",221,25,R,R,3B,73
672479,Aldenis Sanchez,1998-09-26,"6' 0""",165,27,R,R,OF,72
686981,Brenden Dixon,2000-11-20,"5' 11""",205,25,R,R,SS,71
679821,Rowdey Jordan,1999-01-27,"5' 10""",190,27,R,R,2B,70
667472,Dane Myers,1996-03-08,"6' 0""",205,30,R,R,CF,72
656560,Jordan Howard,1996-02-25,"5' 11""",160,30,S,R,2B,71
682630,Alvin Guzman,2001-10-20,"6' 1""",166,24,R,R,P,73
669442,Alerick Soularie,1999-07-05,"6' 0""",175,26,R,R,OF,72
683593,Dariel Lopez,2002-02-07,"6' 1""",183,24,R,R,SS,73
691267,Alex Ramírez,2003-01-13,"6' 4""",170,23,R,R,OF,76
679741,Wilderd Patiño,2001-07-18,"6' 1""",175,24,R,R,CF,73
665966,Carlos Narváez,1998-11-26,"5' 11""",190,27,R,R,C,71
699393,Pedro Ramírez,2004-04-01,"5' 9""",165,22,S,R,2B,69
672016,Denzel Clarke,2000-05-01,"6' 3""",220,26,R,R,CF,75
679739,Jose Guzman,2000-09-15,"5' 11""",182,25,S,R,SS,71
685301,Matt Gorski,1997-12-22,"6' 2""",220,28,R,R,1B,74
657029,McCarthy Tatum,1996-05-15,"6' 3""",210,29,R,R,3B,75
666161,Nick Quintana,1997-10-13,"5' 10""",180,28,R,R,3B,70
691285,Junior Franco,2002-09-13,"5' 9""",165,23,L,L,OF,69
694191,Pedro Pineda,2003-09-06,"6' 1""",170,22,R,R,CF,73
674330,Zac Cook,1998-04-29,"6' 0""",195,28,L,R,OF,72
695020,Tanner Murray,1999-09-03,"6' 1""",190,26,R,R,LF,73
665856,Jair Camargo,1999-07-01,"5' 10""",230,26,R,R,C,70
670199,Quin Cotton,1998-03-31,"5' 11""",200,28,R,R,CF,71
681357,Cody Morissette,2000-01-16,"6' 0""",190,26,L,R,SS,72
686887,Chris Givin,1997-03-21,"6' 2""",185,29,R,R,SS,74
687833,Shayne Fontana,1997-06-21,"6' 1""",195,28,L,L,CF,73
666140,Brandon McIlwain,1998-05-31,"6' 0""",205,27,R,R,OF,72
682729,Jonatan Clase,2002-05-23,"5' 10""",150,23,S,R,LF,70
677731,Francisco Hernandez,1999-10-08,"5' 11""",190,26,R,R,3B,71
674646,Tucker Bradley,1998-05-06,"5' 10""",206,28,L,L,OF,70
694929,Gus Steiger,1999-04-20,"5' 11""",185,27,R,R,SS,71
668698,Todd Lott,1997-08-22,"6' 3""",235,28,R,R,OF,75
693409,César Prieto,1999-05-10,"5' 9""",195,26,L,R,2B,69
686984,Marcus Lee Sang,2001-01-02,"5' 11""",200,25,L,L,CF,71
672858,Edwin Mateo,1998-11-18,"5' 9""",160,27,S,L,OF,69
702332,Caleb Durbin,2000-02-22,"5' 6""",183,26,R,R,3B,66
693309,Isaiah Greene,2001-08-29,"6' 0""",180,24,L,L,OF,72
691261,Jose Pastrano,2002-09-12,"5' 9""",145,23,S,R,SS,69
682714,Yoander Rivero,2001-11-22,"5' 9""",155,24,R,R,2B,69
666397,Edouard Julien,1999-04-30,"6' 1""",195,27,L,R,2B,73
678372,Sebastian Almonte,1999-10-22,"6' 0""",185,26,R,R,IF,72
691020,Carson Tucker,2002-01-24,"6' 1""",180,24,R,R,SS,73
668742,Harrison Ray,1998-01-11,"6' 0""",200,28,R,R,2B,72
667828,Wilmer Reyes,1997-12-22,"6' 0""",161,28,R,R,SS,72
670116,Evan Alexander,1998-02-26,"6' 2""",175,28,L,L,LF,74
687823,Aaron Shackelford,1996-10-16,"5' 9""",215,29,L,R,SS,69
670210,Branden Fryman,1998-03-16,"6' 1""",176,28,R,R,SS,73
696285,Jacob Young,1999-07-27,"5' 11""",192,26,R,R,CF,71
672357,Jordy Barley,1999-12-03,"5' 11""",175,26,R,R,SS,71
672696,Francisco Acuna,2000-01-12,"5' 7""",150,26,R,R,SS,67
687749,Jase Bowen,2000-09-02,"6' 0""",215,25,R,R,CF,72
691797,Ryan Spikes,2003-03-13,"5' 9""",185,23,R,R,2B,69
663858,Antoine Duplantis,1996-09-05,"5' 11""",180,29,L,L,OF,71
695670,Harry Ford,2003-02-21,"5' 10""",200,23,R,R,C,70
692368,Adrián Sugastey,2002-10-23,"6' 0""",213,23,R,R,C,72
676803,Connor Hoover,1996-07-18,"5' 10""",185,29,L,R,SS,70
694497,Evan Carter,2002-08-29,"6' 2""",190,23,L,R,CF,74
702478,Justin Guerrera,2000-01-11,"5' 9""",185,26,R,R,SS,69
683297,Landy Pena,2001-11-06,"6' 1""",180,24,S,R,SS,73
666906,Jake Alu,1997-04-06,"5' 10""",195,29,L,R,3B,70
689288,Matt Koperniak,1998-02-08,"6' 0""",208,28,L,R,LF,72
670106,Cole Freeman,1994-09-27,"5' 9""",175,31,R,R,2B,69
666196,Thomas Jones,1997-12-09,"6' 3""",220,28,R,R,CF,75
663923,Brendt Citta,1996-07-12,"6' 2""",180,29,R,R,OF,74
701496,Ben Cowles,2000-02-15,"6' 1""",180,26,R,R,3B,73
668792,Pat DeMarco,1998-03-10,"5' 9""",192,28,R,R,CF,69
682616,Diego Cartaya,2001-09-07,"6' 1""",217,24,R,R,C,73
686958,Jose Torres,1999-09-28,"5' 11""",171,26,R,R,SS,71
680671,Michael Guldberg,1999-06-22,"5' 10""",171,26,R,R,OF,70
678596,Yorlis Rodriguez,1999-07-20,"6' 0""",190,26,R,R,SS,72
678854,Viandel Pena,2000-11-22,"5' 7""",148,25,S,R,2B,67
670231,John Rave,1997-12-30,"5' 10""",194,28,L,L,RF,70
687705,Ike Freeman,1998-06-17,"5' 10""",195,27,R,R,SS,70
701120,Carson Matthews,2000-01-27,"5' 10""",180,26,R,R,SS,70
686759,TJ Hopkins,1997-01-16,"6' 1""",195,29,R,R,CF,73
678860,Oscar Gonzalez,2000-11-21,"6' 0""",184,25,R,R,C,72
683610,Leandro Pineda,2002-06-04,"6' 3""",165,23,L,L,OF,75
678521,Chris Burke,2001-08-16,"5' 10""",180,24,L,R,C,70
680858,Albert Jerez,2001-05-18,"6' 2""",165,24,R,R,SS,74
680579,Stir Candelario,2000-09-03,"6' 0""",185,25,R,R,OF,72
691910,Randy Vasquez,2002-12-16,"5' 11""",170,23,L,R,SS,71
680642,Darlin Moquete,1999-09-19,"5' 9""",175,26,R,R,OF,69
695491,Joshua Báez,2003-06-28,"6' 3""",220,22,R,R,RF,75
683364,Carlos Dominguez,1999-10-11,"5' 11""",190,26,R,R,OF,71
682844,Lazaro Benitez,1999-10-15,"5' 10""",190,26,R,R,OF,70
700840,Christian Olivo,2003-10-29,"5' 9""",168,22,R,R,SS,69
677623,Sander Mora,2001-02-23,"5' 9""",155,25,R,R,SS,69
702328,Wade Stauss,1999-04-04,"6' 1""",225,27,L,R,C,73
669460,Kingston Liniak,1999-11-11,"6' 2""",200,26,R,R,OF,74
684081,Erick Brito,2002-05-25,"5' 9""",134,23,R,R,SS,69
692489,Angel Del Rosario,2003-01-11,"6' 0""",160,23,R,R,LF,72
676085,Colby Fitch,1995-07-27,"5' 11""",215,30,L,R,C,71
685332,Carlos Mendoza,1999-12-14,"5' 6""",165,26,L,R,2B,66
682452,Cesar Berbesi,2000-04-13,"5' 9""",160,26,L,R,SS,69
677597,Roberto Chirinos,2000-09-08,"5' 10""",172,25,R,R,SS,70
699052,Manuel Mejias,2004-06-13,"5' 7""",166,21,S,R,C,67
672850,Jorge Caballero,2000-01-10,"6' 0""",170,26,R,R,OF,72
694202,Manuel Beltre,2004-06-09,"5' 10""",155,21,R,R,SS,70
685300,Grant Richardson,1999-07-13,"6' 0""",210,26,L,L,OF,72
680586,Reidy Mercado,2001-01-06,"5' 11""",153,25,S,R,CF,71
695078,Jean Walters,2001-08-13,"5' 11""",155,24,S,R,2B,71
694194,Miguel Bleis,2004-03-01,"6' 0""",170,22,R,R,RF,72
677583,Marlin Made,2001-04-16,"5' 10""",165,25,L,L,OF,70
676021,Luis Santos,2000-01-04,"5' 6""",160,26,R,R,SS,66
673036,Miguel Perez,2000-08-21,"6' 1""",170,25,R,R,SS,73
677620,Adanson Cruz,2000-10-06,"6' 0""",175,25,R,R,OF,72
702461,Kay-Lan Nicasia,2002-04-10,"5' 11""",176,24,S,R,OF,71
687086,Jordan Brown,2001-09-09,"6' 3""",185,24,R,R,SS,75
688392,Terence Doston,2000-09-22,"5' 10""",160,25,L,R,CF,70
699144,Luis Ravelo,2003-11-05,"6' 1""",187,22,S,R,SS,73
684525,Darel Belen,2000-05-21,"6' 4""",204,25,R,R,OF,76
691370,Juan Chacon,2002-12-04,"6' 1""",171,23,R,R,RF,73
692564,Johnfrank Salazar,2003-08-05,"6' 1""",159,22,R,R,3B,73
702476,Noah Williamson,2000-08-23,"6' 3""",220,25,R,R,OF,75
677307,Alex Guerrero,2000-03-10,"6' 0""",185,26,L,R,C,72
677041,Jake Boone,1999-03-23,"6' 0""",185,27,R,R,SS,72
678690,Carlos Aguiar,2001-08-28,"6' 3""",175,24,L,L,CF,75
694181,Carlos Colmenarez,2003-11-15,"5' 9""",172,22,L,R,SS,69
694183,Cristian Hernández,2003-12-13,"6' 2""",200,22,R,R,SS,74
683451,Jesus Parra,2002-08-30,"6' 2""",184,23,R,R,3B,74
672766,Albert Suarez,1999-11-30,"5' 11""",150,26,L,R,SS,71
680995,Jaden Fein,2000-08-15,"6' 3""",205,25,R,R,OF,75
691387,Diego Viloria,2003-02-23,"5' 10""",165,23,R,R,C,70
678315,Rodolfo Bone,2000-03-22,"5' 10""",195,26,R,R,C,70
695707,Brennon McNair,2002-09-15,"5' 11""",185,23,R,R,SS,71
682793,Bryan Gonzalez,2001-09-18,"6' 1""",220,24,R,R,OF,73
699157,Ahbram Liendo,2004-02-01,"5' 7""",170,22,R,R,2B,67
691408,Maick Collado,2002-12-24,"5' 11""",185,23,S,R,SS,71
681724,Daniel Aguilar,2000-09-16,"5' 8""",175,25,L,L,OF,68
692043,Edryn Rodriguez,2003-04-23,"5' 8""",150,23,R,R,SS,68
694218,Yeison Morrobel,2003-12-08,"6' 1""",170,22,L,L,OF,73
656472,Jakob Goldfarb,1996-06-23,"6' 2""",210,29,L,R,C,74
691193,Patrick Merino,1998-08-13,"6' 2""",220,27,R,R,OF,74
676513,Joab Gonzalez,1999-12-02,"5' 11""",175,26,R,R,SS,71
702472,Austin Callahan,2001-06-06,"6' 1""",215,24,L,R,3B,73
683493,William Lugo,2002-01-02,"6' 3""",215,24,R,R,SS,75
695805,Landon Dieterich,1998-05-05,"6' 5""",225,28,R,R,RF,77
676549,Jamal O'Guinn,1999-01-19,"6' 4""",220,27,R,R,OF,76
682725,Cristhian Rodriguez,2001-12-23,"6' 3""",160,24,L,R,SS,75
695940,Bryan Serra,1998-09-07,"5' 10""",173,27,L,R,2B,70
691399,Braylin Minier,2003-06-11,"6' 0""",160,22,L,R,SS,72
682705,Yeuri Amparo,2001-09-25,"6' 2""",170,24,R,R,OF,74
687493,Luke Brown,1999-03-12,"5' 10""",195,27,L,R,OF,70
691385,Ronald Rosario,2003-01-01,"5' 11""",175,23,R,R,C,71
676950,David MacKinnon,1994-12-15,"6' 2""",200,31,R,R,1B,74
621237,José Alvarado,1995-05-21,"6' 2""",245,30,L,L,P,74
502085,David Robertson,1985-04-09,"5' 11""",195,41,R,R,P,71
673237,Yainer Diaz,1998-09-21,"5' 11""",195,27,R,R,C,71
677008,Heston Kjerstad,1999-02-12,"6' 2""",215,27,L,R,LF,74
701162,Ben Malgeri,2000-01-12,"6' 1""",215,26,R,R,OF,73
802355,Tanner Schobel,2001-06-04,"5' 8""",170,24,R,R,SS,68
681393,Connor Norby,2000-06-08,"5' 10""",180,25,R,R,1B,70
681400,Danny Serretti,2000-05-07,"6' 0""",195,25,S,R,IF,72
669477,Casey Schmitt,1999-03-01,"6' 0""",215,27,R,R,1B,72
668882,Mikey Perez,1999-08-24,"5' 11""",185,26,R,R,SS,71
694185,Danny De Andrade,2004-04-10,"5' 11""",190,22,R,R,SS,71
663660,Jack Conley,1997-01-16,"6' 1""",190,29,R,R,C,73
805346,Ben Ross,2001-06-06,"6' 0""",180,24,R,R,SS,72
671976,Tristan Peters,2000-02-29,"6' 0""",180,26,L,R,CF,72
702616,Jackson Holliday,2003-12-04,"5' 11""",200,22,L,R,2B,71
663536,Tristin English,1997-05-14,"6' 2""",208,28,R,R,OF,74
686490,Cam Eden,1998-03-31,"6' 1""",205,28,R,R,CF,73
686452,Drew Millas,1998-01-15,"6' 0""",204,28,S,R,C,72
690448,Mike Jarvis,1998-05-12,"5' 10""",180,27,R,R,SS,70
702358,Trey Lipscomb,2000-06-14,"6' 2""",202,25,R,R,3B,74
682239,Luke Ritter,1997-02-15,"6' 0""",187,29,R,R,2B,72
667690,C.J. Stubbs,1996-11-12,"6' 2""",207,29,R,R,C,74
683481,Nerwilian Cedeño,2002-03-16,"6' 0""",175,24,S,R,3B,72
682997,Tyler Callihan,2000-06-22,"5' 11""",205,25,L,R,LF,71
695299,Terrell Tatum,1999-07-27,"5' 11""",167,26,L,L,OF,71
681134,Caleb Roberts,2000-02-09,"6' 1""",195,26,L,R,OF,73
805672,Collin Price,1999-11-15,"6' 4""",225,26,R,R,C,76
683748,Victor Mesa Jr.,2001-09-08,"5' 11""",195,24,L,L,CF,71
694376,Shay Whitcomb,1998-09-28,"6' 0""",202,27,R,R,3B,72
682668,Luisangel Acuña,2002-03-12,"5' 7""",181,24,R,R,CF,67
703245,Andres Sosa,1997-11-07,"5' 9""",210,28,R,R,C,69
800198,Cristofer Torin,2005-05-26,"5' 9""",155,20,R,R,SS,69
679663,Stephen Scott,1997-05-23,"5' 10""",205,28,L,R,OF,70
665940,Moisés Castillo,1999-07-14,"6' 0""",170,26,R,R,SS,72
689651,Phillip Sikes,1999-04-27,"6' 0""",190,27,R,R,OF,72
682707,Jeremy De La Rosa,2002-01-16,"6' 0""",215,24,L,L,CF,72
689456,Austin Murr,1999-01-26,"6' 1""",218,27,L,L,LF,73
687263,Zach Neto,2001-01-31,"5' 11""",185,25,R,R,SS,71
665998,Ismael Munguia,1998-10-19,"5' 8""",158,27,L,L,LF,68
687394,Jack Brannigan,2001-03-11,"6' 0""",201,25,R,R,SS,72
805300,Jakob Marsee,2001-06-28,"6' 0""",180,24,L,L,CF,72
688832,Carter Williams,1998-01-14,"6' 3""",210,28,L,R,OF,75
691269,Adrian Placencia,2003-06-02,"5' 11""",184,22,S,R,SS,71
686482,Logan Driscoll,1997-11-03,"5' 11""",225,28,L,R,C,71
668853,Austin Shenton,1998-01-22,"6' 0""",205,28,L,R,1B,72
682650,Malcom Nuñez,2001-03-09,"6' 0""",205,25,R,R,1B,72
694359,Niko Kavadas,1998-10-27,"5' 11""",235,27,L,R,1B,71
687363,Victor Scott II,2001-02-12,"5' 10""",190,25,L,L,CF,70
691026,Masyn Winn,2002-03-21,"5' 9""",185,24,R,R,SS,69
687659,Kaden Polcovich,1999-02-21,"5' 8""",185,27,S,R,2B,68
691176,Jasson Domínguez,2003-02-07,"5' 9""",218,23,S,R,LF,69
694351,Jacob Berry,2001-05-05,"5' 11""",212,25,S,R,3B,71
690993,Colt Keith,2001-08-14,"6' 2""",211,24,L,R,3B,74
700337,Edgar Quero,2003-04-06,"5' 10""",205,23,S,R,C,70
694355,Tyler Gentry,1999-02-01,"6' 1""",210,27,R,R,OF,73
682818,Yohendrick Piñango,2002-05-07,"5' 10""",170,23,L,L,LF,70
701678,Hao-Yu  Lee,2003-02-03,"5' 9""",190,23,R,R,3B,69
685127,Alex McGarry,1998-05-11,"6' 1""",213,27,L,L,1B,73
686475,Tyler Tolbert,1998-01-27,"5' 10""",185,28,R,R,LF,70
672596,Robert Perez Jr.,2000-06-26,"6' 1""",170,25,R,R,LF,73
692585,Yanquiel Fernández,2003-01-01,"6' 2""",198,23,L,L,RF,74
691740,Daniel Susac,2001-05-14,"6' 5""",210,24,R,R,C,77
670223,Matt Mervis,1998-04-16,"6' 2""",225,28,L,R,1B,74
686797,Brooks Lee,2001-02-14,"6' 0""",205,25,S,R,SS,72
682618,Misael Urbina,2002-04-26,"5' 11""",190,24,R,R,OF,71
687597,Jordan Beck,2001-04-19,"6' 2""",227,25,R,R,LF,74
802407,Joe Lampe,2000-12-05,"5' 11""",185,25,L,R,OF,71
689200,Jacob Melton,2000-09-07,"6' 2""",208,25,L,L,LF,74
669234,Justyn-Henry Malloy,2000-02-19,"6' 0""",212,26,R,R,RF,72
673901,Vaun Brown,1998-06-23,"6' 0""",215,27,R,R,OF,72
682877,Juan Brito,2001-09-24,"6' 0""",202,24,S,R,2B,72
666165,Blake Sabol,1998-01-07,"6' 4""",225,28,L,R,C,76
693459,Kyler Fedko,1999-09-21,"6' 0""",215,26,R,R,OF,72
801442,Jack Pineda,1999-08-10,"5' 8""",170,26,L,R,SS,68
676288,Baron Radcliff,1999-02-09,"6' 4""",228,27,L,R,OF,76
702409,Jorge Ruiz,2004-06-30,"5' 10""",164,21,L,L,OF,70
686989,James Free,1998-04-14,"6' 1""",205,28,S,R,C,73
682646,Jairo Pomares,2000-08-04,"6' 0""",185,25,L,R,CF,72
689880,Myles Emmerson,1998-05-15,"5' 11""",185,27,R,R,C,71
691024,Cayden Wallace,2001-08-07,"6' 0""",205,24,R,R,3B,72
681123,Luca Tresh,2000-01-11,"6' 0""",193,26,R,R,C,72
690956,Werner Blakely,2002-02-21,"6' 3""",185,24,L,R,OF,75
695481,Jay Allen II,2002-11-22,"6' 0""",200,23,R,R,OF,72
695462,Cal Conley,1999-07-17,"5' 8""",185,26,S,R,SS,68
679938,Yoyner Fajardo,1999-04-06,"6' 0""",179,27,L,R,OF,72
671286,Johnathan Rodríguez,1999-11-04,"6' 2""",224,26,R,R,RF,74
682265,Wes Clarke,1999-10-13,"6' 2""",228,26,R,R,1B,74
690988,Austin Hendrick,2001-06-15,"6' 0""",204,24,L,L,OF,72
691620,Jeferson Quero,2002-10-08,"6' 0""",203,23,R,R,C,72
687567,Jorel Ortega,2001-01-22,"6' 0""",194,25,R,R,2B,72
691006,Kevin Parada,2001-08-03,"5' 11""",197,24,R,R,C,71
668833,Morgan McCullough,1997-12-19,"5' 8""",180,28,L,R,SS,68
683341,David Calabrese,2002-09-26,"5' 10""",190,23,L,R,OF,70
680728,Adrian Del Castillo,1999-09-27,"5' 9""",208,26,L,R,C,69
688460,Josh Kasevich,2001-01-17,"6' 1""",200,25,R,R,SS,73
694230,Hendry Mendez,2003-11-07,"6' 3""",175,22,L,L,OF,75
694514,Sterlin Thompson,2001-06-26,"6' 3""",209,24,L,R,OF,75
691403,Michel Triana,1999-11-23,"6' 3""",230,26,L,R,3B,75
673990,Andy Thomas,1998-06-17,"6' 1""",210,27,L,R,C,73
687210,Nathan Martorella,2001-02-18,"6' 0""",225,25,L,L,1B,72
686948,Drake Baldwin,2001-03-28,"6' 0""",225,25,L,R,C,72
686677,Landon Stephens,1998-03-15,"6' 2""",204,28,R,R,1B,74
668791,Anthony Prato,1998-05-11,"5' 9""",186,27,R,R,SS,69
692348,Aeverson Arteaga,2003-03-16,"5' 11""",201,23,R,R,SS,71
687614,Parker Bates,1997-11-16,"5' 11""",205,28,L,R,OF,71
686523,Peyton Wilson,1999-11-01,"5' 9""",180,26,S,R,2B,69
683103,Cade Doughty,2001-03-26,"6' 0""",195,25,R,R,2B,72
685133,Wade Meckler,2000-04-21,"5' 9""",190,26,L,R,OF,69
694196,Diego Velasquez,2003-10-01,"6' 0""",208,22,S,R,SS,72
663628,John Aiello,1997-02-14,"6' 1""",215,29,S,R,3B,73
695600,Carter Jensen,2003-07-03,"6' 0""",210,22,L,R,C,72
688457,Gavin Cross,2001-02-13,"6' 2""",210,25,L,L,OF,74
683031,Jean Ramirez,2000-10-25,"5' 8""",190,25,L,L,OF,68
805373,Nacho Alvarez Jr.,2003-04-11,"5' 10""",190,23,R,R,SS,70
687862,Cody Milligan,1998-12-23,"5' 9""",170,27,L,R,2B,69
676002,Juan Carlos Negret,1999-06-19,"5' 9""",190,26,R,R,CF,69
680815,Damon Dues,1998-06-21,"6' 0""",180,27,L,R,SS,72
676463,Hayden Cantrelle,1998-11-25,"5' 9""",175,27,S,R,2B,69
688032,Matt Scheffler,1998-02-06,"6' 2""",190,28,R,R,C,74
676914,Davis Schneider,1999-01-26,"5' 8""",190,27,R,R,LF,68
674951,Nick Podkul,1997-04-11,"6' 1""",200,29,R,R,1B,73
681198,TJ Rumfield,2000-05-17,"6' 5""",238,25,L,R,1B,77
687144,Corey Joyce,1998-08-19,"6' 0""",190,27,R,R,SS,72
702685,Brenner Cox,2004-05-11,"6' 3""",195,21,L,R,P,75
693819,Kyle Nevin,2001-08-22,"6' 3""",200,24,R,R,OF,75
682987,Spencer Jones,2001-05-14,"6' 7""",240,24,L,L,CF,79
699625,Jimmy Crooks,2001-07-19,"6' 0""",230,24,L,R,C,72
667351,Brandon Leyton,1998-12-17,"5' 10""",165,27,R,R,SS,70
695238,Will Wagner,1998-07-29,"6' 0""",210,27,L,R,3B,72
687783,Matthew Wood,2001-03-02,"5' 10""",191,25,L,R,C,70
688002,Javier Valdes,1998-11-19,"5' 10""",205,27,R,R,C,70
687012,Tayler Aguilar,2000-08-15,"5' 11""",205,25,L,L,OF,71
687201,Kevin Kilpatrick Jr.,2000-11-25,"5' 10""",186,25,R,R,OF,70
695657,Colson Montgomery,2002-02-27,"6' 3""",230,24,L,R,SS,75
691001,Robert Moore,2002-03-31,"5' 7""",170,24,S,R,2B,67
690107,Jackson Glenn,1997-10-24,"5' 11""",205,28,R,R,3B,71
687521,Eric Brown Jr.,2000-12-19,"5' 10""",190,25,R,R,SS,70
682187,Nick Ward,1995-10-19,"5' 9""",180,30,L,R,2B,69
686251,Brady Lindsly,1998-03-03,"6' 1""",220,28,L,R,C,73
691927,Enmanuel Terrero,2002-09-14,"5' 10""",160,23,L,L,CF,70
687431,Hudson Head,2001-04-08,"6' 0""",180,25,L,L,CF,72
686445,Sammy Siani,2000-12-14,"5' 10""",195,25,L,L,CF,70
687044,Ernie Yake,1997-11-20,"5' 10""",175,28,L,R,SS,70
681172,Tyler Tolve,2000-07-16,"6' 1""",200,25,L,R,C,73
681623,Ronaiker Palma,2000-01-02,"5' 9""",180,26,R,R,C,69
690180,Bryce Windham,1996-09-25,"5' 10""",190,29,L,R,2B,70
695734,Daylen Lile,2002-11-30,"5' 11""",195,23,L,R,LF,71
688449,TT Bowens,1998-05-27,"6' 2""",235,27,R,R,1B,74
680868,Patrick Winkel,2000-01-27,"6' 1""",200,26,L,R,C,73
664697,Cobie Fletcher-Vance,1997-08-24,"5' 7""",190,28,R,R,SS,67
691369,Allan Castro,2003-05-24,"6' 1""",170,22,S,R,CF,73
687724,Jake Holton,1998-03-02,"5' 11""",242,28,R,R,1B,71
688273,Joshua Day,2000-03-25,"6' 2""",200,26,R,R,SS,74
678247,Leandro Emiliani,2000-03-22,"6' 1""",180,26,L,L,OF,73
805842,Brett Johnson,2000-01-06,"5' 11""",195,26,L,R,OF,71
683399,Jose Baez,2002-08-30,"5' 9""",146,23,S,R,SS,69
681508,Mickey Gasper,1995-10-11,"5' 9""",205,30,S,R,2B,69
691411,Luis Durango,2003-04-08,"5' 10""",135,23,L,L,CF,70
699806,Emerson Purroy,2004-02-25,"5' 9""",146,22,S,R,SS,69
702518,Jett Williams,2003-11-03,"5' 7""",179,22,R,R,SS,67
695604,T.J. White,2003-07-23,"6' 2""",210,22,S,R,OF,74
683013,Alan Mejia,2001-07-20,"6' 0""",165,24,R,R,CF,72
801039,John Garcia,2000-09-25,"5' 10""",195,25,R,R,C,70
701327,Elijah Green,2003-12-04,"6' 3""",225,22,R,R,OF,75
805737,Bjay Cooke,2003-03-14,"6' 2""",205,23,R,R,SS,74
695461,Harrison Spohn,1998-12-03,"6' 1""",190,27,R,R,SS,73
684922,Dalton Shuffield,1999-03-31,"5' 9""",170,27,R,R,SS,69
694362,Blake Dunn,1998-09-05,"5' 9""",210,27,R,R,LF,69
676419,Randy Bednar,1998-11-30,"5' 8""",200,27,R,L,OF,68
700931,Seth Stephenson,2001-01-10,"5' 8""",165,25,R,R,OF,68
678962,Daniel Vellojin,2000-03-15,"5' 11""",160,26,L,R,C,71
801228,Sandro Gaston,2002-12-16,"6' 3""",210,23,R,R,C,75
699043,Yamal Encarnacion,2003-09-08,"5' 7""",170,22,S,R,2B,67
669439,Drew Swift,1999-02-15,"6' 0""",165,27,R,R,SS,72
692568,Miguel Ugueto,2002-09-03,"6' 0""",185,23,R,R,RF,72
691182,Adael Amador,2003-04-11,"5' 11""",209,23,S,R,2B,71
669282,Tanner Murphy,1998-05-01,"6' 3""",199,28,R,R,CF,75
684519,Omar De Los Santos,1999-08-08,"6' 2""",172,26,R,R,OF,74
672613,Eliezer Alfonzo,1999-09-23,"5' 10""",155,26,S,R,C,70
691708,Junior Tilien,2002-09-09,"6' 2""",168,23,R,R,SS,74
690291,Jace Jung,2000-10-04,"5' 11""",205,25,L,R,3B,71
699471,Ivan Melendez,2000-01-24,"6' 1""",245,26,R,R,1B,73
691425,Simon Rodriguez,2002-09-23,"5' 9""",135,23,L,R,CF,69
691586,Renny Hidalgo,2002-09-05,"5' 8""",165,23,R,R,CF,68
686982,Jared McKenzie,2001-05-16,"6' 0""",180,24,L,L,OF,72
691416,Esteban González,2003-03-19,"5' 6""",171,23,L,R,CF,66
681468,Corey Rosier,1999-09-07,"5' 9""",180,26,L,R,RF,69
683454,Brayan Buelvas,2002-06-08,"5' 10""",155,23,R,R,CF,70
676203,Marcos Castañon,1999-03-23,"5' 10""",195,27,R,R,SS,70
681132,Max Ferguson,1999-08-23,"6' 1""",180,26,L,R,2B,73
681377,Josh Hood,2000-07-21,"6' 1""",200,25,R,R,SS,73
694484,Max Wagner,2001-08-19,"5' 11""",215,24,R,R,3B,71
806187,Griffin Cheney,1999-05-21,"5' 11""",185,26,R,R,SS,71
692118,Nathaniel Ochoa Leyva,2003-10-15,"6' 4""",215,22,R,R,SS,76
681286,JT Schwartz,1999-12-17,"6' 3""",215,26,L,R,1B,75
701675,Nathan Church,2000-07-12,"5' 10""",180,25,L,L,LF,70
694214,Samuel Zavala,2004-07-15,"5' 11""",175,21,L,L,CF,71
647255,Tanner Kirwer,1996-03-15,"5' 11""",185,30,R,R,CF,71
682039,Jacen Roberson,2000-05-23,"6' 1""",192,25,L,L,OF,73
701618,Damon Keith,2000-05-28,"6' 3""",195,25,R,R,RF,75
676473,Lamar Sparks,1998-09-26,"6' 2""",170,27,R,R,CF,74
691458,Blaze Jordan,2002-12-19,"6' 1""",220,23,R,R,1B,73
686766,William Simoneit,1996-10-14,"6' 3""",235,29,R,R,C,75
684852,Geraldo Quintero,2001-10-10,"5' 5""",155,24,S,R,SS,65
686554,Oliver Dunn,1997-09-02,"5' 10""",207,28,L,R,3B,70
675974,Kevin Kendall,1999-06-25,"5' 10""",175,26,L,R,SS,70
689688,Ethan Workinger,2001-10-19,"6' 0""",185,24,R,R,CF,72
689302,Karson Simas,2001-06-01,"5' 11""",175,24,R,R,SS,71
677068,Tyler Osik,1996-11-15,"5' 9""",203,29,R,R,1B,69
702292,Chase Luttrell,2000-06-01,"6' 0""",200,25,L,L,OF,72
657617,Bubba Hollins,1995-12-06,"6' 0""",200,30,R,R,3B,72
663727,Scott Kapers,1996-11-27,"5' 10""",198,29,R,R,C,70
676991,Davis Bradshaw,1998-04-25,"6' 2""",175,28,L,R,OF,74
699305,Diego Mosquera,2004-03-14,"5' 10""",156,22,R,R,SS,70
672905,José Alvarez,2000-06-04,"6' 1""",180,25,R,R,C,73
700250,Ben Rice,1999-02-22,"6' 2""",228,27,L,R,1B,74
686634,Chase Estep,2000-04-12,"5' 10""",200,26,L,R,3B,70
678729,Nelson Medina,2000-09-14,"6' 2""",175,25,R,R,CF,74
676667,Justin Connell,1999-03-11,"5' 11""",185,27,R,R,OF,71
693515,Gaige Howard,1998-05-22,"6' 2""",220,27,L,R,OF,74
694336,Dom Johnson,2001-03-07,"5' 9""",185,25,R,R,OF,69
806314,Beau Brewer,2001-10-28,"6' 2""",215,24,R,R,3B,74
690350,Kyle Battle,1997-12-04,"6' 0""",190,28,R,R,OF,72
806956,Ethan Salas,2006-06-01,"6' 1""",185,19,L,R,C,73
702311,Angel Zarate,1999-07-16,"5' 11""",190,26,L,L,OF,71
688556,Brandon Parker,1999-05-27,"6' 0""",205,26,R,R,RF,72
698916,Rosman Verdugo,2005-02-02,"5' 11""",180,21,R,R,SS,71
688907,Pres Cavenaugh,2000-10-31,"6' 0""",206,25,L,L,OF,72
800231,Won-Bin Cho,2003-08-20,"6' 1""",200,22,L,L,OF,73
683169,Sean McLain,2001-03-22,"5' 9""",170,25,R,R,SS,69
694217,Willy Fanas,2004-01-23,"6' 1""",190,22,L,R,OF,73
800305,Jesús  Báez,2005-02-26,"5' 10""",180,21,R,R,SS,70
687248,Keshawn Ogans,2001-08-26,"5' 8""",180,24,R,R,SS,68
684222,Jorge Burgos,2002-08-06,"5' 10""",165,23,L,L,CF,70
691781,Brady House,2003-06-04,"6' 4""",208,22,R,R,3B,76
694246,Brad Malm,1999-08-19,"5' 11""",185,26,R,R,3B,71
689041,Rhylan Thomas,2000-04-15,"5' 10""",170,26,L,L,LF,70
682942,Alex De Jesus,2002-03-22,"6' 1""",170,24,R,R,3B,73
805268,Peyton Williams,2000-09-14,"6' 5""",255,25,L,L,1B,77
696140,Ethan Murray,2000-05-13,"5' 11""",201,25,R,R,SS,71
695596,Nick Raposo,1998-06-03,"5' 9""",210,27,R,R,C,69
805834,Javi Vaz,2000-09-22,"5' 7""",151,25,L,R,OF,67
687071,Shane Sasaki,2000-07-01,"5' 11""",190,25,R,R,CF,71
691406,Junior Caminero,2003-07-05,"6' 1""",220,22,R,R,3B,73
700246,Carson Williams,2003-06-25,"6' 1""",180,22,R,R,SS,73
680396,Joe Stewart,1998-05-06,"6' 5""",212,28,R,R,OF,77
687285,Troy Schreffler Jr.,2000-10-27,"6' 0""",190,25,R,R,LF,72
692596,Layant Tapia,2002-01-04,"6' 1""",160,24,R,R,SS,73
702789,Austin Gauthier,1999-05-07,"5' 10""",188,26,R,R,SS,70
695554,Tayden Hall,2003-01-12,"6' 2""",215,23,L,R,C,74
700936,Collin Burns,2000-05-20,"5' 11""",187,25,L,R,SS,71
682628,Junior Sanquintin,2002-01-08,"6' 0""",172,24,S,R,SS,72
687930,Tyresse Turner,2000-01-05,"5' 10""",170,26,S,R,SS,70
675994,Devonte Brown,1999-10-15,"5' 10""",207,26,R,R,OF,70
702176,Alan Roden,1999-12-22,"5' 11""",215,26,L,R,LF,71
676678,PK Morris,1998-11-30,"5' 11""",195,27,L,L,1B,71
696521,Garrett Spain,2000-09-21,"5' 9""",178,25,L,R,RF,69
690976,Alex Freeland,2001-08-24,"5' 11""",200,24,S,R,2B,71
686956,Adam Crampton,2001-05-24,"6' 1""",183,24,R,R,SS,73
805862,Matt Alifano,2000-12-31,"5' 11""",195,25,R,R,3B,71
800029,Modeifi Marte,2002-07-31,"6' 1""",200,23,R,R,1B,73
671284,Tim Elko,1998-12-27,"6' 3""",250,27,R,R,1B,75
681888,Greg Cullen,1996-11-13,"5' 9""",190,29,L,R,2B,69
680753,Adam Hackenberg,1999-09-08,"6' 1""",225,26,R,R,C,73
688815,Anthony Quirion,1997-10-29,"6' 1""",205,28,R,R,C,73
695342,Colin Davis,1999-02-08,"6' 0""",215,27,R,R,OF,72
694211,Manuel Pena,2003-12-05,"6' 0""",170,22,L,R,SS,72
702112,Hogan Windish,1999-05-10,"5' 11""",222,26,R,R,1B,71
701800,Carlos Linarez,2001-10-24,"6' 1""",215,24,R,R,C,73
688311,Drake Osborn,1998-07-22,"5' 9""",190,27,R,R,C,69
676024,Donta' Williams,1999-06-30,"5' 8""",185,26,L,L,OF,68
695930,Frederick Bencosme,2002-12-25,"6' 0""",160,23,L,R,IF,72
701437,Jaden Rudd,2002-08-16,"5' 11""",185,23,L,L,OF,71
802991,E.J. Exposito,2001-05-04,"5' 11""",190,25,R,R,SS,71
684543,Daniel Cope,1997-06-15,"5' 11""",195,28,R,R,C,71
682983,Jud Fabian,2000-09-27,"6' 0""",195,25,R,L,OF,72
695257,Billy Cook,1999-01-07,"6' 0""",204,27,R,R,RF,72
683485,Nelson Beltran,2001-12-28,"5' 10""",160,24,R,R,SS,70
687221,Dalton Rushing,2001-02-21,"6' 0""",220,25,L,R,C,72
681495,Cade Fergus,2000-08-22,"6' 2""",195,25,R,R,OF,74
684495,Dyron Campos,2000-12-26,"5' 10""",155,25,R,R,OF,70
687637,Dylan Beavers,2001-08-11,"6' 5""",220,24,L,R,RF,77
679972,Arturo De Freitas,2001-05-28,"5' 11""",170,24,R,R,C,71
686770,Dillan Shrum,1998-03-04,"5' 11""",200,28,R,L,1B,71
682648,Juan Guerrero,2001-09-10,"6' 2""",160,24,R,R,SS,74
691419,Angel Mendoza,2002-10-09,"5' 10""",160,23,L,L,CF,70
703070,Loidel Chapelli,2001-12-20,"5' 9""",187,24,L,R,OF,69
805904,Zach Cole,2000-08-04,"6' 2""",190,25,L,R,CF,74
681184,Kevin Graham,1999-08-12,"6' 1""",195,26,L,R,OF,73
663682,Mike Salvatore,1996-12-27,"5' 11""",184,29,R,R,SS,71
672457,Amador Arias,2000-08-25,"5' 11""",143,25,R,R,2B,71
690474,Tommy Sacco Jr.,1999-05-21,"5' 9""",195,26,S,R,SS,69
691594,Javier Sanoja,2002-09-03,"5' 7""",150,23,R,R,3B,67
691373,Jhostynxon Garcia,2002-12-11,"6' 0""",224,23,R,R,CF,72
696513,Andy Garriola,1999-12-15,"6' 4""",235,26,R,R,OF,76
684715,Nic Kent,2000-04-10,"6' 1""",185,26,R,R,SS,73
800201,Rafael Ramirez Jr.,2005-07-22,"6' 0""",159,20,L,R,SS,72
692222,Jose Izarra,2002-03-07,"5' 11""",175,24,R,R,SS,71
700358,Narbe Cruz,2000-10-01,"6' 3""",208,25,R,R,SS,75
693486,Erik Stock,1998-12-30,"6' 0""",211,27,R,R,P,72
687206,Tres Gonzalez,2000-10-04,"5' 11""",185,25,L,L,OF,71
685091,Parker Chavers,1998-07-25,"5' 10""",185,27,L,R,OF,70
682988,Tyler Locklear,2000-11-24,"6' 2""",210,25,R,R,1B,74
669386,Trevor Hauver,1998-11-20,"5' 11""",205,27,L,R,2B,71
691268,Yiddi Cappe,2002-09-17,"6' 3""",175,23,R,R,SS,75
800683,Blake Rambusch,1999-08-31,"5' 9""",175,26,R,R,3B,69
703155,Lazaro Montes,2004-10-22,"6' 5""",210,21,L,R,OF,77
674913,Chad Castillo,2000-04-19,"6' 3""",225,26,L,R,OF,75
672537,Dalvy Rosario,2000-07-22,"6' 0""",195,25,R,R,OF,72
691409,Angel Contreras,2003-01-14,"5' 7""",142,23,S,R,SS,67
687282,Gabriel Rincones Jr.,2001-03-03,"6' 3""",225,25,L,R,RF,75
806005,Ryan McCarty,1999-04-22,"5' 9""",182,27,R,R,SS,69
702284,Cole Young,2003-07-29,"5' 10""",180,22,L,R,2B,70
687349,Jimmy Govern,1996-12-11,"5' 9""",190,29,R,R,2B,69
691588,Ian Lewis Jr.,2003-02-04,"5' 11""",185,23,S,R,SS,71
682682,Sterling Romero,2002-03-02,"5' 10""",145,24,L,L,OF,70
691407,Erick Caripa,2003-01-29,"6' 1""",160,23,R,R,RF,73
699816,Jackson Loftin,2000-05-14,"6' 2""",195,25,R,R,SS,74
702333,Haydn McGeary,1999-10-09,"6' 5""",235,26,R,R,C,77
668756,Ben Ramirez,1998-12-02,"6' 2""",200,27,L,R,SS,74
668752,Duke Ellis,1998-01-16,"6' 2""",180,28,L,L,CF,74
684093,Adony Mejia,2001-06-09,"5' 9""",170,24,R,R,C,69
683170,Kadon Morton,2000-11-19,"6' 1""",195,25,R,R,CF,73
678648,Herard Gonzalez,2001-05-16,"5' 9""",167,24,S,R,SS,69
686843,Will Matthiessen,1998-01-09,"6' 6""",230,28,R,R,1B,78
682656,Sergio Campana,2002-03-29,"6' 1""",160,24,R,R,OF,73
678900,Alexander Ovalles,2000-10-06,"5' 9""",184,25,L,L,OF,69
680846,Pablo Aliendo,2001-05-29,"6' 0""",170,24,R,R,C,72
681230,BJ Murray,2000-01-05,"5' 11""",205,26,S,R,3B,71
802506,Dylan O'Rae,2004-02-14,"5' 8""",160,22,L,R,SS,68
691905,Ricardo Rosario,2003-02-08,"6' 0""",160,23,R,R,OF,72
695770,Wes Kath,2002-08-03,"6' 3""",200,23,L,R,3B,75
687554,DJ Gladney,2001-07-14,"6' 2""",195,24,R,R,OF,74
699126,Gregory Barrios,2004-04-08,"5' 11""",180,22,R,R,SS,71
676423,Dylan Rock,1998-08-21,"6' 0""",210,27,R,R,OF,72
691922,Javier Rivas,2002-09-01,"6' 6""",165,23,R,R,SS,78
807799,Masataka Yoshida,1993-07-15,"5' 8""",192,32,L,R,LF,68
800325,Luis Lara,2004-11-17,"5' 7""",169,21,S,R,CF,67
702258,Druw Jones,2003-11-28,"6' 2""",180,22,R,R,OF,74
641552,Karl Ellison,1995-05-23,"6' 0""",195,30,R,R,C,72
670192,Brandon Bossard,1997-06-10,"6' 1""",185,28,R,R,SS,73
668577,Osmy Gregorio,1998-05-27,"6' 2""",196,27,R,R,2B,74
800329,Alexander Martinez,2004-11-16,"5' 11""",170,21,R,R,C,71
681326,Cole Moore,1999-06-14,"6' 1""",211,26,L,R,1B,73
664762,Andy Atwood,1996-11-15,"6' 1""",195,29,R,R,2B,73
668929,Noah Campbell,1999-06-06,"6' 0""",200,26,S,R,2B,72
679553,Johnabiell Laureano,2000-10-11,"6' 0""",180,25,R,R,CF,72
688394,Jordan Sprinkle,2001-03-06,"5' 11""",180,25,R,R,SS,71
681580,Michael Turconi,1999-06-24,"5' 10""",185,26,L,R,SS,70
804596,Matt Donlan,1999-11-09,"6' 3""",213,26,R,R,C,75
680421,Ben Norman,1998-02-15,"6' 1""",200,28,L,R,OF,73
695692,Cooper Kinney,2003-01-27,"6' 1""",200,23,L,R,2B,73
689750,Jacob Buchberger,1997-10-01,"6' 0""",215,28,R,R,3B,72
678285,Fabian Pertuz,2000-09-01,"6' 0""",156,25,R,R,SS,72
804622,Ke'Shun Collier,2000-12-21,"5' 4""",160,25,L,R,OF,64
685341,Ripken Reyes,1997-04-01,"5' 8""",185,29,S,R,SS,68
805865,Guy Lipscomb,2001-03-11,"6' 2""",195,25,L,R,OF,74
691938,Willy Vasquez,2001-09-06,"6' 2""",191,24,R,R,3B,74
681371,Dom Keegan,2000-08-01,"5' 11""",210,25,R,R,C,71
680631,Oneill Manzueta,2001-02-07,"5' 11""",190,25,R,R,RF,71
692422,Odalys Peguero,2003-01-25,"5' 10""",172,23,S,R,SS,70
805367,Chase Meidroth,2001-07-23,"5' 9""",190,24,R,R,2B,69
691919,Ewry Espinal,2002-12-18,"6' 0""",185,23,L,R,OF,72
683504,Deivis Nadal,2002-02-08,"5' 10""",150,24,L,R,2B,70
687279,Logan Glass,2001-04-09,"6' 4""",215,25,R,R,CF,76
701106,Chase Valentine,2002-04-21,"5' 11""",160,24,R,R,SS,71
703154,Yordany De Los Santos,2005-02-17,"6' 1""",170,21,R,R,SS,73
699082,Yhoangel Aponte,2004-02-12,"5' 11""",190,22,R,R,CF,71
685580,Cristian More,2001-08-11,"5' 10""",170,24,L,L,CF,70
680709,Nick Dunn,1997-01-29,"5' 8""",185,29,L,R,3B,68
687608,Liam Spence,1998-04-09,"6' 1""",195,28,R,R,SS,73
687470,Chandler Redmond,1997-01-09,"6' 1""",231,29,L,R,2B,73
802415,Chandler Simpson,2000-11-18,"5' 11""",170,25,L,R,LF,71
800180,Douglas Glod,2005-01-20,"5' 9""",185,21,R,R,CF,69
802018,Ryan Burrowes,2004-08-17,"6' 1""",170,21,R,R,SS,73
649810,Dariel Gomez,1996-07-15,"6' 4""",190,29,L,R,1B,76
692657,Omar Alfonzo,2003-08-03,"6' 1""",242,22,L,R,C,73
686546,Matthew Dyer,1998-07-14,"6' 3""",185,27,R,R,OF,75
683539,Cristopher Barete,2001-12-10,"5' 7""",155,24,L,L,CF,67
688714,Ryan Cermak,2001-06-02,"6' 0""",205,24,R,R,SS,72
700652,Kenny Piper,1998-07-12,"5' 10""",190,27,R,R,C,70
658652,Oscar Campos,1996-12-08,"5' 10""",170,29,R,R,C,70
703939,Gregori Cano,2004-07-18,"6' 0""",180,21,L,R,IF,72
681142,Justice Thompson,2000-07-08,"6' 4""",205,25,R,R,OF,76
800506,Luis Sanchez,2004-01-16,"5' 7""",165,22,R,R,SS,67
677956,Rece Hinds,2000-09-05,"6' 3""",215,25,R,R,RF,75
702726,Luke Adams,2004-04-24,"6' 4""",233,22,R,R,3B,76
678841,Brandol Mezquita,2001-07-14,"6' 0""",170,24,R,R,OF,72
667240,Jason Matthews,1997-04-09,"5' 11""",187,29,R,R,SS,71
677356,Carter Young,2001-01-24,"6' 0""",180,25,L,R,SS,72
800385,Robert Gonzalez,2004-12-22,"5' 10""",175,21,L,R,OF,70
676004,Walking Cabrera,2000-08-26,"6' 2""",184,25,R,R,OF,74
694187,Daniel Vazquez,2003-12-15,"6' 2""",150,22,R,R,SS,74
703197,Michael Arroyo,2004-11-03,"5' 10""",160,21,R,R,SS,70
691185,Maximo Acosta,2002-10-29,"5' 11""",187,23,R,R,SS,71
685328,Ronis Aybar,2000-01-13,"5' 11""",180,26,L,R,OF,71
687426,Glenn Santiago,2000-12-14,"5' 11""",165,25,R,R,SS,71
695391,Brett Harris,1998-06-24,"6' 2""",208,27,R,R,3B,74
691623,Alexander Perez,2003-03-12,"5' 9""",140,23,R,R,SS,69
678803,Anthony Garcia,2000-09-05,"6' 6""",204,25,S,R,RF,78
687013,Cooper Uhl,1997-10-19,"5' 8""",185,28,R,R,C,68
694199,Fran Alduey,2004-01-07,"5' 7""",140,22,S,R,SS,67
800145,Pedro Hernandez,2004-10-17,"5' 7""",137,21,R,R,SS,67
678232,Jesus Valdez,1997-12-29,"5' 10""",175,28,R,R,3B,70
695031,Josh Zamora,1999-05-18,"5' 10""",210,26,R,R,3B,70
679027,Madison Santos,1999-09-06,"5' 8""",165,26,L,R,CF,68
684494,Jeremy Celedonio,2001-12-26,"6' 1""",183,24,R,R,OF,73
699097,Yeuni Munoz,2003-10-04,"6' 1""",190,22,R,R,OF,73
688507,Frank Nigro,1997-08-01,"6' 3""",200,28,R,R,C,75
699061,Rayne Doncon,2003-09-22,"6' 1""",176,22,R,R,3B,73
685474,Felix Stevens,1999-07-30,"6' 4""",225,26,R,R,OF,76
806534,Ben Gobbel,1999-11-02,"6' 1""",192,26,R,R,SS,73
702283,Tucker Toman,2003-11-12,"6' 0""",207,22,S,R,SS,72
703152,Anthony Gutierrez,2004-11-25,"6' 3""",180,21,R,R,CF,75
800185,Ruben Santana,2005-02-16,"6' 0""",190,21,R,R,3B,72
689931,Peyton Graham,2001-01-26,"6' 3""",185,25,R,R,SS,75
700845,Adam Zebrowski,2000-09-28,"6' 2""",230,25,R,R,C,74
680910,Robby Martin Jr.,1999-08-17,"6' 2""",190,26,L,R,OF,74
683001,Ethan Hearn,2000-08-31,"5' 11""",200,25,L,R,C,71
703607,Henry Bolte,2003-08-04,"6' 3""",195,22,R,R,OF,75
681259,Aaron Pinto,1996-07-03,"5' 10""",210,29,L,R,P,70
672569,Gustavo Campero,1997-09-20,"5' 6""",183,28,S,R,OF,66
668993,Justin Farmer,1998-12-19,"6' 1""",190,27,R,R,OF,73
699228,Jakey Josepha,2004-05-15,"6' 2""",135,21,L,R,CF,74
703143,Cristhian Vaquero,2004-09-13,"6' 3""",180,21,S,R,OF,75
683427,Omar Hernandez,2001-12-10,"5' 10""",170,24,R,R,C,70
687625,Kai Murphy,2000-08-26,"5' 8""",173,25,L,L,OF,68
801600,Bryce Willits,1999-08-25,"6' 2""",200,26,L,R,3B,74
680874,Tim Borden II,1999-09-01,"6' 1""",200,26,R,R,SS,73
679736,Keithron Moss,2001-08-20,"5' 11""",188,24,S,R,SS,71
683649,Angeudis Santos,2001-09-19,"6' 4""",168,24,S,R,2B,76
701305,Zach Dezenzo,2000-05-11,"6' 5""",220,25,R,R,LF,77
686808,James Beard,2000-09-24,"5' 10""",170,25,R,R,CF,70
669015,Caberea Weaver,1999-12-01,"6' 3""",180,26,R,R,OF,75
703920,Alsander Womack,1999-03-16,"5' 8""",205,27,R,R,2B,68
691442,Wilfred Veras,2002-11-15,"6' 1""",240,23,R,R,OF,73
694384,Nolan Schanuel,2002-02-14,"6' 2""",220,24,L,R,1B,74
806146,George Lombard Jr.,2005-06-02,"6' 2""",190,20,R,R,SS,74
682663,Agustín Ramírez,2001-09-10,"6' 1""",210,24,R,R,C,73
694673,Abimelec Ortiz,2002-02-22,"5' 10""",230,24,L,L,1B,70
694425,Justice Bigbie,1999-01-24,"6' 2""",200,27,R,R,OF,74
807713,Matt Shaw,2001-11-06,"5' 10""",185,24,R,R,RF,70
677049,Josh Hatcher,1998-09-03,"6' 1""",200,27,L,L,OF,73
691726,Kevin Sim,2002-02-07,"6' 1""",210,24,R,R,3B,73
806071,Jonny Farmelo,2004-09-09,"6' 1""",205,21,L,R,OF,73
809846,Wyatt Crenshaw,2000-04-21,"5' 11""",180,26,L,R,2B,71
686611,Dylan Crews,2002-02-26,"5' 11""",203,24,R,R,RF,71
800617,Reece Walling,2003-09-22,"6' 5""",202,22,L,R,OF,77
806964,Sebastian Walcott,2006-03-14,"6' 4""",190,20,R,R,SS,76
694671,Wyatt Langford,2001-11-15,"6' 0""",225,24,R,R,LF,72
806983,Yophery Rodriguez,2005-12-05,"6' 1""",185,20,L,L,CF,73
694848,Sam Brown,2001-09-11,"6' 2""",210,24,L,L,1B,74
671155,Ivan Johnson,1998-10-11,"6' 0""",190,27,S,R,2B,72
695587,Bryson Horne,1999-03-06,"5' 10""",220,27,L,R,1B,70
701648,Aaron Zavala,2000-06-24,"5' 11""",193,25,L,R,OF,71
703185,Nelson Rada,2005-08-24,"5' 9""",185,20,L,L,CF,69
677601,Keyber Rodriguez,2000-10-24,"5' 8""",178,25,R,R,SS,68
694304,Cole Fontenelle,2002-03-10,"6' 3""",220,24,S,R,3B,75
687152,Darrien Miller,2001-03-10,"5' 11""",188,25,L,R,C,71
701398,Sal Stewart,2003-12-07,"6' 1""",224,22,R,R,1B,73
800050,Chase DeLauter,2001-10-08,"6' 3""",235,24,L,L,RF,75
800685,Sonny DiChiara,1999-07-29,"6' 1""",263,26,R,R,1B,73
675085,Jonathon Long,2002-01-20,"6' 0""",210,24,R,R,1B,72
806368,Maddux Houghton,1999-02-23,"6' 0""",190,27,R,R,OF,72
800194,Capri Ortiz,2005-04-01,"6' 0""",182,21,R,R,3B,72
677943,Will Banfield,1999-11-18,"6' 0""",215,26,R,R,C,72
691392,Johnny Ascanio,2003-07-04,"5' 8""",189,22,S,R,SS,68
676545,Anthony Servideo,1999-03-11,"5' 10""",175,27,L,R,SS,70
703430,Anthony Scull,2004-01-26,"6' 0""",202,22,L,L,OF,72
806068,Colt Emerson,2005-07-20,"6' 0""",195,20,L,R,SS,72
687272,Tucker Flint,2001-04-05,"6' 2""",230,25,L,L,OF,74
806191,Tai Peete,2005-08-11,"6' 2""",193,20,L,R,OF,74
686863,Daniel Mateo,2001-07-03,"6' 1""",165,24,R,R,CF,73
689531,Brett Squires,2000-02-26,"6' 3""",210,26,L,R,3B,75
800345,Juan Baez,2005-06-27,"5' 10""",175,20,R,R,IF,70
702253,Cam Collier,2004-11-20,"6' 1""",210,21,L,R,3B,73
688363,Graham Pauley,2000-09-24,"6' 1""",200,25,L,R,3B,73
687208,Nathan Hickey,1999-11-23,"5' 11""",210,26,L,R,C,71
686976,Silas Ardoin,2000-09-19,"5' 10""",215,25,R,R,C,70
683344,Homer Bush Jr.,2001-10-13,"6' 2""",200,24,R,R,CF,74
703520,Brett Bateman,2002-03-19,"5' 10""",170,24,L,L,OF,70
702977,Dillon Head,2004-10-11,"5' 10""",185,21,L,L,CF,70
689414,Liam Hicks,1999-06-02,"5' 9""",185,26,L,R,C,69
806223,Aidan Smith,2004-07-23,"6' 1""",190,21,R,R,OF,73
692044,Luis Suisbel,2003-05-23,"6' 1""",190,22,S,R,3B,73
808982,Jung Hoo Lee,1998-08-20,"6' 0""",196,27,L,R,RF,72
676812,Carson McCusker,1998-05-22,"6' 8""",250,27,R,R,LF,80
681540,Dylan Neuse,1998-12-22,"5' 9""",180,27,R,R,2B,69
690961,Enrique Bradfield Jr.,2001-12-02,"5' 11""",170,24,L,L,OF,71
691283,Sheng-Ping Chen,2000-10-27,"5' 9""",165,25,L,R,SS,69
694371,Tommy Troy,2002-01-17,"5' 9""",197,24,R,R,SS,69
803385,Jay Harry,2002-07-18,"5' 11""",195,23,L,R,2B,71
805297,Alec Sayre,2000-10-05,"5' 11""",195,25,R,R,OF,71
681868,Ezequiel Pagan,2000-07-08,"5' 11""",163,25,L,R,OF,71
702261,Termarr Johnson,2004-06-11,"5' 7""",201,21,L,R,SS,67
696145,Lonnie White Jr.,2002-12-31,"6' 2""",212,23,R,R,OF,74
683490,J.J. D'Orazio,2001-12-28,"6' 1""",170,24,R,R,C,73
681995,Eric Rodriguez,1998-07-28,"6' 0""",195,27,R,R,C,72
807746,Kade Kern,2001-09-18,"6' 0""",200,24,R,R,OF,72
800306,Jansel Luis,2005-03-06,"6' 0""",170,21,S,R,2B,72
805234,Tyler Robertson,2000-03-10,"6' 4""",200,26,R,R,OF,76
800473,Jefferson Rojas,2005-04-25,"5' 11""",150,21,R,R,SS,71
806061,Isaiah Drake,2005-07-15,"6' 0""",180,20,L,R,OF,72
691720,Kyle Karros,2002-07-26,"6' 5""",225,23,R,R,3B,77
668842,Michael Berglund,1997-07-18,"6' 1""",195,28,L,R,C,73
687515,Colby Thomas,2001-01-26,"5' 10""",190,25,R,R,RF,70
687551,Drew Gilbert,2000-09-27,"5' 9""",195,25,L,L,CF,69
699302,Héctor Rodríguez,2004-03-11,"5' 10""",200,22,L,R,LF,70
691558,Yeiner Fernandez,2002-09-19,"5' 9""",170,23,R,R,C,69
699073,Thayron Liranzo,2003-07-05,"6' 1""",195,22,S,R,C,73
801126,Brock Rodden,2000-05-25,"5' 7""",170,25,S,R,SS,67
682011,Tyler Miller,1999-12-17,"6' 1""",193,26,L,R,3B,73
802544,Brock Vradenburg,2002-03-20,"6' 6""",230,24,L,R,1B,78
692556,Kelvin Diaz,2003-03-17,"6' 0""",148,23,R,R,2B,72
678746,Diego Hernandez,2000-11-21,"6' 0""",185,25,L,L,OF,72
805779,Jacob Wilson,2002-03-30,"6' 2""",190,24,R,R,SS,74
805891,Taylor Young,1998-08-06,"5' 8""",170,27,R,R,2B,68
804588,Bubba Alleyne,1998-11-13,"5' 8""",190,27,S,R,OF,68
702690,Cutter Coffey,2004-05-21,"6' 1""",212,21,R,R,3B,73
691002,Yohandy Morales,2001-10-09,"6' 3""",225,24,R,R,3B,75
800543,Josue De Paula,2005-05-24,"6' 3""",185,20,L,L,CF,75
806273,Adam Retzbach,2000-11-13,"6' 4""",220,25,R,R,C,76
804858,Bryan Rincon,2004-02-08,"5' 10""",185,22,S,R,SS,70
691775,Ryan Clifford,2003-07-20,"6' 3""",200,22,L,L,1B,75
694385,Brock Wilken,2002-06-17,"6' 4""",237,23,R,R,3B,76
694838,Joe Vetrano,2002-05-10,"6' 3""",220,23,L,L,1B,75
681114,Michael Trautwein,1999-09-13,"6' 0""",205,26,L,R,C,72
679545,Joe Suozzi,1998-02-28,"6' 3""",215,28,R,R,OF,75
694728,Brice Matthews,2002-03-16,"5' 10""",190,24,R,R,LF,70
702315,Bennett Hostetler,1997-09-23,"5' 10""",195,28,R,R,C,70
804240,Jacob Burke,2001-02-26,"5' 11""",208,25,R,R,OF,71
695372,Jake Gelof,2002-02-25,"6' 0""",195,24,R,R,3B,72
800516,Alberto Hernandez,2004-02-04,"6' 0""",190,22,R,R,SS,72
694580,Kemp Alderman,2002-08-20,"6' 3""",235,23,R,R,OF,75
686438,Rubel Cespedes,2000-08-29,"6' 0""",200,25,L,R,3B,72
682799,Elio Prado,2001-11-29,"6' 0""",160,24,R,R,CF,72
681460,Brooks Baldwin,2000-08-15,"6' 1""",195,25,S,R,LF,73
682765,Albert Feliz,2002-04-13,"6' 2""",200,24,R,R,OF,74
683091,Logan Tanner,2000-11-10,"6' 0""",215,25,R,R,P,72
699293,Yohairo Cuevas,2003-09-16,"6' 3""",172,22,L,L,OF,75
685388,Colin Simpson,1996-07-23,"5' 8""",228,29,L,R,C,68
690983,Hunter Haas,2002-04-07,"5' 11""",180,24,R,R,SS,71
691003,Tre' Morgan,2002-07-16,"6' 0""",215,23,L,L,1B,72
685392,Trevor Boone,1997-09-09,"6' 1""",210,28,R,R,OF,73
670076,Lyle Lin,1997-06-26,"6' 0""",200,28,R,R,C,72
676466,Jack Winkler,1998-11-04,"6' 1""",185,27,R,R,2B,73
814816,Johnny Tincher,2001-08-25,"5' 6""",177,24,R,R,C,66
703150,Ricky Cabrera,2004-10-31,"6' 0""",201,21,R,R,SS,72
691601,Brenny Escanio,2002-12-16,"5' 10""",145,23,S,R,SS,70
691252,Jhon Diaz,2002-10-01,"5' 8""",160,23,L,L,CF,68
694444,Tavian Josenberger,2001-10-23,"5' 11""",185,24,L,R,OF,71
702302,RJ Schreck,2000-07-12,"6' 0""",205,25,L,R,LF,72
687627,Kody Huff,2000-12-11,"5' 9""",198,25,R,R,C,69
691913,Jesus Castillo,2003-07-12,"5' 10""",144,22,R,R,SS,70
681348,Hayden Jones,2000-04-27,"6' 0""",215,26,L,R,C,72
690904,Cameron Masterman,1999-05-05,"6' 1""",225,27,R,R,OF,73
807720,Garret Forrester,2001-11-21,"6' 0""",205,24,R,R,3B,72
699014,Eddy Rodriguez,2003-11-05,"6' 1""",181,22,R,R,OF,73
683006,Chris Newell,2001-04-23,"6' 2""",200,25,L,L,OF,74
695013,Kalae Harrison,2002-06-05,"5' 10""",188,23,L,R,SS,70
687310,Will Simpson,2001-08-28,"6' 3""",225,24,R,R,1B,75
694212,Samuel Basallo,2004-08-13,"6' 4""",250,21,L,R,C,76
681538,Christian Molfetta,1996-10-17,"5' 10""",195,29,R,R,C,70
694829,Connor Burns,2001-12-25,"6' 0""",190,24,R,R,C,72
696501,Mark Coley II,2000-11-22,"6' 1""",194,25,R,R,OF,73
677342,Brock Jones,2001-03-28,"6' 0""",197,25,L,L,OF,72
694749,Dylan Campbell,2002-07-02,"5' 8""",205,23,R,R,CF,68
691621,Jheremy Vargas,2003-05-10,"5' 10""",160,22,R,R,SS,70
800597,Nik McClaughry,1999-09-14,"5' 9""",159,26,R,R,SS,69
688808,David Martin,2000-10-28,"5' 11""",185,25,L,R,C,71
815888,Leo De Vries,2006-10-11,"6' 0""",183,19,S,R,SS,72
696291,Jordan McCants,2002-05-21,"6' 0""",165,23,L,R,SS,72
676044,Bob Seymour,1998-10-07,"6' 3""",250,27,L,R,1B,75
702068,Cole Gabrielson,2000-07-05,"5' 11""",195,25,R,R,OF,71
678807,Carlos Santiago,2001-07-24,"5' 11""",145,24,S,R,SS,71
800419,Jeral Perez,2004-11-06,"5' 10""",179,21,R,R,3B,70
703153,Samuel Munoz,2004-09-22,"6' 2""",190,21,L,R,1B,74
683679,Jesus Rodriguez,2002-04-23,"5' 10""",201,24,R,R,C,70
703149,Roderick Arias,2004-09-09,"6' 0""",178,21,S,R,SS,72
694754,Sabin Ceballos,2002-08-17,"6' 2""",236,23,R,R,3B,74
804614,Marco Vargas,2005-05-14,"5' 11""",170,20,L,R,SS,71
800056,Jace Grady,2001-05-25,"5' 11""",182,24,S,R,OF,71
690969,Kellum Clark,2001-04-21,"6' 3""",205,25,L,R,OF,75
695068,Landon Wallace,2002-02-27,"6' 2""",170,24,R,R,OF,74
675394,Johnny Olmstead,2000-07-10,"6' 1""",200,25,R,R,3B,73
701295,Benjamin Blackwell,1999-04-06,"5' 11""",190,27,R,R,SS,71
683532,Christopher Familia,2000-06-10,"5' 10""",226,25,L,L,CF,70
806077,Kendall George,2004-10-29,"5' 9""",170,21,L,L,OF,69
692562,Alexis Hernandez,2002-10-05,"6' 1""",210,23,R,R,LF,73
803033,Matthew Etzel,2002-04-30,"6' 2""",211,24,L,R,LF,74
687605,Andrew Pinckney,2000-12-07,"6' 4""",215,25,R,R,OF,76
686912,Maxwell Romero Jr.,2001-04-29,"5' 11""",218,25,L,R,C,71
700081,Jake Thompson,1998-03-03,"6' 0""",207,28,L,R,3B,72
815842,JT Mabry,2000-04-25,"5' 11""",170,26,R,R,2B,71
800195,Jorgelys Mota,2005-06-03,"6' 3""",170,20,R,R,SS,75
689731,Cole Roberts,2000-10-09,"5' 8""",170,25,R,R,SS,68
689959,Caeden Trenkle,2001-06-29,"5' 9""",179,24,L,L,OF,69
687730,Caleb Cali,2000-08-20,"6' 3""",230,25,R,R,3B,75
695415,Bryson Worrell,1998-11-07,"6' 2""",226,27,S,R,OF,74
680906,Josiah Sightler,1999-10-19,"6' 4""",234,26,L,L,1B,76
694815,Jack Hurley,2002-03-13,"5' 11""",185,24,L,R,OF,71
703612,Nick Peoples,2004-07-24,"6' 5""",205,21,S,R,OF,77
800294,Waner Luciano,2005-01-13,"6' 1""",210,21,R,R,SS,73
703159,Simon Juan,2005-07-13,"6' 0""",195,20,R,R,OF,72
678652,Jesus Chirinos,2001-07-27,"6' 1""",165,24,R,R,C,73
806198,Cooper Pratt,2004-08-18,"6' 4""",210,21,R,R,SS,76
695312,Aaron Palensky,1998-09-22,"5' 10""",195,27,R,R,OF,70
700658,Chris Rotondo,1999-06-15,"6' 0""",200,26,R,R,OF,72
683616,Rodolfo Nolasco,2001-09-23,"5' 11""",175,24,R,R,OF,71
680996,Luke Mann,2000-04-13,"6' 1""",220,26,L,R,3B,73
676566,Shawn Ross,1999-09-30,"6' 0""",215,26,R,R,SS,72
703766,Dakota Harris,2002-02-19,"5' 11""",197,24,R,R,SS,71
687069,Josh Rivera,2000-10-10,"6' 0""",215,25,R,R,SS,72
687731,Trevor Werner,2000-09-03,"6' 2""",225,25,R,R,OF,74
682090,Gionti Turner,2000-08-17,"6' 2""",178,25,R,R,SS,74
804710,Brennan Orf,2001-09-06,"6' 2""",230,24,L,R,OF,74
680643,Juan Mora,1999-09-30,"5' 9""",176,26,R,R,2B,69
676045,Casey Martin,1999-04-07,"5' 10""",175,27,R,R,SS,70
683104,Trey Faltine,2001-01-08,"6' 1""",199,25,R,R,SS,73
814806,Barrett Riebock,2002-07-30,"6' 2""",190,23,L,L,OF,74
690958,Drew Bowser,2001-10-02,"6' 3""",226,24,R,R,3B,75
682732,Gabriel Moncada,2001-12-17,"6' 2""",215,24,L,L,1B,74
806962,Enmanuel Bonilla,2006-01-22,"6' 1""",180,20,R,R,OF,73
689858,Carmine Lane,2001-03-28,"6' 0""",200,25,R,R,C,72
694974,Colby Shade,2001-08-18,"6' 0""",205,24,R,R,OF,72
805339,Nick Clarno,1998-06-25,"6' 0""",205,27,R,R,C,72
815151,Mac McCroskey,1999-12-31,"6' 1""",190,26,R,R,SS,73
701544,Andy Blake,2000-08-15,"6' 4""",200,25,R,R,SS,76
805796,Arjun Nimmala,2005-10-16,"6' 0""",190,20,R,R,SS,72
802066,Yaisel Ramos,2003-02-20,"6' 4""",185,23,R,R,CF,76
691398,Yerlin Confidan,2002-12-16,"6' 4""",170,23,L,L,OF,76
699031,Anyelo Encarnación,2004-01-02,"6' 0""",164,22,R,R,SS,72
812470,Joe Redfield,2001-10-18,"6' 2""",200,24,L,R,OF,74
701817,River Town,1999-07-08,"5' 10""",181,26,L,R,OF,70
688963,William Sullivan,2000-11-25,"6' 3""",216,25,L,R,1B,75
678706,Reivaj Garcia,2001-08-12,"5' 9""",175,24,S,R,SS,69
694271,R.J. Yeager,1998-10-02,"6' 3""",200,27,R,R,SS,75
692390,Jose Cordoba,2003-01-03,"5' 11""",165,23,R,R,CF,71
690022,Ryan Ritter,2000-11-10,"6' 1""",209,25,R,R,2B,73
813852,Trey Paige,2000-11-09,"5' 11""",215,25,L,R,3B,71
811210,Kade Kretzschmar,2000-06-09,"6' 1""",205,25,L,R,OF,73
689355,Brett Roberts,2001-03-12,"6' 0""",182,25,R,R,SS,72
676017,Micael Ramirez,1999-06-08,"5' 9""",170,26,R,R,C,69
678893,Jefferson Encarnacion,2001-08-28,"6' 1""",185,24,L,L,CF,73
698941,Angel Tejada,2004-01-30,"5' 10""",160,22,R,R,SS,70
694966,Brayden Taylor,2002-05-22,"6' 0""",180,23,L,R,SS,72
694266,D'Andre Smith,2001-05-10,"5' 9""",180,24,R,R,SS,69
681098,Bill Knight,1999-08-24,"5' 11""",195,26,R,R,OF,71
687942,Torin Montgomery,2001-05-02,"6' 3""",230,25,R,R,1B,75
682722,Isaac De León,2001-11-07,"6' 3""",209,24,R,R,SS,75
701655,Reed Trimble,2000-06-06,"5' 11""",190,25,S,R,LF,71
669649,Ty Duvall,1997-07-11,"5' 9""",200,28,L,R,C,69
687073,Yan Contreras,2001-01-30,"6' 0""",185,25,R,R,SS,72
802504,Myles Naylor,2005-04-15,"6' 2""",195,21,R,R,3B,74
703151,William Bergolla Jr.,2004-10-20,"5' 9""",165,21,L,R,2B,69
805795,Aidan Miller,2004-06-09,"6' 1""",205,21,R,R,SS,73
702222,Justin Crawford,2004-01-13,"6' 2""",188,22,L,R,CF,74
702708,Emaarion Boyd,2003-08-22,"6' 0""",177,22,R,R,LF,72
691939,Jake DeLeo,2001-05-30,"6' 0""",194,24,R,R,OF,72
678099,Gavin Logan,2000-01-14,"5' 10""",212,26,L,R,C,70
805249,Otto Kemp,1999-09-09,"5' 11""",185,26,R,R,LF,71
691788,Joe Mack,2002-12-27,"6' 0""",210,23,L,R,C,72
682728,Luis Chevalier,2002-01-18,"5' 11""",160,24,S,R,3B,71
801501,Nate Furman,2001-07-23,"5' 8""",173,24,L,R,2B,68
800232,Luis Baez,2004-01-11,"6' 1""",225,22,R,R,OF,73
682191,Dawson Dimon,1999-05-17,"6' 0""",185,26,R,R,C,72
687573,Nic Ready,1997-02-13,"6' 3""",239,29,R,R,3B,75
807742,Colton Ledbetter,2001-11-15,"6' 1""",205,24,L,R,CF,73
800060,Xavier Isaac,2003-12-17,"6' 3""",240,22,L,L,1B,75
801507,Jake Cunningham,2002-07-03,"6' 3""",205,23,R,R,OF,75
692670,Jhonson Pena,2002-08-03,"5' 10""",155,23,R,R,SS,70
800542,Angel Pierre,2003-09-19,"5' 11""",170,22,R,R,3B,71
689984,Zach Arnold,2001-06-13,"6' 2""",205,24,R,R,SS,74
800522,Josue Briceño,2004-09-23,"6' 4""",200,21,L,R,C,76
682637,Eduardo Lopez,2002-05-08,"5' 11""",187,23,S,R,OF,71
690914,Brody Moore,2000-07-20,"5' 11""",183,25,R,R,SS,71
806012,Taishi Nakawake,1998-06-20,"5' 11""",185,27,R,R,SS,71
805701,Angelo DiSpigna,1999-11-02,"6' 6""",229,26,L,R,1B,78
663807,Nick Dalesandro,1996-10-03,"6' 0""",175,29,R,R,C,72
808516,Andres Valor,2005-11-08,"6' 3""",180,20,R,R,OF,75
801464,Andrew Pintar,2001-03-23,"6' 1""",190,25,R,R,CF,73
801822,Jackson Feltner,2001-09-19,"6' 2""",220,24,R,R,1B,74
693073,Clayton Campbell,2003-09-11,"6' 1""",209,22,R,R,C,73
694757,Maui Ahuna,2002-03-11,"6' 0""",196,24,L,R,SS,72
692478,Victor Arias,2003-08-24,"5' 9""",150,22,L,L,CF,69
676053,Casey Opitz,1998-07-30,"5' 10""",200,27,S,R,C,70
800765,Carter Howell,1999-02-07,"6' 0""",200,27,R,R,RF,72
695358,Jonny Butler,1999-02-12,"6' 1""",200,27,L,R,OF,73
691770,Braylon Bishop,2003-04-23,"6' 1""",193,23,L,L,OF,73
805168,Alejandro Nunez,2004-09-08,"5' 11""",190,21,L,R,SS,71
699013,Esmerlyn Valdez,2004-01-27,"6' 2""",234,22,R,R,OF,74
800209,Estuar Suero,2005-08-29,"6' 6""",180,20,S,R,OF,78
801176,Cam Fisher,2001-06-12,"6' 0""",210,24,L,R,OF,72
687982,Carson Jones,2000-09-29,"6' 2""",190,25,L,L,OF,74
810938,Ben Williamson,2000-11-05,"6' 0""",210,25,R,R,2B,72
687260,Brian Kalmer,2000-08-17,"6' 1""",215,25,R,R,3B,73
806210,Alfonsin Rosario,2004-06-21,"6' 0""",222,21,R,R,OF,72
666133,Herbert Iser,1997-12-14,"6' 2""",210,28,L,R,C,74
683152,Michael Curialle,2001-06-16,"6' 2""",199,24,R,R,SS,74
807747,Rikuu Nishida,2001-05-06,"5' 6""",150,25,L,R,2B,66
683079,Omar Martinez,2001-07-05,"5' 11""",192,24,L,R,C,71
807727,Charles McAdoo,2002-03-06,"6' 0""",210,24,R,R,2B,72
805810,Blake Mitchell,2004-08-03,"6' 0""",202,21,L,R,C,72
694292,Jeffrey Wehler,1999-01-10,"6' 0""",195,27,R,R,2B,72
679602,Drew Ehrhard,1999-01-16,"5' 9""",185,27,R,R,2B,69
811287,Carson Roccaforte,2002-03-29,"5' 11""",195,24,L,L,OF,71
665888,Cristopher Navarro,1999-06-14,"5' 11""",170,26,R,R,SS,71
680273,Chris Meyers,1999-04-27,"6' 3""",210,27,L,R,OF,75
682276,Jose Cordova,2000-01-11,"6' 0""",180,26,R,R,C,72
672373,Jeferson Morales,1999-05-13,"5' 9""",170,26,R,R,C,69
678863,Carlos Arroyo,2001-07-11,"5' 9""",170,24,R,R,2B,69
814307,Zyhir Hope,2005-01-19,"5' 10""",193,21,L,L,CF,70
659359,Zac Fascia,1998-09-15,"6' 0""",225,27,L,R,C,72
806639,Joshuan Sandoval,1997-12-18,"6' 2""",215,28,R,R,C,74
681317,Jeremiah Boyd,2000-07-01,"5' 9""",235,25,R,R,C,69
683007,Darius Perry,2001-05-03,"6' 0""",210,25,R,R,C,72
805704,Keaton Anthony,2001-06-24,"6' 2""",211,24,R,R,OF,74
806267,Jake Zitella,2005-02-24,"6' 0""",193,21,R,R,3B,72
815694,Lou Albrecht,2001-11-07,"5' 11""",210,24,R,R,C,71
805999,A.J. Ewing,2004-08-10,"5' 10""",160,21,L,R,SS,70
692412,Elis Barreat,2003-05-22,"5' 9""",158,22,R,R,2B,69
800357,Ricardo Gonzalez,2004-07-06,"5' 11""",186,21,S,R,SS,71
800316,Alexander Albertus,2004-10-27,"6' 1""",176,21,R,R,SS,73
800343,Jose Sanabria,2005-02-10,"6' 1""",180,21,R,R,OF,73
801740,Karell Paz,1999-08-11,"6' 1""",215,26,L,R,OF,73
800440,Narciso Polanco,2004-10-28,"5' 10""",161,21,L,R,2B,70
691710,Vincent Perozo,2003-03-06,"5' 11""",170,23,L,R,C,71
696020,Raudelis Martinez,2002-05-30,"5' 11""",180,23,L,R,C,71
803745,Adrian Santana,2005-07-18,"5' 11""",155,20,S,R,SS,71
676155,Will Frizzell,1999-02-21,"6' 3""",225,27,L,R,1B,75
804668,Rafael Flores Jr.,2000-11-07,"6' 3""",232,25,R,R,C,75
806958,Felnin Celesten,2005-09-15,"6' 1""",175,20,S,R,SS,73
698933,Ronald Hernandez,2003-10-23,"5' 11""",155,22,S,R,C,71
809945,Jonah Advincula,2001-01-06,"6' 2""",190,25,L,R,OF,74
700341,Kenny Castillo,2004-05-13,"6' 0""",170,21,R,R,C,72
813860,Charlie Pagliarini,2000-12-12,"6' 0""",210,25,L,R,3B,72
701350,Roman Anthony,2004-05-13,"6' 3""",200,21,L,R,LF,75
671956,Noah Myers,1999-11-11,"6' 1""",190,26,L,R,OF,73
801194,Max Anderson,2002-02-28,"5' 11""",215,24,R,R,2B,71
689141,Anthony Hall,2001-02-09,"6' 1""",200,25,L,L,OF,73
800959,Nick Goodwin,2001-09-06,"6' 0""",215,24,R,R,SS,72
700731,Keiner Delgado,2004-01-05,"5' 8""",145,22,S,R,2B,68
805280,Alex Iadisernia,2000-10-11,"5' 11""",180,25,L,L,OF,71
692190,Donovan Antonia,2003-08-13,"5' 10""",182,22,R,R,C,70
699232,Anderdson Rojas,2004-03-08,"5' 10""",150,22,L,R,2B,70
690985,Colby Halter,2001-08-24,"6' 1""",205,24,L,R,2B,73
691858,Jared Serna,2002-06-01,"5' 7""",174,23,R,R,SS,67
801670,Mike Boeve,2002-05-05,"6' 1""",210,24,L,R,3B,73
700681,Nick Lorusso,2000-09-11,"6' 1""",215,25,R,R,3B,73
800051,Austin Charles,2003-11-13,"6' 5""",215,22,R,R,SS,77
694249,Cole Carrigg,2002-05-08,"6' 2""",204,23,S,R,OF,74
681439,Zach Morgan,2000-03-30,"5' 11""",202,26,R,R,C,71
814431,Jackson Castillo,2003-05-02,"5' 9""",195,23,L,L,OF,69
663494,Bryan Torres,1997-07-02,"5' 7""",165,28,L,R,OF,67
800253,Jeffrey Mercedes,2004-10-02,"5' 8""",185,21,S,R,SS,68
694689,Dominic Pitelli,2002-01-18,"5' 10""",182,24,L,R,SS,70
694420,Tatem Levins,1999-05-29,"6' 1""",206,26,L,R,C,73
814154,Scott Bandura,2001-08-02,"6' 3""",190,24,L,R,OF,75
682662,Rafael Morel,2001-11-22,"6' 0""",170,24,R,R,SS,72
679751,Danny Bautista Jr.,2000-09-20,"6' 0""",185,25,R,R,OF,72
807751,Ethan O'Donnell,2002-03-27,"6' 0""",192,24,L,R,CF,72
804645,Caden Connor,2000-08-02,"6' 0""",200,25,L,L,OF,72
801076,Justin Wishkoski,2001-01-19,"6' 3""",195,25,R,R,3B,75
676332,Caleb Knight,1996-01-02,"5' 10""",220,30,R,R,C,70
543518,Scott McGough,1989-10-31,"5' 11""",190,36,R,R,P,71
807712,Luke Keaschall,2002-08-15,"6' 0""",190,23,R,R,2B,72
683953,Travis Bazzana,2002-08-28,"5' 11""",199,23,L,R,2B,71
805808,Kevin McGonigle,2004-08-18,"5' 9""",187,21,L,R,SS,69
682003,Garrett Martin,2000-06-28,"6' 3""",217,25,R,R,OF,75
808975,Hyeseong Kim,1999-01-27,"5' 10""",175,27,L,R,SS,70
695681,Christian Moore,2002-10-21,"6' 0""",210,23,R,R,2B,72
703601,Max Clark,2004-12-21,"5' 11""",205,21,L,L,OF,71
694215,Hans Montero,2003-12-25,"5' 9""",160,22,R,R,2B,69
808265,Franklin Arias,2005-11-19,"5' 11""",170,20,R,R,SS,71
690469,Kyle Hayes,1997-10-08,"6' 1""",190,28,R,R,C,73
810891,Jay Beshears,2002-05-06,"6' 3""",220,24,R,R,1B,75
686758,Dylan Shockley,1997-04-10,"5' 10""",195,29,R,R,C,70
806953,Eduardo Tait,2006-08-27,"6' 0""",175,19,L,R,C,72
802531,Trent Farquhar,2001-03-12,"5' 7""",185,25,L,R,2B,67
813896,Joseph Sullivan,2002-07-01,"5' 10""",198,23,L,L,OF,70
814791,Jared Sundstrom,2001-06-21,"6' 2""",230,24,R,R,OF,74
695612,Alex Mooney,2002-07-06,"6' 0""",195,23,R,R,SS,72
695720,Tommy White,2003-03-02,"6' 0""",220,23,R,R,3B,72
701158,Kobe Kato,1999-03-19,"5' 11""",170,27,L,R,2B,71
701807,Carson Benge,2003-01-20,"6' 1""",184,23,L,R,LF,73
699024,Leo Bernal,2004-02-13,"6' 0""",245,22,S,R,C,72
701831,Carson DeMartini,2002-12-27,"5' 11""",197,23,L,R,SS,71
814439,Ryan Waldschmidt,2002-10-07,"6' 0""",205,23,R,R,OF,72
802139,JJ Wetherholt,2002-09-10,"5' 9""",190,23,L,R,2B,69
692225,Kristian Campbell,2002-06-28,"6' 3""",191,23,R,R,2B,75
702540,Mikey Romero,2004-01-12,"5' 11""",175,22,L,R,SS,71
692039,Carlos Jimenez,2003-02-14,"5' 10""",170,23,L,L,CF,70
695506,Jac Caglianone,2003-02-09,"6' 4""",250,23,L,L,RF,76
695538,Randal Diaz,2003-05-20,"6' 0""",205,22,R,R,SS,72
695731,Braden Montgomery,2003-04-16,"6' 2""",220,23,S,R,OF,74
702662,Dylan Dreiling,2003-04-17,"5' 10""",197,23,L,L,OF,70
691019,Kyle Teel,2002-02-15,"5' 11""",210,24,L,R,C,71
696030,Alejandro Osuna,2002-10-10,"5' 9""",185,23,L,L,LF,69
701358,Cam Smith,2003-02-22,"6' 3""",224,23,R,R,RF,75
683529,Milkar Perez,2001-10-16,"5' 11""",200,24,S,R,3B,71
702574,David Mershon,2003-05-24,"5' 7""",175,22,S,R,SS,67
692150,Émilien Pitre,2002-10-04,"5' 11""",185,23,L,R,2B,71
703198,Kenni Gomez,2005-05-14,"6' 0""",201,20,L,R,OF,72
702693,Jaison Chourio,2005-05-19,"6' 0""",194,20,S,R,OF,72
807957,Yassel Soler,2006-01-26,"5' 11""",185,20,R,R,3B,71
702270,Malcolm Moore,2003-07-31,"6' 0""",216,22,L,R,C,72
811312,Justin Riemer,2002-02-06,"5' 10""",170,24,R,R,2B,70
815154,Slade Caldwell,2006-06-18,"5' 9""",182,19,L,L,OF,69
800421,Marvin Alcantara,2004-11-02,"5' 10""",157,21,R,R,SS,70
701762,Nick Kurtz,2003-03-12,"6' 5""",240,23,L,L,1B,77
699127,Luis Castillo,2003-10-11,"6' 0""",175,22,L,L,OF,72
815152,Theo Hardy,2001-11-27,"6' 1""",185,24,S,R,SS,73
692216,CJ Kayfus,2001-10-28,"5' 11""",192,24,L,L,LF,71
701394,Zach Ehrhard,2003-01-21,"5' 9""",190,23,R,R,OF,69
680519,Mario Camilletti,1999-04-19,"5' 7""",195,27,L,R,2B,67
694410,LuJames Groover,2002-04-16,"6' 2""",212,24,R,R,3B,74
702889,Andy Lugo,2004-03-15,"6' 0""",160,22,R,R,IF,72
822578,Brandon Butterworth,2002-08-29,"5' 9""",168,23,R,R,SS,69
694378,Jacob Gonzalez,2002-05-30,"6' 2""",205,23,L,R,SS,74
815304,Josh Adamczewski,2005-05-10,"5' 11""",190,20,L,R,SS,71
814444,Will Turner,2002-09-18,"5' 11""",200,23,L,L,OF,71
666194,Cooper Johnson,1998-04-25,"6' 0""",209,28,R,R,C,72
813841,Jonah Cox,2001-08-04,"6' 2""",204,24,R,R,CF,74
695735,Creed Willems,2003-06-04,"5' 11""",225,22,L,R,C,71
688617,Michael Snyder,2000-09-16,"6' 3""",230,25,R,R,3B,75
801881,Jacob Jenkins-Cowart,2002-12-24,"6' 6""",212,23,L,R,OF,78
668785,Brandon Martorano,1998-01-06,"6' 2""",198,28,R,R,C,74
804606,Konnor Griffin,2006-04-24,"6' 3""",222,20,R,R,SS,75
703804,Romeo Sanabria,2002-05-02,"6' 3""",200,24,L,R,1B,75
801276,Juan Matheus,2004-04-29,"5' 9""",155,22,S,R,SS,69
694320,Jack Costello,2001-05-17,"6' 0""",205,24,R,R,3B,72
808129,Juan Flores,2006-02-13,"5' 10""",215,20,R,R,C,70
702463,Aaron McKeithan,1999-12-13,"5' 11""",225,26,R,R,C,71
811965,Joshua Kuroda-Grauer,2003-01-31,"5' 10""",205,23,R,R,SS,70
703204,Esmith Pineda,2004-11-13,"5' 11""",196,21,R,R,OF,71
815089,Coby Morales,2001-12-05,"6' 1""",225,24,L,R,OF,73
694369,Cole Foster,2001-10-08,"6' 1""",211,24,S,R,SS,73
686744,Jake Snider,1998-05-19,"5' 10""",190,27,L,R,CF,70
828473,Zach Evans,2002-07-16,"6' 3""",210,23,R,R,SS,75
694380,Jack Moss,2001-10-30,"6' 4""",205,24,L,R,1B,76
800266,Yordalin Peña,2004-09-17,"6' 3""",177,21,R,R,OF,75
814413,Ian Petrutz,2002-08-26,"6' 0""",210,23,L,L,OF,72
701682,Braedon Karpathios,2003-06-19,"5' 11""",186,22,L,L,OF,71
800176,Carlos Sanchez,2005-01-12,"6' 1""",177,21,L,R,3B,73
674976,Griffin Lockwood-Powell,1998-02-23,"6' 2""",195,28,R,R,C,74
695524,Jacob Cozart,2003-01-09,"6' 2""",214,23,L,R,C,74
805126,Charlie Szykowny,2000-06-30,"6' 4""",236,25,L,R,3B,76
691292,Angel Ortiz,2002-10-03,"6' 0""",180,23,L,L,CF,72
694049,Nomar Fana,2002-09-28,"5' 10""",175,23,S,R,LF,70
800957,Brendan Jones,2002-04-24,"5' 9""",180,24,L,L,CF,69
702906,Wilfredo Lara,2004-04-28,"5' 10""",180,22,R,R,3B,70
702501,Eli Serrano III,2003-05-01,"6' 5""",201,23,L,L,OF,77
695501,Blake Burke,2003-06-11,"6' 3""",236,22,L,L,1B,75
800254,Abrahan Ramirez,2004-10-08,"5' 9""",150,21,L,R,2B,69
814458,Fenwick Trimble,2002-08-29,"6' 2""",205,23,R,R,OF,74
815908,Jesús Made,2007-05-08,"6' 1""",221,18,S,R,SS,73
678173,David McCabe,2000-03-25,"6' 3""",230,26,S,R,3B,75
815268,Patrick Lee,1999-10-19,"5' 9""",180,26,R,R,OF,69
700243,Payton Green,2003-01-17,"6' 3""",205,23,R,R,SS,75
692944,Kevin Villavicencio,2003-11-24,"5' 10""",172,22,R,R,SS,70
701401,Canyon Brown,2003-08-07,"6' 0""",190,22,R,R,C,72
813883,Ryan Ignoffo,2000-07-21,"5' 9""",225,25,R,R,C,69
681080,Caleb Ricketts,2000-05-10,"6' 3""",225,25,L,R,C,75
805811,Bryce Eldridge,2004-10-20,"6' 7""",251,21,L,R,1B,79
814442,Ivan Brethowr,2003-02-27,"6' 6""",250,23,R,R,RF,78
694876,Cooper Ingle,2002-02-23,"5' 8""",190,24,L,R,C,68
805062,Joan Delgado,2004-12-07,"5' 10""",165,21,R,R,OF,70
814172,Chase Jaworsky,2004-07-31,"5' 11""",171,21,L,R,SS,71
702391,Demetrio Nadal,2004-07-03,"5' 7""",125,21,R,R,OF,67
821270,Luis Peña,2006-11-13,"5' 11""",185,19,R,R,SS,71
701392,Marco Dinges,2003-09-05,"5' 11""",190,22,R,R,C,71
800540,Hector Osorio,2005-04-06,"6' 0""",150,21,L,L,CF,72
806230,Sammy Stafura,2004-11-15,"6' 0""",188,21,R,R,SS,72
702550,Chandler Pollard,2004-05-03,"6' 0""",173,22,R,R,OF,72
805058,Luis Marquez,2005-08-31,"5' 10""",150,20,R,R,IF,70
802541,Bryan Broecker,2002-01-26,"6' 1""",200,24,R,R,C,73
801525,Wady Mendez,2004-10-14,"6' 0""",155,21,L,L,CF,72
815306,Rio Foster,2003-06-18,"6' 3""",219,22,R,R,OF,75
800434,Jose Alpuria,2005-02-12,"6' 2""",160,21,R,R,CF,74
800478,Kleimir Lemos,2005-06-03,"6' 1""",175,20,S,R,3B,73
815067,Aidan Longwell,2001-10-17,"6' 0""",205,24,L,L,1B,72
827665,Dillon Lewis,2003-06-12,"6' 3""",205,22,R,R,OF,75
686960,Nate Baez,2001-05-17,"5' 11""",191,24,R,R,C,71
696141,Ryan Wrobleski,2000-02-02,"5' 11""",196,26,R,R,C,71
814091,John Wimmer,2005-03-21,"6' 1""",170,21,R,R,SS,73
814430,Brett Callahan,2001-11-02,"6' 0""",195,24,L,R,OF,72
800393,Yeremy Cabrera,2005-07-02,"5' 11""",155,20,L,L,CF,71
827264,Ryan Picollo,2002-04-25,"6' 5""",225,24,R,R,OF,77
703194,Randy De Jesus,2005-02-13,"6' 4""",239,21,R,R,OF,76
700321,Andy Perez,2004-06-03,"6' 3""",165,21,L,R,SS,75
802459,Ryan Johnson,2000-12-27,"5' 11""",175,25,R,R,2B,71
800508,Franyerber Montilla,2005-04-15,"6' 0""",160,21,S,R,SS,72
690804,Ryan Nicholson,2000-08-29,"6' 4""",226,25,L,L,1B,76
815464,Lisbel Diaz,2005-07-19,"6' 2""",204,20,R,R,OF,74
811765,Deniel Ortiz,2004-08-24,"6' 1""",230,21,R,R,3B,73
682775,Kervin Pichardo,2001-10-15,"5' 11""",195,24,R,R,SS,71
690944,Curtis Washington Jr.,2000-05-22,"6' 2""",180,25,R,R,OF,74
807722,Maxton Martin,2005-05-05,"6' 0""",205,21,L,R,OF,72
800724,Eric Bitonti,2005-11-17,"6' 5""",218,20,L,R,SS,77
815039,Dustin Dickerson,2001-03-28,"6' 0""",180,25,R,R,SS,72
808326,Pablo Guerrero,2006-07-31,"5' 11""",200,19,R,R,OF,71
691405,Juan Benjamin,2003-04-25,"5' 8""",170,23,S,R,SS,68
800203,Kevyn Castillo,2005-06-12,"5' 10""",170,20,L,L,CF,70
815299,Will Verdung,2003-06-08,"6' 2""",200,22,R,R,3B,74
805931,Caleb Hobson,2002-01-24,"6' 0""",193,24,R,R,OF,72
800257,Yonatan Henriquez,2004-10-12,"5' 10""",185,21,S,R,SS,70
815874,Nick Roselli,2003-03-31,"5' 10""",200,23,L,R,2B,70
806441,Nehomar Ochoa Jr.,2005-07-31,"6' 4""",230,20,R,R,OF,76
801406,Jared Dickey,2002-03-01,"6' 0""",205,24,L,R,RF,72
678577,Junior Perez,2001-07-04,"6' 0""",165,24,R,R,CF,72
824615,Connor Hujsak,2002-01-25,"6' 2""",200,24,R,R,OF,74
803142,Tommy Hawke,2002-07-07,"5' 8""",151,23,L,R,OF,68
703177,Jhonny Severino,2004-11-08,"6' 2""",185,21,R,R,SS,74
701587,Rodney Green Jr.,2003-04-12,"6' 3""",210,23,L,L,OF,75
813844,Will Bush,2004-03-04,"6' 1""",235,22,L,R,C,73
801471,Austin Deming,1999-12-21,"5' 11""",213,26,R,R,3B,71
814299,Pascanel Ferreras,2001-11-25,"5' 7""",185,24,R,R,SS,67
694387,Christian Knapczyk,2001-12-16,"5' 8""",163,24,L,R,SS,68
702114,John Michael Faile,2000-05-11,"5' 11""",218,25,R,R,C,71
685274,Braiden Ward,1999-01-18,"5' 9""",160,27,L,R,CF,69
802117,Patrick Clohisy,2001-12-06,"5' 10""",190,24,L,L,OF,70
802959,Max Holy,2002-07-11,"6' 0""",185,23,R,R,SS,72
806367,Turner Hill,1999-04-04,"5' 10""",198,27,L,L,OF,70
806957,Alfredo Duno,2006-01-07,"6' 2""",210,20,R,R,C,74
815551,Trey Snyder,2005-09-21,"6' 1""",197,20,R,R,SS,73
828335,Titus Dumitru,2003-05-17,"6' 1""",220,22,R,R,OF,73
702140,Ruben Ibarra,1999-04-26,"6' 3""",290,27,R,R,1B,75
806212,Stone Russell,2004-06-17,"6' 1""",200,21,R,R,C,73
677338,GJ Hill,2000-09-30,"5' 9""",170,25,S,R,SS,69
806263,Brandon Winokur,2004-12-16,"6' 5""",210,21,R,R,OF,77
808767,Jared Wegner,1999-07-25,"6' 0""",220,26,R,R,OF,72
686952,Kyle Dernedde,2000-11-08,"5' 9""",180,25,R,R,SS,69
686810,Brennan Milone,2001-05-06,"6' 1""",198,25,R,R,3B,73
806252,Ralphy Velazquez,2005-05-28,"6' 1""",240,20,L,R,1B,73
691794,Cody Schrier,2003-03-03,"6' 1""",215,23,R,R,SS,73
804603,Duncan Pastore,2000-05-27,"6' 1""",200,25,R,R,3B,73
702544,Jacob Reimer,2004-02-22,"6' 0""",205,22,R,R,3B,72
687918,Braylen Wimmer,2000-12-27,"6' 3""",200,25,R,R,SS,75
694808,Zach Kokoska,1998-10-20,"6' 0""",200,27,L,L,OF,72
694834,Tyler Wilson,2002-07-10,"6' 1""",210,23,S,R,OF,73
690970,Corey Collins,2001-10-10,"6' 3""",236,24,L,R,1B,75
806995,Filippo Di Turi,2005-11-09,"5' 11""",165,20,S,R,SS,71
828319,Marshall Toole,2003-03-17,"5' 11""",185,23,L,R,OF,71
694197,Angel Genao,2004-05-19,"5' 11""",150,21,S,R,3B,71
676038,Skyler Messinger,1998-11-01,"6' 3""",220,27,R,R,3B,75
823703,Anthony Donofrio,2000-06-28,"6' 3""",195,25,L,R,OF,75
807007,Jeremy Rodriguez,2006-07-04,"6' 0""",170,19,L,R,SS,72
814409,Seaver King,2003-04-25,"6' 0""",195,23,R,R,SS,72
805347,Jim Jarvis,2000-11-06,"5' 9""",190,25,L,R,SS,69
815589,Bo Davidson,2002-07-05,"6' 1""",225,23,L,R,OF,73
676063,Shane McGuire,1999-04-12,"5' 11""",195,27,L,R,C,71
825761,Ryan Cesarini,2002-12-16,"5' 10""",211,23,L,R,OF,70
694742,Josh Moylan,2002-07-03,"6' 3""",216,23,L,R,1B,75
683233,Douglas Hodo III,2000-09-25,"5' 10""",185,25,R,R,OF,70
698929,Jesus Hernandez,2004-02-20,"5' 9""",150,22,R,R,SS,69
800377,Angel Mateo,2005-02-13,"6' 1""",190,21,R,R,OF,73
800449,Thomas Sosa,2005-01-18,"6' 4""",160,21,L,L,OF,76
814435,Jacob Sharp,2001-09-15,"5' 7""",180,24,R,R,C,67
696486,James Tibbs III,2002-10-01,"5' 11""",201,23,L,L,RF,71
800169,Aroon Escobar,2005-01-01,"5' 9""",180,21,R,R,3B,69
800448,Echedry Vargas,2005-02-27,"5' 11""",170,21,R,R,SS,71
703202,Leandro Arias,2005-02-05,"6' 1""",155,21,S,R,SS,73
699053,Christopher Espinola,2003-09-19,"5' 7""",165,22,L,L,OF,67
702679,Demetrio Crisantes,2004-09-05,"6' 0""",178,21,R,R,SS,72
803175,Ethan Anderson,2003-09-21,"6' 1""",215,22,S,R,C,73
806176,Jose Ortiz,2005-02-13,"5' 9""",192,21,R,R,OF,69
801075,Walker Janek,2002-09-24,"5' 11""",190,23,R,R,C,71
808768,Ben McLaughlin,2002-05-30,"6' 1""",210,23,L,R,3B,73
686196,Peter Burns,1999-10-14,"5' 10""",202,26,L,R,C,70
702556,Austin Overn,2003-05-10,"6' 0""",175,22,L,R,OF,72
684976,Johnathon Thomas,2000-03-01,"5' 7""",175,26,R,R,OF,67
815915,Joswa Lugo,2007-01-24,"6' 3""",187,19,R,R,SS,75
801256,Danny Gonzalez,2004-11-26,"6' 0""",160,21,R,R,OF,72
803475,Colby Jones,2003-09-30,"6' 0""",185,22,R,R,SS,72
681879,Nick Lucky,1999-12-25,"6' 0""",190,26,L,R,OF,72
806921,Yannic Walther,2004-04-12,"6' 0""",185,22,R,R,C,72
811289,Spencer Nivens,2001-11-16,"5' 11""",185,24,L,R,OF,71
686541,Drew Compton,2001-03-25,"6' 1""",212,25,S,R,3B,73
802005,Gunner Gouldsmith,2001-09-12,"5' 8""",170,24,S,R,SS,68
801978,Callan Moss,2003-08-31,"6' 3""",225,22,R,R,1B,75
807728,Carter Graham,2001-09-17,"6' 1""",228,24,R,R,1B,73
696142,Will Taylor,2003-01-10,"5' 11""",180,23,R,R,OF,71
821171,Dauri Fernandez,2007-03-07,"5' 9""",155,19,S,R,2B,69
814445,Jared Sprague-Lott,2001-10-10,"6' 0""",195,24,R,R,SS,72
687192,Cade Hunter,2000-11-29,"6' 1""",193,25,L,R,C,73
686639,Jack Dunn,1996-09-05,"6' 1""",185,29,R,R,SS,73
701784,Cam Clayton,2002-07-06,"6' 1""",205,23,R,R,SS,73
688551,Addison Kopack,2001-08-06,"6' 1""",220,24,R,R,3B,73
695023,Eddie Park,2001-08-22,"6' 1""",192,24,L,L,OF,73
699475,Mitchell Daly,2001-05-16,"6' 1""",185,24,R,R,2B,73
815150,Carter Frederick,2002-07-02,"6' 4""",235,23,R,R,OF,76
680935,Connor Pavolony,1999-10-25,"6' 0""",195,26,R,R,C,72
672013,T.J. Schofield-Sam,2001-06-20,"6' 1""",210,24,L,R,3B,73
825924,Jackson Strong,2003-08-26,"5' 11""",185,22,L,L,OF,71
675430,CJ Rodriguez,2000-07-07,"5' 8""",190,25,R,R,C,68
808291,Tyler Rodriguez,2006-02-08,"5' 10""",165,20,R,R,SS,70
681375,Matt Hogan,2000-01-24,"5' 11""",200,26,L,R,OF,71
807759,Estarling Mercado,2003-03-06,"6' 0""",195,23,L,R,OF,72
808279,Elian Soto,2006-01-10,"6' 1""",182,20,L,R,OF,73
815697,Arturo Disla,2000-10-08,"6' 2""",240,25,R,R,1B,74
814528,Sam Kulasingam,2001-07-10,"6' 1""",185,24,S,R,3B,73
694953,C.J. Pittaro,2001-10-16,"6' 1""",204,24,L,R,SS,73
809331,Brian Sanchez,2004-07-04,"6' 3""",170,21,L,R,LF,75
815653,Tyson Lewis,2006-01-10,"6' 1""",195,20,L,R,SS,73
702467,Tommy Specht,2004-06-24,"6' 3""",200,21,L,R,OF,75
800106,Marcos Torres,2004-09-30,"5' 11""",163,21,L,L,OF,71
815904,Leonardo Pineda,2007-04-21,"5' 11""",185,19,R,R,OF,71
686404,Wuilfredo Antunez,2002-05-16,"5' 11""",193,23,L,R,CF,71
827628,Garrett Howe,2002-07-12,"5' 8""",178,23,L,R,SS,68
807276,Dante Nori,2004-10-07,"5' 9""",190,21,L,L,OF,69
821657,Gabriel Rodriguez,2007-05-03,"6' 0""",161,19,L,R,SS,72
801430,Brayden Jobert,2000-11-14,"6' 1""",209,25,L,R,OF,73
699229,Alexander Benua,2003-10-19,"6' 2""",185,22,R,R,SS,74
683569,Jose Colmenares,2002-04-03,"5' 11""",193,24,R,R,SS,71
692238,Parks Harber,2001-09-25,"6' 3""",217,24,R,R,3B,75
701548,Ali Camarillo,2003-05-15,"6' 0""",180,22,R,R,SS,72
702920,Konner Piotto,1998-01-01,"5' 9""",195,28,L,R,C,69
803015,Ben Hartl,2003-01-07,"5' 10""",210,23,R,R,C,70
814194,Quinn McDaniel,2002-09-27,"5' 9""",191,23,R,R,2B,69
815734,Dylan Jasso,2002-11-30,"6' 1""",208,23,R,R,1B,73
814451,Jakob Christian,2002-09-17,"6' 5""",232,23,R,R,OF,77
683353,Connor Caskenette,2002-06-14,"6' 0""",215,23,R,R,C,72
821262,José Anderson,2006-11-28,"6' 0""",183,19,R,R,OF,72
804241,Zach Levenson,2002-03-06,"6' 0""",211,24,R,R,OF,72
701860,Carter Cunningham,2000-11-06,"6' 4""",220,25,L,R,OF,76
800406,Aron Estrada,2005-01-13,"5' 11""",142,21,S,R,2B,71
803172,Griff O'Ferrall,2003-02-02,"6' 1""",195,23,R,R,SS,73
695467,Juan Montero,2002-06-10,"5' 8""",180,23,R,R,C,68
808236,Luiyin Alastre,2005-09-27,"5' 10""",160,20,S,R,SS,70
813894,Tyler Herron,2003-06-20,"6' 1""",190,22,R,R,C,73
699027,José Suárez,2004-08-09,"6' 3""",200,21,R,R,OF,75
701177,Nick Cimillo,2000-02-23,"6' 2""",223,26,R,R,C,74
805366,Cole Urman,2001-07-28,"6' 0""",195,24,R,R,C,72
804446,Eddie Micheletti Jr.,2001-12-29,"6' 0""",225,24,L,R,OF,72
694318,Austin St. Laurent,2002-07-13,"6' 0""",190,23,R,R,3B,72
803011,Sam Antonacci,2003-02-06,"5' 11""",193,23,L,R,LF,71
813922,Jack Lines,2005-11-08,"6' 0""",170,20,L,R,SS,72
680740,Kyle Hess,1999-05-20,"6' 0""",210,26,L,R,OF,72
806963,Brando Mayea,2005-09-12,"5' 10""",175,20,R,R,OF,70
701689,Vance Honeycutt,2003-05-17,"6' 3""",205,22,R,R,OF,75
691605,Miguel Briceno,2003-07-06,"5' 9""",155,22,R,R,SS,69
701696,Ryan Stafford,2003-01-15,"5' 10""",180,23,R,R,C,70
694065,Arxy Hernandez,2003-07-29,"6' 2""",170,22,R,R,3B,74
807714,Carter Trice,2002-08-23,"5' 11""",200,23,R,R,2B,71
815793,Carter Johnson,2006-02-22,"6' 2""",180,20,L,R,SS,74
694806,Brandon Eike,2001-10-01,"6' 0""",220,24,R,R,3B,72
808083,Kelvin Alcantara,2005-09-15,"6' 0""",165,20,L,L,OF,72
808864,Raider Tello,2001-02-25,"6' 0""",205,25,R,R,SS,72
694977,Nate Nankil,2002-10-16,"6' 2""",210,23,R,R,OF,74
688875,Trace Willhoite,2000-11-17,"6' 3""",200,25,R,R,3B,75
805319,Dervy Ventura,2004-01-20,"5' 10""",165,22,S,R,SS,70
677673,Imanol Vargas,1998-06-29,"6' 3""",215,27,L,R,OF,75
814440,Weston Eberly,2001-01-07,"6' 0""",200,25,R,R,C,72
702488,Logan Wagner,2004-03-09,"6' 1""",200,22,S,R,SS,73
805951,Boston Baro,2004-08-23,"6' 0""",170,21,L,R,SS,72
684541,Sahid Valenzuela,1997-09-16,"5' 8""",185,28,S,R,SS,68
701805,Josh Caron,2003-08-03,"5' 11""",215,22,R,R,C,71
691897,Diego Gonzalez,2003-06-07,"5' 10""",160,22,R,R,SS,70
808267,Jose Monzon,2005-11-17,"6' 0""",160,20,L,R,3B,72
699166,Edgardo Ordonez,2003-09-24,"5' 11""",155,22,L,R,C,71
699615,Brandon Pimentel,2000-06-16,"6' 3""",210,25,L,L,OF,75
806965,Starlyn Caba,2005-12-06,"5' 9""",160,20,S,R,SS,69
691944,Mac Guscette,2002-02-14,"6' 0""",190,24,R,R,C,72
806611,Jancel Villarroel,2005-01-17,"5' 8""",202,21,R,R,C,68
701481,Ryan Campos,2002-10-16,"5' 8""",190,23,L,R,C,68
686793,J.T. Arruda,1997-10-20,"5' 10""",180,28,S,R,SS,70
806993,German Ramirez,2006-07-28,"6' 1""",179,19,R,R,SS,73
814188,Jayson Bass,2006-04-29,"5' 11""",165,20,S,R,OF,71
806988,Welbyn Francisca,2006-05-17,"5' 8""",148,19,S,R,SS,68
800356,Franyer Noria,2004-09-24,"5' 10""",135,21,R,R,SS,70
825334,Ethan Wagner,2005-08-05,"6' 0""",215,20,R,R,OF,72
687751,Cortland Lawson,2000-05-12,"6' 2""",200,25,R,R,SS,74
687628,Justin Boyd,2001-03-30,"6' 0""",201,25,R,R,RF,72
703639,Nico Perez,2004-09-20,"5' 10""",175,21,R,R,SS,70
828599,Lucas Spence,2003-01-27,"6' 0""",195,23,L,L,OF,72
694170,Dyan Jorge,2003-03-18,"6' 2""",170,23,R,R,SS,74
801629,Cade McGee,2003-01-12,"6' 1""",195,23,R,R,3B,73
807267,JD Dix,2005-10-12,"6' 2""",180,20,S,R,SS,74
681275,Jose Gonzalez,2000-08-15,"6' 0""",220,25,L,L,OF,72
806394,Robert Brooks,1998-11-21,"5' 8""",215,27,R,R,C,68
696286,Davis Diaz,2003-03-02,"5' 10""",188,23,R,R,C,70
703205,Fraymi De Leon,2004-09-28,"5' 10""",155,21,R,R,SS,70
824028,Gage Miller,2003-03-01,"5' 11""",205,23,R,R,2B,71
807257,Ty Southisene,2005-07-08,"5' 7""",170,20,R,R,SS,67
693832,Tre Richardson III,2001-12-02,"5' 9""",165,24,R,R,SS,69
691116,Jesus Ordonez,1999-12-26,"5' 8""",180,26,R,R,C,68
806152,Walker Martin,2004-02-20,"6' 3""",215,22,L,R,SS,75
671217,Sam Praytor,1999-04-04,"5' 9""",210,27,R,R,C,69
808288,Luis Lameda,2006-01-17,"5' 10""",160,20,S,R,SS,70
700720,Luis Pino,2004-02-07,"5' 11""",175,22,R,R,CF,71
801938,Avery Owusu-Asiedu,2003-06-16,"6' 4""",230,22,R,R,CF,76
802353,Christian Martin,2003-01-16,"5' 10""",185,23,L,R,SS,70
703606,Jared Thomas,2003-07-01,"6' 1""",185,22,L,L,OF,73
686638,Hunter Fitz-Gerald,2000-12-09,"6' 5""",230,25,L,R,3B,77
700164,Bryant Betancourt,2003-10-12,"5' 10""",202,22,L,R,C,70
803174,Anthony Stephan,2002-12-16,"5' 10""",195,23,L,R,OF,70
809244,Bryce Madron,2001-07-01,"5' 8""",175,24,L,L,OF,68
692371,Lizandro Espinoza,2002-11-20,"5' 7""",158,23,R,R,SS,67
669194,Ryne Nelson,1998-02-01,"6' 3""",184,28,R,R,P,75
829272,Shinnosuke Ogasawara,1997-10-08,"5' 11""",205,28,L,L,P,71
